-- phpMyAdmin SQL Dump
-- version 5.0.4
-- https://www.phpmyadmin.net/
--
-- Host: 127.0.0.1
-- Generation Time: Aug 03, 2021 at 09:35 AM
-- Server version: 10.4.17-MariaDB
-- PHP Version: 8.0.2

SET SQL_MODE = "NO_AUTO_VALUE_ON_ZERO";
START TRANSACTION;
SET time_zone = "+00:00";


/*!40101 SET @OLD_CHARACTER_SET_CLIENT=@@CHARACTER_SET_CLIENT */;
/*!40101 SET @OLD_CHARACTER_SET_RESULTS=@@CHARACTER_SET_RESULTS */;
/*!40101 SET @OLD_COLLATION_CONNECTION=@@COLLATION_CONNECTION */;
/*!40101 SET NAMES utf8mb4 */;

--
-- Database: `blog-cms`
--

-- --------------------------------------------------------

--
-- Table structure for table `adminlogin`
--

CREATE TABLE `adminlogin` (
  `admin_uuid` varchar(255) NOT NULL,
  `name` varchar(255) NOT NULL,
  `email` varchar(255) NOT NULL,
  `phone` varchar(255) NOT NULL,
  `password` varchar(255) NOT NULL,
  `access_id` varchar(255) NOT NULL,
  `account_status` varchar(255) NOT NULL,
  `from_ip` varchar(255) NOT NULL,
  `from_browser` varchar(255) NOT NULL,
  `time` varchar(255) NOT NULL
) ENGINE=InnoDB DEFAULT CHARSET=latin1;

--
-- Dumping data for table `adminlogin`
--

INSERT INTO `adminlogin` (`admin_uuid`, `name`, `email`, `phone`, `password`, `access_id`, `account_status`, `from_ip`, `from_browser`, `time`) VALUES
('6f64e593-ede7-4665-9917-b4776b7cfcab', 'admin', 'admin@gmail.com', '1234567890', '12b03226a6d8be9c6e8cd5e55dc6c7920caaa39df14aab92d5e3ea9340d1c8a4d3d0b8e4314f1f6ef131ba4bf1ceb9186ab87c801af0d5c95b1befb8cedae2b9', '2', 'active', '::1', 'Mozilla/5.0 (Windows NT 10.0; Win64; x64) AppleWebKit/537.36 (KHTML, like Gecko) Chrome/90.0.4430.212 Safari/537.36', 'Thu, 03 Jun 2021 15:39:29 +0530'),
('04d08937-4aa4-43ba-ba23-24a510cd70eb', 'hdtawde@gmail.com', 'hdtawde@gmail.com', '8104460774', '5d54510ccd96e5fed9b0cd62e9f042c9786d32ae1d69ee155773f1a8fc3fa2bb25f38edbed0d821604ef7db7cbff035d454236c88fd3a99c431f282c788ad9d7', '2', 'active', '::1', 'Mozilla/5.0 (Windows NT 10.0; Win64; x64) AppleWebKit/537.36 (KHTML, like Gecko) Chrome/91.0.4472.77 Safari/537.36', 'Sat, 05 Jun 2021 10:53:25 +0530');

-- --------------------------------------------------------

--
-- Table structure for table `articles`
--

CREATE TABLE `articles` (
  `id` int(11) NOT NULL,
  `article_id` varchar(255) DEFAULT NULL,
  `title` varchar(255) DEFAULT NULL,
  `slug` varchar(255) DEFAULT NULL,
  `date_of_posting` varchar(255) DEFAULT NULL,
  `time_of_posting` varchar(255) DEFAULT NULL,
  `hero_image` varchar(255) DEFAULT NULL,
  `excerpt` varchar(255) DEFAULT NULL,
  `content` longtext DEFAULT NULL,
  `type` varchar(255) DEFAULT NULL,
  `comments` varchar(255) NOT NULL,
  `from_ip` varchar(255) DEFAULT NULL,
  `from_browser` varchar(255) DEFAULT NULL,
  `hero_image_alt` varchar(255) DEFAULT NULL,
  `status` varchar(255) DEFAULT NULL,
  `keywords` varchar(255) DEFAULT NULL,
  `visibility` varchar(2555) NOT NULL,
  `meta_title` varchar(255) NOT NULL,
  `meta_url` varchar(255) NOT NULL,
  `meta_description` varchar(255) NOT NULL,
  `meta_image` varchar(255) NOT NULL,
  `created_at` varchar(255) NOT NULL,
  `updated_at` varchar(255) NOT NULL,
  `author_id` varchar(255) DEFAULT NULL
) ENGINE=InnoDB DEFAULT CHARSET=latin1;

--
-- Dumping data for table `articles`
--

INSERT INTO `articles` (`id`, `article_id`, `title`, `slug`, `date_of_posting`, `time_of_posting`, `hero_image`, `excerpt`, `content`, `type`, `comments`, `from_ip`, `from_browser`, `hero_image_alt`, `status`, `keywords`, `visibility`, `meta_title`, `meta_url`, `meta_description`, `meta_image`, `created_at`, `updated_at`, `author_id`) VALUES
(1, 'c014fb77-3d0c-43e5-918f-5339fa2b1c4d', 'mhn M UP Recruitment 2021: Notification Out For 797 CHO Posts', 'mhn-m-up-recruitment-2021-notification-out-for-797-cho-posts', '2021-07-14', '09:44', '1626248968.png', 'NHM UP Recruitment 2021: Notification Out For 797 CHO Posts', '<p><img alt=\"\" src=\"http://localhost:8080/blog-cms-admin/article-dashboard/PHP/uploads/NHM-UP-Recruitment-2021.png\" style=\"height:316px; width:500px\" /></p>\n\n<p>&nbsp;</p>\n\n<p>NHM UP has invited online applications for various posts of 797 CHOs or Community Health Officers under the Ayushman Bharat Scheme, Government of Uttar Pradesh envisioned strengthening Sub-Health Centers as Health and Wellness Centers (HWCs). Read the article below to know more about NHM UP Recruitment 2021 like the application process, eligibility criteria, vacancy details, online application link and much more.</p>\n\n<p>&nbsp;</p>\n\n<h2><span style=\"color:#e67e22\">NHM UP Recruitment 2021</span></h2>\n\n<p><strong>NHM UP Recruitment 2021:&nbsp;</strong>The National Health Mission (NHM), Uttar Pradesh has released an official notification inviting applications from eligible Indian citizens on 797 posts of Community Health Officers (CHOs) on its official website @upnrhm.gov.in against Advt No. 2021-22/1722.&nbsp;<strong>The online application process will be started from 28th July 2021 onwards and the last date to apply online is 17th August 2021.&nbsp;</strong>Read the article below for more details about NHM UP Recruitment 2021 regarding the eligibility, application process, selection process and much more.</p>\n\n<h2><span style=\"color:#e67e22\">NHM UP Recruitment 2021: Overview</span></h2>\n\n<p>The candidates must go through the table below to understand NHM UP Recruitment 2021.</p>\n\n<table style=\"width:510px\">\n	<tbody>\n		<tr>\n			<td colspan=\"2\"><strong>NHM UP Recruitment 2021</strong></td>\n		</tr>\n		<tr>\n			<td><strong>Organization Name</strong></td>\n			<td>National Health Mission, Uttar Pradesh (NHM UP)</td>\n		</tr>\n		<tr>\n			<td><strong>Post Name</strong></td>\n			<td>CHO</td>\n		</tr>\n		<tr>\n			<td><strong>Vacancies</strong></td>\n			<td>797 Posts</td>\n		</tr>\n		<tr>\n			<td><strong>Online Application Starts</strong></td>\n			<td><strong>28th July 2021</strong></td>\n		</tr>\n		<tr>\n			<td><strong>Last Date to Apply Online</strong></td>\n			<td><strong>17th August 2021</strong></td>\n		</tr>\n		<tr>\n			<td><strong>Mode Of Application</strong></td>\n			<td>Online</td>\n		</tr>\n		<tr>\n			<td><strong>Category</strong></td>\n			<td><a href=\"https://www.adda247.com/jobs\" rel=\"noopener noreferrer\" target=\"_blank\"><strong>Govt Jobs</strong></a></td>\n		</tr>\n		<tr>\n			<td><strong>Advt. No.</strong></td>\n			<td>2021-22/1722</td>\n		</tr>\n		<tr>\n			<td><strong>Official Website</strong></td>\n			<td>www.upnrhm.gov.in</td>\n		</tr>\n	</tbody>\n</table>\n\n<h2><span style=\"color:#e67e22\">NHM UP Notification PDF</span></h2>\n\n<p>The official notification for NHM UP Recruitment 2021 has been already released on the official website @upnrhm.gov.in. The interested candidates can download the detailed notification mentioning all the details regarding eligibility criteria, the application process, and much more regarding NHM UP Recruitment 2021 below.</p>\n\n<h2><span style=\"color:#e67e22\">NHM UP Recruitment 2021: Important Dates</span></h2>\n\n<p>All the important dates from the release of official notification for NHM UP Recruitment 2021 till the date of filling form has been given below for the reference purpose to the candidates</p>\n\n<table style=\"width:730px\">\n	<tbody>\n		<tr>\n			<td><strong>EVENTS</strong></td>\n			<td><strong>DATE</strong></td>\n		</tr>\n		<tr>\n			<td>Notification release Date</td>\n			<td>12th July 2021</td>\n		</tr>\n		<tr>\n			<td>Online Application Start Date</td>\n			<td>28th July 2021</td>\n		</tr>\n		<tr>\n			<td>Last date for applying Online</td>\n			<td>17th August 2021</td>\n		</tr>\n		<tr>\n			<td>Exam date</td>\n			<td>To be announced</td>\n		</tr>\n		<tr>\n			<td>Final Result</td>\n			<td>To be announced</td>\n		</tr>\n	</tbody>\n</table>\n\n<h2>NHM UP Vacancy Details</h2>\n\n<p>The Vacancy for NHM UP Recruitment 2021 is given below for a total of 797 posts of CHOs or Community Health Workers. The given table shows the various vacancies in different disciplines.</p>\n\n<table>\n	<tbody>\n		<tr>\n			<td><strong>Name of the Posts</strong></td>\n			<td><strong>No. of Posts</strong></td>\n		</tr>\n		<tr>\n			<td>CHO (Community Health Workers)</td>\n			<td>797 Posts</td>\n		</tr>\n		<tr>\n			<td><strong>Total</strong></td>\n			<td><strong>797 Posts</strong></td>\n		</tr>\n	</tbody>\n</table>\n\n<h2><span style=\"color:#e67e22\">NHM UP Eligibility Criteria</span></h2>\n\n<p>Before applying for the various posts above the candidate must go through the eligibility conditions and make sure he/she fulfils them with respect to educational qualification, as well as the age limit for NHM UP Recruitment 2021 which is given below:</p>\n\n<h3>Educational Qualification</h3>\n\n<p>The candidate must have the minimum educational qualifications with respect to the posts of NHM UP CHO which is passed B.Sc. (Nursing) with the integrated curriculum of Certificate in Community Health for Nurses (CCHN)</p>\n\n<p>OR</p>\n\n<p>Post Basic B.Sc. (Nursing) course with the integrated curriculum of Certificate in Community Health for Nurses (CCHN) from recognized Institute or University will be eligible to apply.<br />\nAND</p>\n\n<p>The Candidates must be registered as Nurse and Midwifery from UP Nurses &amp; Midwives Council and have a valid registration certificate at the time of online submission of application.</p>\n\n<h3>Age Limit (as on 17-08-2021)</h3>\n\n<p>The candidates applying must be of a&nbsp;<strong>minimum age of 18 years and maximum age is 35 years.&nbsp;</strong>The age relaxations will be as per guidelines in this regard.</p>\n\n<h2><span style=\"color:#e67e22\">NHM UP Online Application Link</span></h2>\n\n<p>The interested and eligible candidates who are willing to apply for the above mentioned various posts have to apply for the same by clicking on the link below to apply online or directly visit the official website @upnrhm.gov.in for the NHM UP Recruitment 2021.</p>\n\n<p>&nbsp;</p>\n\n<p>&nbsp;</p>\n', 'blogs', 'true', '::1', 'Mozilla/5.0 (Windows NT 10.0; Win64; x64) AppleWebKit/537.36 (KHTML, like Gecko) Chrome/91.0.4472.124 Safari/537.36', 'NHM UP Recruitment 2021: Notification Out For 797 CHO Posts', 'published', 'NHM,UP', 'public', 'mhn M UP Recruitment 2021: Notification Out For 797 CHO Posts', 'http://localhost:8080/blog-cms-admin/read/JOBS/NHM-Category/mhn-m-up-recruitment-2021-notification-out-for-797-cho-posts', 'NHM UP Recruitment 2021: Notification Out For 797 CHO Posts', 'http://localhost:8080/blog-cms-admin/assets/images/uploads/1626248968.png', 'Wed, 14 Jul 2021 13:19:28 +0530', 'Wed, 14 Jul 2021 13:19:28 +0530', '9514003d-8529-4176-9b69-a3f8b6bff1bf'),
(3, '0401c0c5-e1ed-47e8-85d5-d321e8bcf7ad', 'MC Chandigarh Recruitment 2021: For 279 Fireman, Station Fire Officer & Other Posts', 'mc-chandigarh-recruitment-2021-for-279-fireman-station-fire-officer-other-posts', '2021-07-14', '13:08', '1626261431.png', 'MC Chandigarh Recruitment 2021: For 279 Fireman, Station Fire Officer & Other Posts', '<h1><img alt=\"\" src=\"http://localhost:8080/blog-cms-admin/article-dashboard/PHP/uploads/Chandigarh-MC-Recruitment-2021.png\" style=\"height:189px; width:300px\" /></h1>\n\n<p>Chandigarh Municipal Corporation has invited online applications from eligible Indian citizens for 279 various posts that include Station Fire Officer, Fireman, and driver posts. Read the article below to know more about MC Chandigarh Recruitment 2021 like the application process, eligibility criteria, vacancy details, online application link and much more.</p>\n\n<p>Table of Contents</p>\n\n<h2><span style=\"color:#e67e22\">MC Chandigarh Recruitment 2021</span></h2>\n\n<p><strong>MC Chandigarh Recruitment 2021:&nbsp;</strong>MC Chandigarh Recruitment 2021, has released an official notification inviting online applications from eligible Indian citizens on 279 various posts mentioned below on its official website @mcchandigarh.gov.in.&nbsp;<strong>The online application process will be started from 12th July 2021 and the last date to apply online is 30th July 2021.&nbsp;</strong>Read the article below for more details about MC Chandigarh Recruitment 2021 regarding the eligibility, application process, selection process and much more.</p>\n\n<h2><span style=\"color:#e67e22\">MC Chandigarh Recruitment 2021: Overview</span></h2>\n\n<p>The candidates must go through the table below to understand MC Chandigarh Recruitment 2021.</p>\n\n<table border=\"1\" style=\"width:510px\">\n	<tbody>\n		<tr>\n			<td colspan=\"2\"><strong>MC Chandigarh Recruitment 2021</strong></td>\n		</tr>\n		<tr>\n			<td><strong>Organization Name</strong></td>\n			<td>Chandigarh Municipal Corporation</td>\n		</tr>\n		<tr>\n			<td><strong>Post Name</strong></td>\n			<td>Various Posts</td>\n		</tr>\n		<tr>\n			<td><strong>Vacancies</strong></td>\n			<td>279</td>\n		</tr>\n		<tr>\n			<td><strong>Online Application Starts</strong></td>\n			<td><strong>12th July 2021</strong></td>\n		</tr>\n		<tr>\n			<td><strong>Last Date to Apply Online</strong></td>\n			<td><strong>30th July 2021</strong></td>\n		</tr>\n		<tr>\n			<td><strong>Mode Of Application</strong></td>\n			<td>Online</td>\n		</tr>\n		<tr>\n			<td><strong>Category</strong></td>\n			<td><a href=\"https://www.adda247.com/jobs\" rel=\"noopener noreferrer\" target=\"_blank\"><strong>Govt Jobs</strong></a></td>\n		</tr>\n		<tr>\n			<td><strong>Job Location</strong></td>\n			<td>Punjab, Chandigarh</td>\n		</tr>\n		<tr>\n			<td><strong>Official Website</strong></td>\n			<td>www.mcchandigarh.gov.in</td>\n		</tr>\n	</tbody>\n</table>\n\n<h2><span style=\"color:#e67e22\">MC Chandigarh Notification PDF</span></h2>\n\n<p>The official notification for MC Chandigarh Recruitment 2021 has been already released on the official website @mcchandigarh.gov.in. The interested candidates can download the detailed notification mentioning all the details regarding eligibility criteria, the application process, and much more regarding MC Chandigarh Recruitment 2021 below.</p>\n\n<p><a class=\"simple-button-plugin\" href=\"https://www.adda247.com/jobs/wp-content/uploads/2021/07/06193836/Chandigarh-MC-Job-notification-2021.pdf\" style=\"display: inline-block; background-color: rgb(255, 85, 33); border: 1px solid rgb(255, 85, 33); padding: 5px 10px; border-radius: 5px; font-size: 14px; cursor: pointer; color: rgb(255, 255, 255) !important; text-decoration: none !important;\" target=\"_blank\">MC CHANDIGARH NOTIFICATION PDF</a></p>\n\n<p>&nbsp;</p>\n\n<h2><span style=\"color:#e67e22\">MC Chandigarh Recruitment 2021: Important Dates</span></h2>\n\n<p>All the important dates from the release of official notification for MC Chandigarh Recruitment 2021 till the date of filling form has been given below for the reference purpose to the candidates</p>\n\n<table border=\"1\" style=\"width:730px\">\n	<tbody>\n		<tr>\n			<td><strong>EVENTS</strong></td>\n			<td><strong>DATE</strong></td>\n		</tr>\n		<tr>\n			<td>Notification release Date</td>\n			<td>5th July 2021</td>\n		</tr>\n		<tr>\n			<td>Application Start Date</td>\n			<td>12th July 2021</td>\n		</tr>\n		<tr>\n			<td>Application Last Date</td>\n			<td>30th July 2021</td>\n		</tr>\n		<tr>\n			<td>Last date of submitting the application fee</td>\n			<td>03rd August 2021</td>\n		</tr>\n		<tr>\n			<td>Exam Date</td>\n			<td>To be announced</td>\n		</tr>\n	</tbody>\n</table>\n\n<h2>MC Chandigarh Vacancy Details</h2>\n\n<p>The Vacancy Distribution of MC Chandigarh Recruitment 2021 is given below for a total of 279 vacancies of Station Fire Officer, Fireman, and driver.</p>\n\n<table border=\"1\" style=\"width:564px\">\n	<thead>\n		<tr>\n			<td><strong>Name of the Posts</strong></td>\n			<td><strong>No. of posts</strong></td>\n		</tr>\n	</thead>\n	<tbody>\n		<tr>\n			<td>Station Fire Officer</td>\n			<td>03 Posts</td>\n		</tr>\n		<tr>\n			<td>Fire Man</td>\n			<td>220 Posts</td>\n		</tr>\n		<tr>\n			<td>Driver</td>\n			<td>56 Posts</td>\n		</tr>\n		<tr>\n			<td><strong>Total</strong></td>\n			<td><strong>279 Posts</strong></td>\n		</tr>\n	</tbody>\n</table>\n', 'blogs', 'true', '::1', 'Mozilla/5.0 (Windows NT 10.0; Win64; x64) AppleWebKit/537.36 (KHTML, like Gecko) Chrome/91.0.4472.124 Safari/537.36', 'MC Chandigarh Recruitment 2021: For 279 Fireman, Station Fire Officer & Other Posts', 'published', 'exams blogs', 'public', 'MC Chandigarh Recruitment 2021: For 279 Fireman, Station Fire Officer & Other Posts', 'http://localhost:8080/blog-cms-admin/read/States/Punjab/mc-chandigarh-recruitment-2021-for-279-fireman-station-fire-officer-other-posts', 'MC Chandigarh Recruitment 2021: For 279 Fireman, Station Fire Officer & Other Posts', 'http://localhost:8080/blog-cms-admin/assets/images/uploads/1626261431.png', 'Wed, 14 Jul 2021 16:47:10 +0530', 'Wed, 14 Jul 2021 16:47:10 +0530', '9514003d-8529-4176-9b69-a3f8b6bff1bf'),
(4, '8160959d-e716-4540-8aab-2ac5365923b8', 'Income Tax Department Recruitment 2021: Notification Out For 155 MTS, Tax Assistant and Income Tax Inspector', 'income-tax-department-recruitment-2021-notification-out-for-155-mts-tax-assistant-and-income-tax-inspector', '2021-07-14', '13:18', '1626263751.png', 'Income Tax Department Recruitment 2021: Notification Out For 155 MTS, Tax Assistant and Income Tax Inspector', '<p><img alt=\"\" src=\"http://localhost:8080/blog-cms-admin/article-dashboard/PHP/uploads/Income-Tax-Recruitment-2021.png\" style=\"height:189px; width:300px\" /></p>\n\n<p>Income Tax Department Mumbai is recruiting 155 Multi-Tasking Staff (MTS), Inspector of Income Tax and Tax Assistant under sports quota. The interested sportspersons can go through the detailed information related to vacancy, salary, eligibility, and other details as mentioned in the article below.</p>\n\n<h2><span style=\"color:#f39c12\">Income Tax Department Recruitment 2021</span></h2>\n\n<p>Income Tax Department Recruitment 2021: Income Tax Department, Mumbai has announced 155 vacancies for MTS, Tax Assistant, Income Tax Inspector posts on its official website on 08th July 2021. The meritorious sportsperson in certain games/sports disciplines will be recruited for these vacancies. The online registration process for 155 sports quota vacancies will be active till 25th August 2021. Go through the</p>\n\n<h2><span style=\"color:#f39c12\">Income Tax Department Recruitment 2021: Overview</span></h2>\n\n<p>The important information related to Income Tax Department Recruitment 2021 has been provided in the below overview table.</p>\n\n<table align=\"center\" border=\"1\" cellpadding=\"6\" cellspacing=\"0\">\n	<tbody>\n		<tr>\n			<td colspan=\"2\"><strong>Income Tax Department Recruitment 2021</strong></td>\n		</tr>\n		<tr>\n			<td><strong>Organization</strong></td>\n			<td>Income Tax Department Mumbai</td>\n		</tr>\n		<tr>\n			<td><strong>Posts</strong></td>\n			<td>MTS, Tax Assistant, Income Tax Inspector</td>\n		</tr>\n		<tr>\n			<td><strong>Number Of Vacancies</strong></td>\n			<td>155</td>\n		</tr>\n		<tr>\n			<td><strong>Application Mode</strong></td>\n			<td>Online</td>\n		</tr>\n		<tr>\n			<td><strong>Online Application</strong></td>\n			<td><strong>08th July 2021</strong></td>\n		</tr>\n		<tr>\n			<td><strong>Last Date to Apply</strong></td>\n			<td><strong>25th August 2021</strong></td>\n		</tr>\n		<tr>\n			<td><strong>Selection Process</strong></td>\n			<td>Document verification &amp; Proficiency test</td>\n		</tr>\n		<tr>\n			<td><strong>Location</strong></td>\n			<td>Mumbai</td>\n		</tr>\n		<tr>\n			<td><strong>Official Website</strong></td>\n			<td><strong>incometaxmumbai.in&nbsp;</strong>or&nbsp;<strong>incometaxmumbai.gov.in</strong></td>\n		</tr>\n	</tbody>\n</table>\n\n<h2><span style=\"color:#f39c12\">Income Tax Department Notification PDF</span></h2>\n\n<p>The officials have released the official notification for MTS, Tax Assistant, Income Tax Inspector posts under the sports quota on its official website @www.incometaxmumbai.in on 08th July 2021. A total of 155 vacancies will be filled through this recruitment drive, for more details about the Income Tax Department Recruitment 2021, go through the notification pdf from the below link.</p>\n\n<p><a href=\"https://www.adda247.com/jobs/wp-content/uploads/2021/07/08143526/Income-Tax-Department-Recruitment-2021.pdf\"><span style=\"color:#f39c12\">Income Tax Department Recruitment 2021- Download PDF</span></a></p>\n\n<p>&nbsp;</p>\n\n<h2><span style=\"color:#f39c12\">Income Tax Department Vacancy</span></h2>\n\n<p>A total of 155 vacancies have been announced for MTS, Tax Assistant, Income Tax Inspector posts for meritorious sportspersons which have been distributed as tabulated below.</p>\n\n<table border=\"0\" style=\"width:674px\">\n	<tbody>\n		<tr>\n			<td><strong>Name of the post</strong></td>\n			<td><strong>No. of Vacancies</strong></td>\n		</tr>\n		<tr>\n			<td>Inspector of Income-tax</td>\n			<td>08</td>\n		</tr>\n		<tr>\n			<td>Tax Assistant</td>\n			<td>83</td>\n		</tr>\n		<tr>\n			<td>Multi-tasking staff</td>\n			<td>64</td>\n		</tr>\n		<tr>\n			<td><strong>Total</strong></td>\n			<td><strong>155</strong></td>\n		</tr>\n	</tbody>\n</table>\n\n<p>&nbsp;</p>\n', 'blogs', 'true', '::1', 'Mozilla/5.0 (Windows NT 10.0; Win64; x64) AppleWebKit/537.36 (KHTML, like Gecko) Chrome/91.0.4472.124 Safari/537.36', 'Income Tax Department Recruitment 2021: Notification Out For 155 MTS, Tax Assistant and Income Tax Inspector', 'published', 'income tax', 'public', 'Income Tax Department Recruitment 2021: Notification Out For 155 MTS, Tax Assistant and Income Tax Inspector', 'http://localhost:8080/blog-cms-admin/read/Punjab/Income-tax-department/income-tax-department-recruitment-2021-notification-out-for-155-mts-tax-assistant-and-income-tax-inspector', 'Income Tax Department Recruitment 2021: Notification Out For 155 MTS, Tax Assistant and Income Tax Inspector', 'http://localhost:8080/blog-cms-admin/assets/images/uploads/1626263751.png', 'Wed, 14 Jul 2021 17:25:51 +0530', 'Wed, 14 Jul 2021 17:25:51 +0530', '9514003d-8529-4176-9b69-a3f8b6bff1bf'),
(5, 'c4395285-65e9-4e4e-a4ba-9d51ebbd9d4d', 'RSMSSB Agriculture Supervisor Recruitment 2021 Latest News: Revised Online Application', 'rsmssb-agriculture-supervisor-recruitment-2021-latest-news-revised-online-application', '2021-07-14', '14:25', '1626265715.png', 'RSMSSB Agriculture Supervisor Recruitment 2021 Latest News: Revised Online Application', '<p><img alt=\"\" src=\"http://localhost:8080/blog-cms-admin/article-dashboard/PHP/uploads/RSMSSB-Agriculture-Supervisor-Recruitment-2021-min.png\" style=\"height:189px; width:300px\" /></p>\n\n<p><strong>RSMSSB Agriculture Supervisor Recruitment 2021 Latest News:</strong>&nbsp;Rajasthan Subordinate and Ministerial Services Selection Board (RSMSSB) has revised the number of vacancies for the post of Agriculture Supervisor on 05th July 2021 against advt. no 01/2021 dated 05th February 2021 on the official website @rsmssb.rajasthan.gov.in.&nbsp;<strong>The candidates who have graduated in agriculture can now apply online for this job anytime from 08th July to 22nd July 2021 from the direct link provided in the article below.</strong>&nbsp;The candidates who have previously applied need not register again. Know the process to apply, eligibility criteria, application fee, and then apply online.</p>\n\n<p>Table of Contents</p>\n\n<h2><strong>RSMSSB Recruitment 2021: Overview</strong></h2>\n\n<p>Rajasthan Subordinate and Ministerial Services Selection Board will be recruiting candidates for Agriculture Supervisor (Krishi Parvekshak) for FY 2021-22. Check the overview table for RSMSSB Agriculture Supervisor Recruitment 2021.</p>\n\n<table>\n	<tbody>\n		<tr>\n			<td>Name of the organization</td>\n			<td>Rajasthan Subordinate and Ministerial Services Selection Board (RSMSSB)</td>\n		</tr>\n		<tr>\n			<td>Post Name</td>\n			<td>Agriculture Supervisor (Krishi Parvekshak)</td>\n		</tr>\n		<tr>\n			<td>Vacancies</td>\n			<td>2254</td>\n		</tr>\n		<tr>\n			<td>Advertisement</td>\n			<td>01/2021</td>\n		</tr>\n		<tr>\n			<td>Job Category</td>\n			<td><a href=\"https://www.adda247.com/jobs/govt-jobs-rajasthan\" rel=\"noopener noreferrer\" target=\"_blank\"><strong>Rajasthan Govt Jobs</strong></a></td>\n		</tr>\n		<tr>\n			<td>Starting Date to Apply Online</td>\n			<td><strong>08th July 2021</strong></td>\n		</tr>\n		<tr>\n			<td>Closing Date to Apply Online</td>\n			<td><strong>22nd July 2021</strong></td>\n		</tr>\n		<tr>\n			<td>Mode of Application</td>\n			<td>Online</td>\n		</tr>\n		<tr>\n			<td>Selection Process</td>\n			<td>Written Test- Document Verification- Medical Examination</td>\n		</tr>\n		<tr>\n			<td>Job Location</td>\n			<td>Rajasthan</td>\n		</tr>\n		<tr>\n			<td>Official Website</td>\n			<td>rsmssb.rajasthan.gov.in</td>\n		</tr>\n	</tbody>\n</table>\n\n<h2><strong>RSMSSB Agriculture Supervisor 2021: Notification</strong></h2>\n\n<p>Rajasthan Subordinate and Ministerial Services Selection Board has previously released a notification announcing 852 Agriculture supervisor posts on 05th February 2021. N<strong>ow, RSMSSB has revised the number of vacancies and reopened the online application process on 05th July 2021.</strong>&nbsp;Check the revised and previous notifications from the below links.</p>\n\n<h4><a href=\"http://localhost:8080/blog-cms-admin/article-dashboard/PHP/uploads/rsmssb-recruitment-2021.pdf\" rel=\"noopener noreferrer\" target=\"_blank\"><span style=\"color:#e67e22\">RSMSSB Agriculture Supervisor Notification PDF as on 05th Feb 2021</span></a></h4>\n\n<p>&nbsp;</p>\n', 'blogs', 'true', '::1', 'Mozilla/5.0 (Windows NT 10.0; Win64; x64) AppleWebKit/537.36 (KHTML, like Gecko) Chrome/91.0.4472.124 Safari/537.36', 'RSMSSB Agriculture Supervisor Recruitment 2021 Latest News: Revised Online Application', 'published', 'Agriculture', 'public', 'RSMSSB Agriculture Supervisor Recruitment 2021 Latest News: Revised Online Application', 'http://localhost:8080/blog-cms-admin/read/Agriculture/Supervisor-Recuirtment/rsmssb-agriculture-supervisor-recruitment-2021-latest-news-revised-online-application', 'RSMSSB Agriculture Supervisor Recruitment 2021 Latest News: Revised Online Application', 'http://localhost:8080/blog-cms-admin/assets/images/uploads/1626265715.png', 'Wed, 14 Jul 2021 17:58:34 +0530', 'Wed, 14 Jul 2021 17:58:34 +0530', '9514003d-8529-4176-9b69-a3f8b6bff1bf'),
(6, 'a34431c9-98ba-4346-be2f-e21c64d045f8', 'UPSC CMS Exam 2021 Notification Out: Apply Online Link For 838 Vacancies, Check Exam Date', 'upsc-cms-exam-2021-notification-out-apply-online-link-for-838-vacancies-check-exam-date', '2021-07-14', '14:31', '1626266021.png', 'UPSC CMS Exam 2021 Notification Out: Apply Online Link For 838 Vacancies, Check Exam Date', '<p><img alt=\"\" src=\"http://localhost:8080/blog-cms-admin/article-dashboard/PHP/uploads/UPSC-CMS-Recruitment-2021-min.png\" style=\"height:200px; width:318px\" /></p>\n\n<p>Union Public Service Commission (UPSC) has finally released the notification and announced the exam date for UPSC CMS Exam 2021. The interested candidates can go through the details for UPSC CMS Exam 2021 including important dates, educational qualification, age limit, selection process, exam pattern, syllabus from the below article.</p>\n\n<p>Table of Contents</p>\n\n<h2><span style=\"color:#f39c12\">UPSC CMS 2021 Notification</span></h2>\n\n<p><strong>UPSC CMS Recruitment 2021</strong>: Union Public Service Commission has finally released the official notification for Combined Medical Service CMS Exam 2021 on its official website @upsc.gov.in on 07th July 2021. A total of 838 Category I and Category II vacancies has been announced to be filled through UPSC CMS 2021 Exam.&nbsp;<strong>The interested and eligible candidates can fill the online application form on or before 27th July 2021.</strong>&nbsp;The direct link to apply has been provided in the article below.</p>\n\n<h2><span style=\"color:#f39c12\">UPSC CMS 2021 Exam Notification: Overview</span></h2>\n\n<p>Go through the overview table and know the important details about UPSC CMS Exam 2021.</p>\n\n<table style=\"width:843px\">\n	<tbody>\n		<tr>\n			<td colspan=\"2\"><strong>USPC CMS Notification 2021&nbsp;</strong></td>\n		</tr>\n		<tr>\n			<td><strong>Organization</strong></td>\n			<td>Union Public Service Commission</td>\n		</tr>\n		<tr>\n			<td><strong>Exam Name</strong></td>\n			<td>Combined Medical Service Examination-2021</td>\n		</tr>\n		<tr>\n			<td><strong>Vacancies</strong></td>\n			<td>838</td>\n		</tr>\n		<tr>\n			<td><strong>Apply Online Starts</strong></td>\n			<td><strong>07th July 2021</strong></td>\n		</tr>\n		<tr>\n			<td><strong>Last Date to Apply</strong></td>\n			<td><strong>27th July 2021</strong></td>\n		</tr>\n		<tr>\n			<td><strong>Category</strong></td>\n			<td><a href=\"https://www.adda247.com/jobs/government-jobs\" rel=\"noopener noreferrer\" target=\"_blank\"><strong>Govt. Jobs&nbsp;</strong></a></td>\n		</tr>\n		<tr>\n			<td><strong>Selection Process</strong></td>\n			<td>Written Exam, Interview</td>\n		</tr>\n		<tr>\n			<td><strong>Job Location</strong></td>\n			<td>Across India</td>\n		</tr>\n		<tr>\n			<td><strong>Official Website</strong></td>\n			<td><strong>upsc.gov.in</strong></td>\n		</tr>\n	</tbody>\n</table>\n\n<h2><span style=\"color:#f39c12\">UPSC CMS Notification PDF</span></h2>\n\n<p>Union Publis Service Commission has released the&nbsp;<strong>official notification for Combined Medical Services Exam 2021 on www.upsc.gov.in on 07th July 2021 against Notice no. 09/2021-CMS.</strong>&nbsp;The candidates who have been waiting for this opportunity can go through the official notification form the direct link below and apply before 27th July 2021.</p>\n\n<p>&nbsp;</p>\n', 'blogs', 'true', '::1', 'Mozilla/5.0 (Windows NT 10.0; Win64; x64) AppleWebKit/537.36 (KHTML, like Gecko) Chrome/91.0.4472.124 Safari/537.36', 'UPSC CMS Exam 2021 Notification Out: Apply Online Link For 838 Vacancies, Check Exam Date', 'published', 'UPSC,EXAMS', 'public', 'UPSC CMS Exam 2021 Notification Out: Apply Online Link For 838 Vacancies, Check Exam Date', 'http://localhost:8080/blog-cms-admin/read/JOBS/UPSC/upsc-cms-exam-2021-notification-out-apply-online-link-for-838-vacancies-check-exam-date', 'UPSC CMS Exam 2021 Notification Out: Apply Online Link For 838 Vacancies, Check Exam Date', 'http://localhost:8080/blog-cms-admin/assets/images/uploads/1626266021.png', 'Wed, 14 Jul 2021 18:03:40 +0530', 'Wed, 14 Jul 2021 18:03:40 +0530', '9514003d-8529-4176-9b69-a3f8b6bff1bf'),
(7, 'a08bb357-b2d5-4a19-b387-0e01b0361af5', 'PSSSB Supervisor Recruitment 2021: Notification Out For 112 Supervisor Vacancies', 'psssb-supervisor-recruitment-2021-notification-out-for-112-supervisor-vacancies', '2021-07-14', '14:40', '1626266515.png', 'PSSSB Supervisor Recruitment 2021: Notification Out For 112 Supervisor Vacancies', '<p><img alt=\"\" src=\"http://localhost:8080/blog-cms-admin/article-dashboard/PHP/uploads/PSSSB-Recruitment-2021-min.png\" style=\"height:189px; width:300px\" /></p>\n\n<h2><span style=\"color:#f39c12\">Punjab Anganwadi Recruitment 2021</span></h2>\n\n<p><strong>P</strong><strong>unjab Anganwadi Recruitment 2021</strong>: Department of Women and Child Development, Punjab Government has announced 4481 vacancies to be recruited for Anganwadi Worker, Mini Anganwadi Worker, and Anganwadi Helper pots in various districts of Punjab. The official notification has been released on sswcd.punjab.gov.in on 04th June 2021. The candidates interested in the posts can check their eligibility and number of vacancies released district-wise from the below article and&nbsp;<strong>send their duly filled application form to email id their concerned district offices before 03rd July 2021 (within 30 days of advertisement).&nbsp;</strong>The selection will be done on the basis of the Educational Qualification Based Merit List, Interview and Document Verification, and Medical Examination</p>\n\n<h2>Punjab Anganwadi Recruitment 2021: Overview</h2>\n\n<table style=\"width:896px\">\n	<tbody>\n		<tr>\n			<td colspan=\"2\" rowspan=\"1\"><strong>Punjab Anganwadi Recruitment 2021&nbsp;</strong>&nbsp;</td>\n		</tr>\n		<tr>\n			<td><strong>Organization Name</strong></td>\n			<td>Department of Women and Child Development, Punjab Government</td>\n		</tr>\n		<tr>\n			<td><strong>Post Name</strong></td>\n			<td>\n			<ul>\n				<li>Anganwadi Worker</li>\n				<li>Mini Anganwadi Worker</li>\n				<li>Anganwadi Helper</li>\n			</ul>\n			</td>\n		</tr>\n		<tr>\n			<td><strong>Vacancies</strong></td>\n			<td>4481</td>\n		</tr>\n		<tr>\n			<td><strong>Notification Release Date</strong></td>\n			<td><strong>04th June 2021&nbsp;</strong></td>\n		</tr>\n		<tr>\n			<td><strong>Last Date To Submit Application</strong></td>\n			<td><strong>03rd July 2021 (within 30 days of advertisement)</strong></td>\n		</tr>\n		<tr>\n			<td><strong>Category</strong></td>\n			<td><strong><a href=\"https://www.adda247.com/jobs/government-jobs\">Govt Jobs</a></strong></td>\n		</tr>\n		<tr>\n			<td><strong>Application Mode</strong></td>\n			<td>Email</td>\n		</tr>\n		<tr>\n			<td><strong>Job Location</strong></td>\n			<td>Punjab</td>\n		</tr>\n		<tr>\n			<td><strong>Official Site</strong></td>\n			<td><strong>@sswcd.punjab.gov.in</strong></td>\n		</tr>\n	</tbody>\n</table>\n\n<h2>Punjab Anganwadi Recruitment Notification</h2>\n\n<p>Department of Women and Child Development, Punjab Government has released the official notification for Anganwadi Workers &amp; Helpers posts on its official website&nbsp;<strong>@sswcd.punjab.gov.in on 04th June 2021&nbsp;</strong>announcing 4481 vacancies.&nbsp;The candidates who have been waiting for the Anganwadi recruitment can go through the notification released from the below link and check the vacancy details, eligibility, and other information.</p>\n\n<p>&nbsp;</p>\n\n<p><a href=\"http://localhost:8080/blog-cms-admin/article-dashboard/PHP/uploads/rsmssb-recruitment-2021.pdf\"><span style=\"color:#f39c12\">Punjab Anganwadi notification</span></a></p>\n\n<p>&nbsp;</p>\n', 'blogs', 'true', '::1', 'Mozilla/5.0 (Windows NT 10.0; Win64; x64) AppleWebKit/537.36 (KHTML, like Gecko) Chrome/91.0.4472.124 Safari/537.36', 'PSSSB Supervisor Recruitment 2021: Notification Out For 112 Supervisor Vacancies', 'published', 'psssb,punjab', 'public', 'PSSSB Supervisor Recruitment 2021: Notification Out For 112 Supervisor Vacancies', 'http://localhost:8080/blog-cms-admin/read/Punjab/PSSB/psssb-supervisor-recruitment-2021-notification-out-for-112-supervisor-vacancies', 'PSSSB Supervisor Recruitment 2021: Notification Out For 112 Supervisor Vacancies', 'http://localhost:8080/blog-cms-admin/assets/images/uploads/1626266515.png', 'Wed, 14 Jul 2021 18:11:54 +0530', 'Wed, 14 Jul 2021 18:11:54 +0530', '9514003d-8529-4176-9b69-a3f8b6bff1bf'),
(8, '52cbffaa-f81f-4803-b60d-faf5480312b6', 'Punjab Anganwadi Recruitment 2021: Notification Out For 4481 AWW', 'punjab-anganwadi-recruitment-2021-notification-out-for-4481-aww', '2021-07-14', '14:53', '1626267307.png', 'Punjab Anganwadi Recruitment 2021: Notification Out For 4481 AWW', '<h2><img alt=\"\" src=\"http://localhost:8080/blog-cms-admin/article-dashboard/PHP/uploads/Punjab-Anganwadi-min.png\" style=\"height:252px; width:400px\" /></h2>\n\n<h2><span style=\"color:#f39c12\">Punjab Anganwadi Recruitment 2021</span></h2>\n\n<p><strong>P</strong><strong>unjab Anganwadi Recruitment 2021</strong>: Department of Women and Child Development, Punjab Government has announced 4481 vacancies to be recruited for Anganwadi Worker, Mini Anganwadi Worker, and Anganwadi Helper pots in various districts of Punjab. The official notification has been released on sswcd.punjab.gov.in on 04th June 2021. The candidates interested in the posts can check their eligibility and number of vacancies released district-wise from the below article and&nbsp;<strong>send their duly filled application form to email id their concerned district offices before 03rd July 2021 (within 30 days of advertisement).&nbsp;</strong>The selection will be done on the basis of the Educational Qualification Based Merit List, Interview and Document Verification, and Medical Examination</p>\n\n<h2><span style=\"color:#f39c12\">Punjab Anganwadi Recruitment 2021: Overview</span></h2>\n\n<table style=\"width:896px\">\n	<tbody>\n		<tr>\n			<td colspan=\"2\" rowspan=\"1\"><strong>Punjab Anganwadi Recruitment 2021&nbsp;</strong>&nbsp;</td>\n		</tr>\n		<tr>\n			<td><strong>Organization Name</strong></td>\n			<td>Department of Women and Child Development, Punjab Government</td>\n		</tr>\n		<tr>\n			<td><strong>Post Name</strong></td>\n			<td>\n			<ul>\n				<li>Anganwadi Worker</li>\n				<li>Mini Anganwadi Worker</li>\n				<li>Anganwadi Helper</li>\n			</ul>\n			</td>\n		</tr>\n		<tr>\n			<td><strong>Vacancies</strong></td>\n			<td>4481</td>\n		</tr>\n		<tr>\n			<td><strong>Notification Release Date</strong></td>\n			<td><strong>04th June 2021&nbsp;</strong></td>\n		</tr>\n		<tr>\n			<td><strong>Last Date To Submit Application</strong></td>\n			<td><strong>03rd July 2021 (within 30 days of advertisement)</strong></td>\n		</tr>\n		<tr>\n			<td><strong>Category</strong></td>\n			<td><strong><a href=\"https://www.adda247.com/jobs/government-jobs\">Govt Jobs</a></strong></td>\n		</tr>\n		<tr>\n			<td><strong>Application Mode</strong></td>\n			<td>Email</td>\n		</tr>\n		<tr>\n			<td><strong>Job Location</strong></td>\n			<td>Punjab</td>\n		</tr>\n		<tr>\n			<td><strong>Official Site</strong></td>\n			<td><strong>@sswcd.punjab.gov.in</strong></td>\n		</tr>\n	</tbody>\n</table>\n\n<h2><span style=\"color:#f39c12\">Punjab Anganwadi Recruitment Notification</span></h2>\n\n<p>Department of Women and Child Development, Punjab Government has released the official notification for Anganwadi Workers &amp; Helpers posts on its official website&nbsp;<strong>@sswcd.punjab.gov.in on 04th June 2021&nbsp;</strong>announcing 4481 vacancies.&nbsp;The candidates who have been waiting for the Anganwadi recruitment can go through the notification released from the below link and check the vacancy details, eligibility, and other information.</p>\n', 'blogs', 'true', '::1', 'Mozilla/5.0 (Windows NT 10.0; Win64; x64) AppleWebKit/537.36 (KHTML, like Gecko) Chrome/91.0.4472.124 Safari/537.36', 'Punjab Anganwadi Recruitment 2021: Notification Out For 4481 AWW', 'published', 'Punajab,anganwadi', 'public', 'Punjab Anganwadi Recruitment 2021: Notification Out For 4481 AWW', 'http://localhost:8080/blog-cms-admin/read/States/Punjab/punjab-anganwadi-recruitment-2021-notification-out-for-4481-aww', 'Punjab Anganwadi Recruitment 2021: Notification Out For 4481 AWW', 'http://localhost:8080/blog-cms-admin/assets/images/uploads/1626267307.png', 'Wed, 14 Jul 2021 18:25:06 +0530', 'Wed, 14 Jul 2021 18:25:06 +0530', 'f8c84001-d11a-4647-bd0e-434815694a68'),
(9, '8cd05e8d-e7f6-46c8-8e05-073e1f1c4c9a', 'IBPS Clerk Syllabus and Exam Pattern 2021: Topic Wise Syllabus For Prelims + Mains Exam', 'ibps-clerk-syllabus-and-exam-pattern-2021-topic-wise-syllabus-for-prelims-mains-exam', '2021-07-15', '10:14', '1626337019.png', 'IBPS Clerk Syllabus and Exam Pattern 2021: Topic Wise Syllabus For Prelims + Mains Exam', '<h2><img alt=\"\" src=\"http://localhost:8080/blog-cms-admin/article-dashboard/PHP/uploads/IBPS-Clerk-Syllabus-min.png\" style=\"height:189px; width:300px\" /></h2>\n\n<h2><span style=\"color:#f39c12\">IBPS Clerk Syllabus and Exam Pattern 2021</span></h2>\n\n<p><strong>IBPS Clerk Syllabus 2021:&nbsp;</strong>IBPS Clerk Syllabus plays an important part in knowing the exam, a candidate is appearing for. It will help the candidates to prepare well for the upcoming&nbsp;<strong>Examination.</strong>&nbsp;To do well in the IBPS Clerk 2021 Exam, it is necessary to remain acquainted with the Latest IBPS Clerk Syllabus. We have given below the latest IBPS Clerk Syllabus and Exam Pattern 2021 in a detailed manner so that the candidates can plan their preparation accordingly.</p>\n\n<h2><span style=\"color:#f39c12\">IBPS Clerk Syllabus 2021: Overview</span></h2>\n\n<table style=\"width:793px\">\n	<tbody>\n		<tr>\n			<td>Exam Conducting Body</td>\n			<td>Institute of Banking Personnel Selection (IBPS)</td>\n		</tr>\n		<tr>\n			<td>Name of Exam</td>\n			<td>IBPS Clerk 2021</td>\n		</tr>\n		<tr>\n			<td>Post</td>\n			<td>Clerk</td>\n		</tr>\n		<tr>\n			<td>Selection Process</td>\n			<td>\n			<ol>\n				<li>Prelims</li>\n				<li>Mains</li>\n			</ol>\n			</td>\n		</tr>\n		<tr>\n			<td>Marks Segregation for<br />\n			IBPS Clerk Exam</td>\n			<td>\n			<ol>\n				<li>Prelims: 100 Marks</li>\n				<li>Mains: 200 Marks</li>\n			</ol>\n			</td>\n		</tr>\n		<tr>\n			<td>Duration of Exam</td>\n			<td>\n			<ol>\n				<li>IBPS Clerk Prelims: 1 Hour</li>\n				<li>IBPS Clerk Mains: 2 Hour 40 Minutes</li>\n			</ol>\n			</td>\n		</tr>\n		<tr>\n			<td>Marking scheme</td>\n			<td>1 mark each for every correct answer in Online Test</td>\n		</tr>\n		<tr>\n			<td>Negative marking</td>\n			<td>1/4th of the marks assigned to the question in MCQs</td>\n		</tr>\n		<tr>\n			<td>Mode of Examination</td>\n			<td>Online</td>\n		</tr>\n		<tr>\n			<td>Language of examination</td>\n			<td>English&nbsp;<strong>OR&nbsp;</strong>&nbsp;Hindi<br />\n			English Language paper has to be attempted in English only.</td>\n		</tr>\n	</tbody>\n</table>\n\n<h2><span style=\"color:#f39c12\">IBPS Clerk Syllabus 2021 and Exam Pattern</span></h2>\n\n<p>IBPS Clerk exam is no different from any other bank exams. While IBPS issues only the broad subjects, they can be further sub-divided into individual topics, based on the questions that have appeared in the exams over the past few years. The IBPS Clerk syllabus has two papers.&nbsp;<strong>There is no interview for the IBPS Clerk Exam.</strong><br />\n<strong>(i) IBPS Clerk Preliminary Exam Syllabus:</strong>&nbsp;IBPS Clerk Preliminary Exam Syllabus comprises of three sections broadly: Reasoning, Quantitative Aptitude, and English Language.</p>\n\n<p><strong>(ii) IBPS Clerk Mains Exam Syllabus:</strong>&nbsp;IBPS Clerk Mains Exam Syllabus comprises of four Sections broadly: Reasoning, Quantitative Aptitude, English Language, and an&nbsp;<strong>additional</strong>&nbsp;<strong>section</strong>&nbsp;of Computer Knowledge and General Awareness.<br />\nThere will be a negative marking of 0.25 for every incorrect answer in IBPS Exam 2021.</p>\n\n<h4>&nbsp;</h4>\n\n<h2><span style=\"color:#f39c12\">IBPS Clerk 2021 Exam Pattern For Prelims</span></h2>\n\n<p>The&nbsp;<a href=\"https://www.careerpower.in/ibps-clerk-syllabus-exam-pattern.html\">IBPS Prelims Exam</a>&nbsp;is of 100 marks of 1-hour duration with 20 minutes for each section.</p>\n\n<ul>\n	<li>The Prelims Stage of IBPS PO will have three sections of a total duration of 1 Hour.</li>\n	<li>There will be a total of 100 Multiple Choice Questions (MCQs).</li>\n	<li>Candidates will have to qualify in each of the three tests by securing minimum cut-off marks individually for each section to be decided by IBPS.</li>\n	<li>An adequate number of candidates in each category as decided by IBPS depending upon requirements will be shortlisted for Online Main Examination.</li>\n</ul>\n\n<table style=\"width:789px\">\n	<thead>\n		<tr>\n			<td>Sections</td>\n			<td>No. of Questions</td>\n			<td>Maximum Marks</td>\n			<td>Duration (in minutes)</td>\n		</tr>\n	</thead>\n	<tbody>\n		<tr>\n			<td>English Language</td>\n			<td>30</td>\n			<td>30</td>\n			<td>20</td>\n		</tr>\n		<tr>\n			<td>Numerical Ability</td>\n			<td>35</td>\n			<td>35</td>\n			<td>20</td>\n		</tr>\n		<tr>\n			<td>Reasoning Ability</td>\n			<td>35</td>\n			<td>35</td>\n			<td>20</td>\n		</tr>\n		<tr>\n			<td><strong>Total</strong></td>\n			<td><strong>100</strong></td>\n			<td><strong>100</strong></td>\n			<td>60</td>\n		</tr>\n	</tbody>\n</table>\n\n<h2><span style=\"color:#f39c12\">IBPS Clerk 2021 Exam Pattern For Mains</span></h2>\n\n<p>The IBPS Clerk Mains Exam has 190 questions that need to be completed in a time frame of&nbsp;160 minutes.</p>\n\n<ul>\n	<li>The IBPS Clerk Mains Exam will have a total of 190 questions with a duration of 160 Minutes.</li>\n	<li>There will be four sections in the IBPS Clerk Exam for Mains with different sectional timings.</li>\n	<li>Earlier, the&nbsp;<strong>Computer Aptitude and Reasoning Ability</strong>&nbsp;Section used to be conducted separately. But, as per the recent update by IBPS, both these sections have been amalgamated together constituting a total of 50 Marks.</li>\n</ul>\n\n<table style=\"width:862px\">\n	<thead>\n		<tr>\n			<td><strong>Sections</strong></td>\n			<td><strong>No. of Questions</strong></td>\n			<td><strong>Maximum Marks</strong></td>\n			<td><strong>Duration (in minutes)</strong></td>\n		</tr>\n	</thead>\n	<tbody>\n		<tr>\n			<td>Reasoning Ability &amp; Computer Aptitude</td>\n			<td>50</td>\n			<td>60</td>\n			<td>45</td>\n		</tr>\n		<tr>\n			<td>English Language</td>\n			<td>40</td>\n			<td>40</td>\n			<td>35</td>\n		</tr>\n		<tr>\n			<td>Quantitative Aptitude</td>\n			<td>50</td>\n			<td>50</td>\n			<td>45</td>\n		</tr>\n		<tr>\n			<td>General/ Financial Awareness</td>\n			<td>50</td>\n			<td>50</td>\n			<td>35</td>\n		</tr>\n		<tr>\n			<td><strong>Total</strong></td>\n			<td><strong>190</strong></td>\n			<td><strong>200</strong></td>\n			<td><strong>160</strong></td>\n		</tr>\n	</tbody>\n</table>\n\n<h2><span style=\"color:#f39c12\">IBPS Clerk Syllabus 2021 for Prelims Exam</span></h2>\n\n<p>The IBPS Clerk Prelims Exam broadly has three sections namely, Reasoning Ability, English Language and Quantitative Aptitude. The Latest Syllabus for IBPS Clerk Prelims Exam has been detailed below:</p>\n\n<p><strong>Reasoning Ability</strong></p>\n\n<p>Seating Arrangements, Puzzles, Inequalities, Syllogism, Input-Output, Data Sufficiency, Blood Relations, Order and Ranking, Alphanumeric Series, Distance and Direction, Verbal Reasoning</p>\n\n<p><strong>English Language</strong></p>\n\n<p>Cloze Test, Reading Comprehension, Spotting Errors, Sentence Improvement, Sentence Correction, Para Jumbles, Fill in the Blanks, Para/Sentence Completion</p>\n\n<p><strong>Quantitative Aptitude</strong></p>\n\n<p>Number Series, Data Interpretation, Simplification/ Approximation, Quadratic Equation, Data Sufficiency, Mensuration, Average, Profit and Loss, Ratio and Proportion, Work, Time, and Energy, Time and Distance, Probability, Relations, Simple and Compound Interest, Permutation and Combination</p>\n\n<p>Apart from these common subjects asked for all the posts, candidates are required to have Professional Knowledge as well, which can be tested in the mains part of the exam.</p>\n', 'blogs', 'true', '::1', 'Mozilla/5.0 (Windows NT 10.0; Win64; x64) AppleWebKit/537.36 (KHTML, like Gecko) Chrome/91.0.4472.124 Safari/537.36', 'IBPS Clerk Syllabus and Exam Pattern 2021: Topic Wise Syllabus For Prelims + Mains Exam', 'published', 'IBPS,CLERK,SYLLABUS', 'public', 'IBPS Clerk Syllabus and Exam Pattern 2021: Topic Wise Syllabus For Prelims + Mains Exam', 'http://localhost:8080/blog-cms-admin/read/IBPS-Clerk-Exam/IBPS-Clerk-Syllabus/ibps-clerk-syllabus-and-exam-pattern-2021-topic-wise-syllabus-for-prelims-mains-exam', 'IBPS Clerk Syllabus and Exam Pattern 2021: Topic Wise Syllabus For Prelims + Mains Exam', 'http://localhost:8080/blog-cms-admin/assets/images/uploads/1626337019.png', 'Thu, 15 Jul 2021 13:46:58 +0530', 'Thu, 15 Jul 2021 13:46:58 +0530', '9514003d-8529-4176-9b69-a3f8b6bff1bf'),
(10, '167ab659-589c-4ee7-91c2-317f51421c4a', 'IBPS Clerk Previous Year Question Paper: Practice With Question Paper PDFs with Solution', 'ibps-clerk-previous-year-question-paper-practice-with-question-paper-pdfs-with-solution', '2021-07-15', '10:17', '1626337177.png', 'IBPS Clerk Previous Year Question Paper: Practice With Question Paper PDFs with Solution', '<p><img alt=\"\" src=\"http://localhost:8080/blog-cms-admin/article-dashboard/PHP/uploads/IBPS-Clerk-previous-year-question-paper-min.png\" style=\"height:315px; width:500px\" /></p>\n\n<h2><span style=\"color:#e74c3c\">BPS Clerk Previous Year Question Paper</span></h2>\n\n<p><strong>IBPS Clerk Previous Year Question Paper</strong>: Every year Institute of Banking and Personnel Selection conducts exams to recruit candidates for Clerical posts in esteemed banks. The candidates who are dreaming to crack the upcoming IBPS Clerk 2021 and wondering how the exam pattern would be or confused in preparing a strategy, to begin with, their preparation, then previous year question papers is the only way to be familiar with the IBPS Clerk exam pattern.&nbsp;<strong>The official notification is expected to be released in July 2021, and the exams will be held tentaively in August &amp; September.</strong>&nbsp;So the interested candidates are advised to utilise this time and practice with the previous year question papers to crack the banking exam.</p>\n\n<h2><span style=\"color:#e74c3c\">IBPS Clerk Previous Year Question Paper with Solution PDF</span></h2>\n\n<p>IBPS select eligible candidates for Clerical Cadre posts through the Prelims &amp; Mains exam and the candidate have to qualify both stages with minimum cut off marks which are decided by the exam authority. Besides speed and accuracy, a candidate also needs proper time management and solving previous year question papers would be the best way. We have provided question papers of previously conducted&nbsp;<strong><a href=\"https://www.adda247.com/jobs/ibps-clerk\" rel=\"noopener noreferrer\" target=\"_blank\">IBPS Clerk</a></strong>&nbsp;exams, hoping these would be of great help for your exam preparation. Download the previous year question papers from the article below and start practising to know the difficulty of the exam and your weak areas.</p>\n\n<h3><span style=\"color:#e74c3c\">IBPS Clerk Memory Based Papers 2020</span></h3>\n\n<p>The candidates interested in the upcoming IBPS Clerk 2021, then go through the previous year pdfs provided here and practise with these. Download IBPS Clerk 2020 memory based papers from the below table.</p>\n\n<table>\n	<tbody>\n		<tr>\n			<td><strong>Exam</strong></td>\n			<td><strong>Questions PDF</strong></td>\n			<td><strong>Solutions PDF</strong></td>\n		</tr>\n		<tr>\n			<td>IBPS Clerk 2020 Memory Based Paper</td>\n			<td><a href=\"https://wpassets.adda247.com/wp-content/uploads/multisite/2020/12/06052358/Formatted-IBPS-Clerk-Prelims-2020-Memory-Based-Mock-Paper-Based-on-5th-December-Questions--1.pdf\" rel=\"noopener noreferrer\" target=\"_blank\"><strong>Click to Download</strong></a></td>\n			<td><a href=\"https://wpassets.adda247.com/wp-content/uploads/multisite/2020/12/06041218/Formatted-IBPS-Clerk-Prelims-2020-Memory-Based-Mock-Paper-Based-on-5th-December-Solutions-.pdf\" rel=\"noopener noreferrer\" target=\"_blank\"><strong>Click to Download</strong></a></td>\n		</tr>\n		<tr>\n			<td>IBPS Clerk 2020 Memory Based Paper (Hindi)</td>\n			<td colspan=\"2\"><a href=\"https://wpassets.adda247.com/wp-content/uploads/multisite/2020/12/06041242/Formatted-IBPS-Clerk-Prelims-2020-Memory-Based-Mock-Paper-Based-on-5th-December-Questions-Hindi-.pdf\" rel=\"noopener noreferrer\" target=\"_blank\"><strong>Click to Download</strong></a></td>\n		</tr>\n	</tbody>\n</table>\n\n<h3>IBPS Clerk Memory Based Papers 2019</h3>\n\n<p>The memory-based paper for IBPS Clerk 2019 Prelims &amp; Mains has been provided below along with its solutions. The candidate can download and start solving for better performance in the upcoming bank exam.</p>\n\n<table style=\"width:766px\">\n	<tbody>\n		<tr>\n			<td><strong>Exam Name</strong></td>\n			<td><strong>Questions with Solution PDFs</strong></td>\n		</tr>\n		<tr>\n			<td>IBPS Clerk Prelims 2019</td>\n			<td><a href=\"https://www.adda247.com/jobs/wp-content/uploads/2021/05/24110246/IBPS_Clerk_Prelims_2019_Memory_Based_Paper_For_Practice.pdf\" rel=\"noopener noreferrer\" target=\"_blank\"><strong>Click to Download</strong></a></td>\n		</tr>\n		<tr>\n			<td>IBPS Clerk Mains 2019</td>\n			<td><strong><a href=\"https://www.adda247.com/jobs/wp-content/uploads/2021/05/24110242/IBPS_Clerk_Mains_2019_Memory_Based_Papers_For_Pratices.pdf\" rel=\"noopener noreferrer\" target=\"_blank\">Click to Download</a></strong></td>\n		</tr>\n	</tbody>\n</table>\n\n<h3>I<span style=\"color:#e74c3c\">BPS Clerk Memory Based Prelims 2018</span></h3>\n\n<p>Download the subject-wise memory-based papers for IBPS Clerk 2018 (Prelims) along with their solutions from the direct link below</p>\n', 'blogs', 'true', '::1', 'Mozilla/5.0 (Windows NT 10.0; Win64; x64) AppleWebKit/537.36 (KHTML, like Gecko) Chrome/91.0.4472.124 Safari/537.36', 'IBPS Clerk Previous Year Question Paper: Practice With Question Paper PDFs with Solution', 'published', 'ibps,cLERK,QUESTION PAPER', 'public', 'IBPS Clerk Previous Year Question Paper: Practice With Question Paper PDFs with Solution', 'http://localhost:8080/blog-cms-admin/read/IBPS-Clerk-Exam/IBPS-Clerk-Question-Paper/ibps-clerk-previous-year-question-paper-practice-with-question-paper-pdfs-with-solution', 'IBPS Clerk Previous Year Question Paper: Practice With Question Paper PDFs with Solution', 'http://localhost:8080/blog-cms-admin/assets/images/uploads/1626337177.png', 'Thu, 15 Jul 2021 13:49:36 +0530', 'Thu, 15 Jul 2021 13:49:36 +0530', '9514003d-8529-4176-9b69-a3f8b6bff1bf');
INSERT INTO `articles` (`id`, `article_id`, `title`, `slug`, `date_of_posting`, `time_of_posting`, `hero_image`, `excerpt`, `content`, `type`, `comments`, `from_ip`, `from_browser`, `hero_image_alt`, `status`, `keywords`, `visibility`, `meta_title`, `meta_url`, `meta_description`, `meta_image`, `created_at`, `updated_at`, `author_id`) VALUES
(11, 'b3b6bea2-0c31-4644-813a-4a5cdc939b0c', 'IBPS Clerk Salary 2021: Detailed IBPS Clerk In hand, Job Profile & Promotions', 'ibps-clerk-salary-2021-detailed-ibps-clerk-in-hand-job-profile-promotions', '2021-07-15', '10:36', '1626338467.png', 'IBPS Clerk Salary 2021: Detailed IBPS Clerk In hand, Job Profile & Promotions', '<p><img alt=\"\" src=\"http://localhost:8080/blog-cms-admin/article-dashboard/PHP/uploads/IBPS-Clerk-Salary-min.png\" style=\"height:315px; width:500px\" /></p>\n\n<h2><span style=\"color:#e74c3c\">BPS Clerk Salary 2021</span></h2>\n\n<p><strong>IBPS Clerk Salary 2021:</strong>&nbsp;The Institute of Banking Personnel Selection (IBPS) is the conducting body for the recruitment of the IBPS Clerks. With the release of the&nbsp;<a href=\"https://www.adda247.com/jobs/ibps-clerk\" rel=\"noopener noreferrer\" target=\"_blank\"><strong>IBPS Clerk Notification</strong></a>&nbsp;for 2021, there is a curiosity among the candidates regarding the salary, perks, and allowances.</p>\n\n<p>This article below has detailed the candidates with the IBPS Clerk Job Profile, including Salary In hand, Pay Scale, Allowances, Job Profile &amp; Promotions. Read further for complete details.</p>\n\n<h2><span style=\"color:#e74c3c\">IBPS Clerk Salary 2021: Pay Scale</span></h2>\n\n<p><strong>IBPS Clerk Salary&nbsp;</strong>is the sum of Basic Pay and other Allowances like HRA (House Rent Allowance and Dearness allowances etc.) The first Basic Pay for IBPS Clerk 2021 is Rs 11,765.<br />\nIBPS Clerk Payscale is<strong>&nbsp;11765-655/3- 13730-815/3- 16175-980/4- 20095-1145/7- 28110-2120/1- 30230/1310-1- 31540.</strong><br />\nThis is not very easy to understand so we have made it more clear and easy to understand through the table below. While basically, that means the minimum Basic Pay for IBPS Clerk is Rs 11,765 while the maximum is Rs 31540.</p>\n\n<table>\n	<thead>\n		<tr>\n			<th>Basic Pay</th>\n			<th>Amount</th>\n		</tr>\n	</thead>\n	<tbody>\n		<tr>\n			<td>Initial Basic Pay</td>\n			<td>Rs 11,765, with a yearly increment of Rs 655 for three years</td>\n		</tr>\n		<tr>\n			<td>Basic Pay after 3 years</td>\n			<td>Rs 13730, with a yearly increment of Rs 815 for the next three years</td>\n		</tr>\n		<tr>\n			<td>Basic Pay after the next 3 years</td>\n			<td>Rs 16175, with a yearly increment of Rs 980 for the next four years</td>\n		</tr>\n		<tr>\n			<td>Basic Pay after the next 4 years</td>\n			<td>Rs 20095, with a yearly increment of Rs 1145 for the next 7 years</td>\n		</tr>\n		<tr>\n			<td>Basic Pay after the next 7 years</td>\n			<td>Rs 28110, with a yearly increment of Rs 2120 for the next year</td>\n		</tr>\n		<tr>\n			<td>Basic Pay after the next 1 year</td>\n			<td>Rs 30230, with a yearly increment of Rs 1310 for the next year</td>\n		</tr>\n		<tr>\n			<td>Basic Pay after next year 1 year</td>\n			<td>&nbsp;Rs 31540 (maximum Basic Pay)</td>\n		</tr>\n	</tbody>\n</table>\n\n<h2><span style=\"color:#e74c3c\">IBPS Clerk Salary: Allowances</span></h2>\n\n<p><strong>IBPS Clerk Salary Allowances are quite lucrative.</strong>&nbsp;There are several allowances provided to a clerk through IBPS. These allowances depend on various factors that may include the location of posting, how the branch is progressing and some other factors. The various types of allowances provided to the&nbsp;<a href=\"https://www.careerpower.in/ibps-clerk-salary.html\"><strong>IBPS Clerk</strong>&nbsp;</a>are listed below:</p>\n\n<table style=\"width:954px\">\n	<tbody>\n		<tr>\n			<td><strong>Special Allowance</strong></td>\n			<td>Rs 1561</td>\n		</tr>\n		<tr>\n			<td><strong>Dearness Allowance (DA)</strong></td>\n			<td>\n			<ul>\n				<li>DA is 4 per cent of the IBPS Clerk Basic Pay.</li>\n				<li>DA depends on the CPI and is revised quarterly, i.e. after every three months.</li>\n				<li>The starting DA would be Rs 7073</li>\n			</ul>\n			</td>\n		</tr>\n		<tr>\n			<td><strong>House Rent Allowance (HRA)</strong></td>\n			<td>\n			<ul>\n				<li>The HRA depends on the location of the posting.</li>\n				<li>The HRA remains between 6.5% to 8.5% depending upon the location of the posting.</li>\n			</ul>\n			</td>\n		</tr>\n		<tr>\n			<td><strong>Travel Allowance (TA)</strong></td>\n			<td>Expenses on official tours and travels will be reimbursed by the bank.</td>\n		</tr>\n		<tr>\n			<td><strong>Medical Allowance (MA)</strong></td>\n			<td>This is paid once a year. For IBPS Clerks, the amount is fixed at Rs 2000/- annually.</td>\n		</tr>\n	</tbody>\n</table>\n', 'blogs', 'true', '::1', 'Mozilla/5.0 (Windows NT 10.0; Win64; x64) AppleWebKit/537.36 (KHTML, like Gecko) Chrome/91.0.4472.124 Safari/537.36', 'IBPS Clerk Salary 2021: Detailed IBPS Clerk In hand, Job Profile & Promotions', 'published', 'ibps,salary', 'public', 'IBPS Clerk Salary 2021: Detailed IBPS Clerk In hand, Job Profile & Promotions', 'http://localhost:8080/blog-cms-admin/read/IBPS-Clerk-Exam/IBPS-Clerk-Salary/ibps-clerk-salary-2021-detailed-ibps-clerk-in-hand-job-profile-promotions', 'IBPS Clerk Salary 2021: Detailed IBPS Clerk In hand, Job Profile & Promotions', 'http://localhost:8080/blog-cms-admin/assets/images/uploads/1626338467.png', 'Thu, 15 Jul 2021 14:11:06 +0530', 'Thu, 15 Jul 2021 14:11:06 +0530', '9514003d-8529-4176-9b69-a3f8b6bff1bf'),
(12, 'fece272d-46a1-4418-a47e-4c5053a69cde', 'PSPCL Recruitment Notification', 'pspcl-recruitment-notification', '2021-07-16', '07:52', '1626414958.png', 'PSPCL Recruitment Notification', '<p>&nbsp;</p>\n\n<p>Punjab State Power Corporation Limited (PSPCL) has invited eligible candidates for 2632 Technical and Non-Technical posts. The recruitment will be conducted for posts including Assistant Lineman, Clerk, Revenue Accountant, Junior Engineer/ Electrical, Assistant Sub Station Attendant. Go through the below article for eligibility, vacancy distribution, exam pattern, online application link and more.</p>\n\n<p>Table of Contents</p>\n\n<h2>PSPCL Recruitment 2021</h2>\n\n<p><strong>PSPCL Recruitment 2021</strong>: Punjab State Power Corporation Limited (PSPCL) had released an official notification announcing 2632 vacancies of Technical and Non-Technical posts on its official website @pspcl.in on 21st May 2021. The recruitment will be conducted for Assistant Lineman (AL), Clerk, Revenue Accountant, Junior Engineer/ Electrical, Assistant Sub Station Attendant (ASSA) posts.&nbsp;<strong>The online registration process for PSTCL Various Vacancies has been again extended till 28th July 2021</strong><strong>.&nbsp;</strong>The interested candidates are advised to go through the below article for more information.</p>\n\n<h2>PSPCL Recruitment 2021: Highlights</h2>\n\n<table>\n	<tbody>\n		<tr>\n			<td colspan=\"2\"><strong>PSPCL Recruitment 2021 Notification</strong></td>\n		</tr>\n		<tr>\n			<td><strong>Organization Name</strong></td>\n			<td>Punjab State Power Corporation Limited (PSPCL)</td>\n		</tr>\n		<tr>\n			<td><strong>Post Name</strong></td>\n			<td>Assistant Lineman, Clerk, Revenue Accountant, Junior Engineer/ Electrical, Assistant SubStation Attendant</td>\n		</tr>\n		<tr>\n			<td><strong>Vacancies</strong></td>\n			<td>2632</td>\n		</tr>\n		<tr>\n			<td><strong>Online Application Starts</strong></td>\n			<td><del>31st May 2021</del>&nbsp;<del>10th June 2021</del><strong>&nbsp;11th June 2021</strong></td>\n		</tr>\n		<tr>\n			<td><strong>Last Date To Apply</strong></td>\n			<td><del>20th June 2021</del>&nbsp;<del>30th June 2021</del>&nbsp;<del>25th July 2021</del><strong>&nbsp;28th July 2021</strong></td>\n		</tr>\n		<tr>\n			<td><strong>Mode Of Application</strong></td>\n			<td>Online</td>\n		</tr>\n		<tr>\n			<td><strong>Category</strong></td>\n			<td><a href=\"https://www.adda247.com/jobs/govt-jobs-punjab\" rel=\"noopener noreferrer\" target=\"_blank\"><strong>Punjab Govt Jobs</strong></a></td>\n		</tr>\n		<tr>\n			<td><strong>Selection Process</strong></td>\n			<td>Written Test &amp; Document Verification</td>\n		</tr>\n		<tr>\n			<td><strong>Location</strong></td>\n			<td>Punjab</td>\n		</tr>\n		<tr>\n			<td><strong>Official Website</strong></td>\n			<td><strong>pspcl.in</strong></td>\n		</tr>\n	</tbody>\n</table>\n\n<p>&nbsp;</p>\n\n<h2>PSPCL Recruitment Notification</h2>\n\n<p>Punjab State Power Corporation has finally released the detailed notification and online registration dates for Assistant Lineman, Clerk, Revenue Accountant, Junior Engineer/ Electrical, Assistant Sub Station Attendant. The&nbsp;<strong>detailed advertisement has been released on 21st May 2021 on pspcl.in</strong>&nbsp;stating that the registration will be active from 10th June 2021 onwards. Download the notification from the below link and check the category-wise vacancies, eligibility pay scale, selection criteria and much more</p>\n\n<p>PSPCL Recruitment Notification PDF</p>\n\n<p>&nbsp;</p>\n\n<h2>PSPCL Recruitment 2021: Important Dates</h2>\n\n<p>As per the notification released on 31st May 2021, the online registration process has been rescheduled to be commenced from 11th June to 28th July 2021 as per the recent notice. Check other important dates from the below table.</p>\n\n<table style=\"width:1068px\">\n	<tbody>\n		<tr>\n			<td><strong>Events</strong></td>\n			<td><strong>Dates</strong></td>\n		</tr>\n		<tr>\n			<td>Notification Release Date</td>\n			<td>21st May 2021</td>\n		</tr>\n		<tr>\n			<td>Online Application Starts</td>\n			<td><del>31st May 2021</del><strong>&nbsp;11th June 2021</strong></td>\n		</tr>\n		<tr>\n			<td>Last Date to Apply Online</td>\n			<td><del>20th June 2021</del>&nbsp;<del>30th June 2021</del><strong>&nbsp;25th July 2021</strong></td>\n		</tr>\n		<tr>\n			<td>Last Date of Fee Submission</td>\n			<td><del>02nd July 2021</del>&nbsp;<del>05th July 2021</del>&nbsp;25th July 2021<strong>&nbsp;28th July 2021</strong></td>\n		</tr>\n		<tr>\n			<td>Written Exam Date</td>\n			<td>To Be Notified Soon</td>\n		</tr>\n		<tr>\n			<td>Interview Date</td>\n			<td>To Be Notified Soon</td>\n		</tr>\n		<tr>\n			<td>Final Result</td>\n			<td>To Be Notified Soon</td>\n		</tr>\n	</tbody>\n</table>\n\n<h2>PSPCL Vacancy Details</h2>\n\n<p>PSPCL has announced 2632 vacancies, out of which 567 posts are for Non-Technical Posts (Clerk, Revenue Accountant) and 2065 posts are for Technical posts ( Junior Engineer, Assistant Lineman, and Assistant Sub Station Attendant). We have detailed the vacancy distribution below.</p>\n\n<h3>Technical Posts</h3>\n\n<p>A total of 2065 vacancies are published for Technical posts out of which 1700 are for Assistant Lineman, 290 for Assistant Sub Station Attendant and the remaining 75 (25-w) are for Junior Engineer (Electrical). Category-wise vacancies are as below:</p>\n\n<table style=\"width:944px\">\n	<tbody>\n		<tr>\n			<td rowspan=\"2\"><strong>SNo</strong></td>\n			<td rowspan=\"2\"><strong>Category</strong></td>\n			<td colspan=\"2\"><strong>JE (Electrical)</strong></td>\n			<td rowspan=\"2\"><strong>ALM</strong></td>\n			<td rowspan=\"2\"><strong>ASSA</strong></td>\n		</tr>\n		<tr>\n			<td><strong>Total</strong></td>\n			<td><strong>Reserved for women</strong></td>\n		</tr>\n		<tr>\n			<td>1</td>\n			<td>General</td>\n			<td>30</td>\n			<td>09</td>\n			<td>663</td>\n			<td>112</td>\n		</tr>\n		<tr>\n			<td>2</td>\n			<td>General (EWS)</td>\n			<td>07</td>\n			<td>01</td>\n			<td>170</td>\n			<td>29</td>\n		</tr>\n		<tr>\n			<td>3</td>\n			<td>SC (Mazhabi Balmiki)</td>\n			<td>07</td>\n			<td>04</td>\n			<td>171</td>\n			<td>30</td>\n		</tr>\n		<tr>\n			<td>4</td>\n			<td>SC (Mazhabi Balmiki- Ex-Serviceman- Self/Dependant)</td>\n			<td>02</td>\n			<td>&mdash;</td>\n			<td>34</td>\n			<td>05</td>\n		</tr>\n		<tr>\n			<td>5</td>\n			<td>SC (Mazhabi Balmiki-Sportsperson)</td>\n			<td>&mdash;</td>\n			<td>&mdash;</td>\n			<td>08</td>\n			<td>02</td>\n		</tr>\n		<tr>\n			<td>6</td>\n			<td>SC (Others)</td>\n			<td>07</td>\n			<td>02</td>\n			<td>169</td>\n			<td>29</td>\n		</tr>\n		<tr>\n			<td>7</td>\n			<td>SC (Others- Ex-Serviceman- Self/Dependant)</td>\n			<td>01</td>\n			<td>&mdash;</td>\n			<td>34</td>\n			<td>06</td>\n		</tr>\n		<tr>\n			<td>8</td>\n			<td>SC (Others Sportsperson)</td>\n			<td>01</td>\n			<td>&mdash;</td>\n			<td>09</td>\n			<td>01</td>\n		</tr>\n		<tr>\n			<td>9</td>\n			<td>BC</td>\n			<td>08</td>\n			<td>03</td>\n			<td>170</td>\n			<td>29</td>\n		</tr>\n		<tr>\n			<td>10</td>\n			<td>BC (Ex-Serviceman- Self/Dependant)</td>\n			<td>02</td>\n			<td>&mdash;</td>\n			<td>34</td>\n			<td>06</td>\n		</tr>\n		<tr>\n			<td>11</td>\n			<td>Ex-Serviceman- Self/Dependant</td>\n			<td>05</td>\n			<td>03</td>\n			<td>119</td>\n			<td>21</td>\n		</tr>\n		<tr>\n			<td>12</td>\n			<td>PWD (Hearing Handicapped)</td>\n			<td>01</td>\n			<td>01</td>\n			<td>68</td>\n			<td>06</td>\n		</tr>\n		<tr>\n			<td>13</td>\n			<td>PWD (Orthopedically Handicapped)</td>\n			<td>02</td>\n			<td>01</td>\n			<td>&mdash;</td>\n			<td>06</td>\n		</tr>\n		<tr>\n			<td>14</td>\n			<td>Sportsperson (General)</td>\n			<td>01</td>\n			<td>01</td>\n			<td>34</td>\n			<td>05</td>\n		</tr>\n		<tr>\n			<td>15</td>\n			<td>Freedom Fighter</td>\n			<td>01</td>\n			<td>&mdash;</td>\n			<td>17</td>\n			<td>03</td>\n		</tr>\n		<tr>\n			<td>&nbsp;</td>\n			<td><strong>Total</strong></td>\n			<td><strong>75</strong></td>\n			<td>25</td>\n			<td><strong>1700</strong></td>\n			<td><strong>290</strong></td>\n		</tr>\n	</tbody>\n</table>\n\n<h3>Non-Technical Posts</h3>\n\n<p>A total of 567 vacancies are published for Non-Technical posts out of which 549 (186-w) are for Clerk and reminding 18 (06-w) are for Revenue Accountant. Category-wise vacancies are as below:</p>\n\n<table style=\"width:950px\">\n	<tbody>\n		<tr>\n			<td rowspan=\"2\"><strong>SNo</strong></td>\n			<td rowspan=\"2\"><strong>Category</strong></td>\n			<td colspan=\"2\"><strong>Clerk</strong></td>\n			<td colspan=\"2\"><strong>Revenue Accountant</strong></td>\n		</tr>\n		<tr>\n			<td><strong>Total</strong></td>\n			<td><strong>Reserved for women</strong></td>\n			<td><strong>Total</strong></td>\n			<td><strong>Reserved for women</strong></td>\n		</tr>\n		<tr>\n			<td>1</td>\n			<td>General</td>\n			<td><strong>214</strong></td>\n			<td>60</td>\n			<td><strong>12</strong></td>\n			<td>03</td>\n		</tr>\n		<tr>\n			<td>2</td>\n			<td>General (EWS)</td>\n			<td><strong>55</strong></td>\n			<td>18</td>\n			<td><strong>&mdash;</strong></td>\n			<td>&mdash;</td>\n		</tr>\n		<tr>\n			<td>3</td>\n			<td>SC (Mazhabi Balmiki)</td>\n			<td><strong>55</strong></td>\n			<td>21</td>\n			<td><strong>02</strong></td>\n			<td>01</td>\n		</tr>\n		<tr>\n			<td>4</td>\n			<td>SC (Mazhabi Balmiki- Ex-Serviceman- Self/Dependant)</td>\n			<td><strong>10</strong></td>\n			<td>&mdash;</td>\n			<td><strong>&mdash;</strong></td>\n			<td>&mdash;</td>\n		</tr>\n		<tr>\n			<td>5</td>\n			<td>SC (Mazhabi Balmiki-Sportsperson)</td>\n			<td><strong>03</strong></td>\n			<td>&mdash;</td>\n			<td><strong>&mdash;</strong></td>\n			<td>&mdash;</td>\n		</tr>\n		<tr>\n			<td>6</td>\n			<td>SC (Others)</td>\n			<td><strong>55</strong></td>\n			<td>23</td>\n			<td><strong>&mdash;</strong></td>\n			<td>&mdash;</td>\n		</tr>\n		<tr>\n			<td>7</td>\n			<td>SC (Others- Ex-Serviceman- Self/Dependant)</td>\n			<td><strong>11</strong></td>\n			<td>&mdash;</td>\n			<td><strong>&mdash;</strong></td>\n			<td>&mdash;</td>\n		</tr>\n		<tr>\n			<td>8</td>\n			<td>SC (Others Sportsperson)</td>\n			<td><strong>03</strong></td>\n			<td>&mdash;</td>\n			<td><strong>&mdash;</strong></td>\n			<td>&mdash;</td>\n		</tr>\n		<tr>\n			<td>9</td>\n			<td>BC</td>\n			<td><strong>55</strong></td>\n			<td>22</td>\n			<td><strong>&mdash;</strong></td>\n			<td>&mdash;</td>\n		</tr>\n		<tr>\n			<td>10</td>\n			<td>BC (Ex-Serviceman- Self/Dependant)</td>\n			<td><strong>11</strong></td>\n			<td>&mdash;</td>\n			<td><strong>&mdash;</strong></td>\n			<td>&mdash;</td>\n		</tr>\n		<tr>\n			<td>11</td>\n			<td>Ex-Serviceman- Self/Dependant</td>\n			<td><strong>38</strong></td>\n			<td>22</td>\n			<td><strong>01</strong></td>\n			<td>01</td>\n		</tr>\n		<tr>\n			<td>12</td>\n			<td>PWD (Visually Handicapped)</td>\n			<td><strong>06</strong></td>\n			<td>03</td>\n			<td><strong>&mdash;</strong></td>\n			<td>&mdash;</td>\n		</tr>\n		<tr>\n			<td>13</td>\n			<td>PWD (Hearing Handicapped)</td>\n			<td><strong>06</strong></td>\n			<td>03</td>\n			<td><strong>&mdash;</strong></td>\n			<td>&mdash;</td>\n		</tr>\n		<tr>\n			<td>14</td>\n			<td>PWD (Orthopedically Handicapped)</td>\n			<td><strong>05</strong></td>\n			<td>03</td>\n			<td><strong>&mdash;</strong></td>\n			<td>&mdash;</td>\n		</tr>\n		<tr>\n			<td>15</td>\n			<td>PWD (Mental Disability)</td>\n			<td><strong>05</strong></td>\n			<td>02</td>\n			<td><strong>01</strong></td>\n			<td>&mdash;</td>\n		</tr>\n		<tr>\n			<td>16</td>\n			<td>Sportsperson (General)</td>\n			<td><strong>12</strong></td>\n			<td>06</td>\n			<td><strong>01</strong></td>\n			<td>01</td>\n		</tr>\n		<tr>\n			<td>17</td>\n			<td>Freedom Fighter</td>\n			<td><strong>05</strong></td>\n			<td>03</td>\n			<td><strong>01</strong></td>\n			<td>&mdash;</td>\n		</tr>\n		<tr>\n			<td>&nbsp;</td>\n			<td><strong>Total</strong></td>\n			<td><strong>549</strong></td>\n			<td>186</td>\n			<td><strong>18</strong></td>\n			<td>06</td>\n		</tr>\n	</tbody>\n</table>\n\n<h2>PSPCL Recruitment 2021: Eligibility Criteria</h2>\n\n<p>The interested candidates who fulfil the below-mentioned eligibility can apply for the PSPCL Recruitment 2021. Check academic requirements and age limits for various technical and non-technical posts.</p>\n\n<h3>Education Qualification</h3>\n\n<table style=\"width:945px\">\n	<tbody>\n		<tr>\n			<td><strong>SNo</strong></td>\n			<td><strong>Post Name</strong></td>\n			<td><strong>Academic Qualification</strong></td>\n		</tr>\n		<tr>\n			<td>1</td>\n			<td>Clerk</td>\n			<td>Applicants must have graduation (in any stream) with a computer knowledge course certificate of 120 Hours duration</td>\n		</tr>\n		<tr>\n			<td>2</td>\n			<td>Junior Engineer or Electrical Post</td>\n			<td>The candidates must have an educational qualification in regular 3 or 4 years of diploma in electrical/ electrical and electronics/ Computer science/ IT Engineering with a minimum of 60% marks.</td>\n		</tr>\n		<tr>\n			<td>3</td>\n			<td>Revenue Accountant</td>\n			<td>A regular degree in B.Com with 60% aggregate marks or a regular degree in M.Com with 50% aggregate marks or CA Inter/ ICWAI Inter</td>\n		</tr>\n		<tr>\n			<td>4</td>\n			<td>Assistant Lineman</td>\n			<td>The candidates must have Bachelors&rsquo;s degree ( in any subject) with computer &amp; shorthand knowledge.</td>\n		</tr>\n		<tr>\n			<td>5</td>\n			<td>Assistant Sub Station Attendant</td>\n			<td>The candidates should have done a full-time course in ITI/Electrical/Electrician/Wireman with minimum of 60% marks and 2 years apprenticeship experience in PSEB or full-time regular diploma in Electrical Engineering/ Electronics &amp; Communication/ Instrumentation &amp; Process Control with 60% marks</td>\n		</tr>\n	</tbody>\n</table>\n\n<h5><em>Note: The candidate must have passed Punjabi at Matriculation or its equivalent level</em></h5>\n\n<h3>Age Limit (as on 01/01/2021)</h3>\n\n<p>A candidate must have a minimum age limit of&nbsp;<strong>18 years&nbsp;</strong>and a maximum of&nbsp;<strong>37 years.&nbsp;</strong>Age relaxation will be followed as per the Govt. of Punjab instructions.</p>\n\n<h2>How to Apply For PSPCL Assistant Lineman Recruitment 2021</h2>\n\n<ol>\n	<li>Visit the official website of PSPCL @<strong>pspcl.in&nbsp;</strong>or directly apply from the below link which is active now</li>\n	<li>Scroll down and click on the &ldquo;Recruitment&rdquo; icon on the homepage</li>\n	<li>Click on the notification for PSPCL Assistant Lineman, Clerk, And other posts Recruitment 2021.</li>\n	<li>Click on the apply button and start filling in all the required details for the post eligible for.</li>\n	<li>Upload the document and pay the application fee if applicable.</li>\n	<li>Submit the application form and download it for future reference.</li>\n</ol>\n\n<h3>Application Fees</h3>\n\n<p>The candidates have to pay the non-refundable application fee while applying for PSPCL various posts. Check the application fee from the below table.</p>\n\n<table style=\"width:920px\">\n	<tbody>\n		<tr>\n			<td><strong>Category</strong></td>\n			<td><strong>Application Fees</strong></td>\n			<td><strong>Applicable GST @18%</strong></td>\n			<td><strong>Total Application Fee</strong></td>\n		</tr>\n		<tr>\n			<td>All category except SC &amp; PWD</td>\n			<td>Rs. 800</td>\n			<td>Rs. 140</td>\n			<td>Rs. 944 (bank charges if applicable</td>\n		</tr>\n		<tr>\n			<td>SC &amp; PWD</td>\n			<td>Rs. 500</td>\n			<td>Rs. 90</td>\n			<td>Rs.590 (bank charges if applicable)</td>\n		</tr>\n	</tbody>\n</table>\n\n<h2>Online Application Link For PSPCL Recruitment 2021</h2>\n\n<p>The Punjab State Power Corporation Limited (PSPCL) has begun the online registration for 2632 Technical and Non-Technical posts on its official website from 11th June 2021 onwards&nbsp;<strong>The last date to apply online has been again extended to 28th July 2021.</strong>&nbsp;The candidates are advised to apply from the below link much before the last date arrives.</p>\n\n<h4>Link to Apply For PSPCL Recruitment 2021</h4>\n\n<p>&nbsp;</p>\n\n<h2>PSPCL Recruitment 2021: Selection Process</h2>\n\n<p>The candidate has to qualify for online examinations with minimum qualifying marks. The pattern of the online examination has been provided here.</p>\n\n<h4>Exam Pattern For JE, ALM, ASSA</h4>\n\n<table style=\"width:865px\">\n	<tbody>\n		<tr>\n			<td><strong>SNo</strong></td>\n			<td><strong>Subject</strong></td>\n			<td><strong>No. of Questions</strong></td>\n		</tr>\n		<tr>\n			<td>1</td>\n			<td>Question-Related to the concerned discipline of the post applied</td>\n			<td>70</td>\n		</tr>\n		<tr>\n			<td>2</td>\n			<td>General Knowledge</td>\n			<td>10</td>\n		</tr>\n		<tr>\n			<td>3</td>\n			<td>Logical Reasoning</td>\n			<td>10</td>\n		</tr>\n		<tr>\n			<td>4</td>\n			<td>General English</td>\n			<td>10</td>\n		</tr>\n		<tr>\n			<td colspan=\"2\"><strong>Total</strong></td>\n			<td><strong>100</strong></td>\n		</tr>\n	</tbody>\n</table>\n\n<h4>Exam Pattern For Clerk</h4>\n\n<table style=\"width:833px\">\n	<tbody>\n		<tr>\n			<td><strong>SNo</strong></td>\n			<td><strong>Subject</strong></td>\n			<td><strong>No. of Questions</strong></td>\n		</tr>\n		<tr>\n			<td>1</td>\n			<td>Static + Current Affairs &amp; General Knowledge</td>\n			<td>20</td>\n		</tr>\n		<tr>\n			<td>2</td>\n			<td>Basic Computer Knowledge</td>\n			<td>15</td>\n		</tr>\n		<tr>\n			<td>3</td>\n			<td>Logical Reasoning/ Quantitative Aptitude</td>\n			<td>25</td>\n		</tr>\n		<tr>\n			<td>4</td>\n			<td>General English</td>\n			<td>20</td>\n		</tr>\n		<tr>\n			<td>5</td>\n			<td>Numerical Aptitude</td>\n			<td>25</td>\n		</tr>\n		<tr>\n			<td colspan=\"2\"><strong>Total</strong></td>\n			<td><strong>100</strong></td>\n		</tr>\n	</tbody>\n</table>\n\n<h4>Exam Pattern For Revenue Accountant</h4>\n\n<table style=\"width:822px\">\n	<tbody>\n		<tr>\n			<td><strong>SNo</strong></td>\n			<td><strong>Subject</strong></td>\n			<td><strong>No. of Questions</strong></td>\n		</tr>\n		<tr>\n			<td>1</td>\n			<td>Degree Level Finance &amp; Accounts- CA/ICWA</td>\n			<td>70</td>\n		</tr>\n		<tr>\n			<td>2</td>\n			<td>General Knowledge</td>\n			<td>10</td>\n		</tr>\n		<tr>\n			<td>3</td>\n			<td>Logical Reasoning/ Quantitative Aptitude</td>\n			<td>10</td>\n		</tr>\n		<tr>\n			<td>4</td>\n			<td>General English</td>\n			<td>10</td>\n		</tr>\n		<tr>\n			<td colspan=\"2\"><strong>Total</strong></td>\n			<td><strong>100</strong></td>\n		</tr>\n	</tbody>\n</table>\n\n<p>Click For More Punjab Govt Jobs 2021</p>\n\n<h4>PSPCL Recruitment 2021: FAQs</h4>\n\n<h5><strong>Q. What is the last date for the online registration process for PSPCL Recruitment 2021?</strong></h5>\n\n<p><strong>&nbsp;</strong><strong>Ans.&nbsp;</strong>The online registration for PSPCL Recruitment 2021 has been extended till 25th July 2021.</p>\n\n<h5><strong>Q. How many vacancies are announced in PSPCL for 2021?</strong></h5>\n\n<p><strong>Ans.&nbsp;&nbsp;</strong>As per the notification released on 21st May 2021, a total of 2632 vacancies has been announced for ALM, ASSA, Clerk, JE/Electrical, and Revenue Accountant for PSPCL.</p>\n\n<h5><strong>Q. What is the age criteria to apply for PSPCL Recruitment?</strong></h5>\n\n<p><strong>Ans.&nbsp;</strong>The candidate should be in the age criteria of 18 to 37 years to apply for PSPCL Recruitment.</p>\n\n<h5><strong>Q. What is the selection process for PSPCL?</strong></h5>\n\n<p><strong>Ans.&nbsp;</strong>The candidates will be selected through an online examination and document verification.</p>\n\n<p>&nbsp;</p>\n\n<p>Download Upcoming Government Exam Calendar 2021</p>\n\n<p>Download Now</p>\n\n<p>&nbsp;</p>\n\n<p>&times;</p>\n\n<p>Download success!</p>\n\n<p>Thanks for downloading the guide. For similar guides, free study material, quizzes, videos and job alerts you can download the Adda247 app from play store.</p>\n\n<p><a href=\"https://www.adda247.com/jobs/nvs-patna-recruitment\" rel=\"prev\">Previous PostPrevious post:<br />\nNVS Patna Recruitment 2021 For TGT, PGT &amp; Other Posts</a></p>\n\n<p><a href=\"https://www.adda247.com/jobs/telangana-police-recruitment\" rel=\"next\">Next PostNext post:<br />\nTelangana Police Recruitment 2021: Notification Out For 151 Assistant Public Prosecutor</a></p>\n\n<p>Leave a comment</p>\n\n<p>Your email address will not be published.&nbsp;Required fields are marked&nbsp;*</p>\n\n<p>Comment</p>\n\n<p>Name&nbsp;*</p>\n\n<p>Email&nbsp;*</p>\n\n<p>Website</p>\n\n<p>&nbsp;Save my name, email, and website in this browser for the next time I comment.</p>\n\n<p>&nbsp;</p>\n\n<h4>IBPS Clerk Exam</h4>\n\n<ul>\n</ul>\n', 'blogs', 'false', '::1', 'Mozilla/5.0 (Windows NT 10.0; Win64; x64) AppleWebKit/537.36 (KHTML, like Gecko) Chrome/91.0.4472.124 Safari/537.36', 'PSPCL Recruitment Notification', 'draft', 'PSPCL', '', 'PSPCL Recruitment Notification', 'http://localhost:8080/blog-cms-admin/read/States/Punjab/pspcl-recruitment-notification', 'PSPCL Recruitment Notification', 'http://localhost:8080/blog-cms-admin/assets/images/uploads/1626414958.png', 'Fri, 16 Jul 2021 11:25:57 +0530', 'Fri, 16 Jul 2021 11:25:57 +0530', 'c9e68c0a-8271-4bb7-8142-4b775deebc81'),
(13, 'd77d5568-8ad6-4e61-966a-d2fdd1f0f16e', 'PSPCL Recruitment Notification', 'pspcl-recruitment-notification', '2021-07-16', '07:52', '1626414959.png', 'PSPCL Recruitment Notification', '<p>&nbsp;</p>\n\n<p>Punjab State Power Corporation Limited (PSPCL) has invited eligible candidates for 2632 Technical and Non-Technical posts. The recruitment will be conducted for posts including Assistant Lineman, Clerk, Revenue Accountant, Junior Engineer/ Electrical, Assistant Sub Station Attendant. Go through the below article for eligibility, vacancy distribution, exam pattern, online application link and more.</p>\n\n<p>Table of Contents</p>\n\n<h2>PSPCL Recruitment 2021</h2>\n\n<p><strong>PSPCL Recruitment 2021</strong>: Punjab State Power Corporation Limited (PSPCL) had released an official notification announcing 2632 vacancies of Technical and Non-Technical posts on its official website @pspcl.in on 21st May 2021. The recruitment will be conducted for Assistant Lineman (AL), Clerk, Revenue Accountant, Junior Engineer/ Electrical, Assistant Sub Station Attendant (ASSA) posts.&nbsp;<strong>The online registration process for PSTCL Various Vacancies has been again extended till 28th July 2021</strong><strong>.&nbsp;</strong>The interested candidates are advised to go through the below article for more information.</p>\n\n<h2>PSPCL Recruitment 2021: Highlights</h2>\n\n<table>\n	<tbody>\n		<tr>\n			<td colspan=\"2\"><strong>PSPCL Recruitment 2021 Notification</strong></td>\n		</tr>\n		<tr>\n			<td><strong>Organization Name</strong></td>\n			<td>Punjab State Power Corporation Limited (PSPCL)</td>\n		</tr>\n		<tr>\n			<td><strong>Post Name</strong></td>\n			<td>Assistant Lineman, Clerk, Revenue Accountant, Junior Engineer/ Electrical, Assistant SubStation Attendant</td>\n		</tr>\n		<tr>\n			<td><strong>Vacancies</strong></td>\n			<td>2632</td>\n		</tr>\n		<tr>\n			<td><strong>Online Application Starts</strong></td>\n			<td><del>31st May 2021</del>&nbsp;<del>10th June 2021</del><strong>&nbsp;11th June 2021</strong></td>\n		</tr>\n		<tr>\n			<td><strong>Last Date To Apply</strong></td>\n			<td><del>20th June 2021</del>&nbsp;<del>30th June 2021</del>&nbsp;<del>25th July 2021</del><strong>&nbsp;28th July 2021</strong></td>\n		</tr>\n		<tr>\n			<td><strong>Mode Of Application</strong></td>\n			<td>Online</td>\n		</tr>\n		<tr>\n			<td><strong>Category</strong></td>\n			<td><a href=\"https://www.adda247.com/jobs/govt-jobs-punjab\" rel=\"noopener noreferrer\" target=\"_blank\"><strong>Punjab Govt Jobs</strong></a></td>\n		</tr>\n		<tr>\n			<td><strong>Selection Process</strong></td>\n			<td>Written Test &amp; Document Verification</td>\n		</tr>\n		<tr>\n			<td><strong>Location</strong></td>\n			<td>Punjab</td>\n		</tr>\n		<tr>\n			<td><strong>Official Website</strong></td>\n			<td><strong>pspcl.in</strong></td>\n		</tr>\n	</tbody>\n</table>\n\n<p>&nbsp;</p>\n\n<h2>PSPCL Recruitment Notification</h2>\n\n<p>Punjab State Power Corporation has finally released the detailed notification and online registration dates for Assistant Lineman, Clerk, Revenue Accountant, Junior Engineer/ Electrical, Assistant Sub Station Attendant. The&nbsp;<strong>detailed advertisement has been released on 21st May 2021 on pspcl.in</strong>&nbsp;stating that the registration will be active from 10th June 2021 onwards. Download the notification from the below link and check the category-wise vacancies, eligibility pay scale, selection criteria and much more</p>\n\n<p>PSPCL Recruitment Notification PDF</p>\n\n<p>&nbsp;</p>\n\n<h2>PSPCL Recruitment 2021: Important Dates</h2>\n\n<p>As per the notification released on 31st May 2021, the online registration process has been rescheduled to be commenced from 11th June to 28th July 2021 as per the recent notice. Check other important dates from the below table.</p>\n\n<table style=\"width:1068px\">\n	<tbody>\n		<tr>\n			<td><strong>Events</strong></td>\n			<td><strong>Dates</strong></td>\n		</tr>\n		<tr>\n			<td>Notification Release Date</td>\n			<td>21st May 2021</td>\n		</tr>\n		<tr>\n			<td>Online Application Starts</td>\n			<td><del>31st May 2021</del><strong>&nbsp;11th June 2021</strong></td>\n		</tr>\n		<tr>\n			<td>Last Date to Apply Online</td>\n			<td><del>20th June 2021</del>&nbsp;<del>30th June 2021</del><strong>&nbsp;25th July 2021</strong></td>\n		</tr>\n		<tr>\n			<td>Last Date of Fee Submission</td>\n			<td><del>02nd July 2021</del>&nbsp;<del>05th July 2021</del>&nbsp;25th July 2021<strong>&nbsp;28th July 2021</strong></td>\n		</tr>\n		<tr>\n			<td>Written Exam Date</td>\n			<td>To Be Notified Soon</td>\n		</tr>\n		<tr>\n			<td>Interview Date</td>\n			<td>To Be Notified Soon</td>\n		</tr>\n		<tr>\n			<td>Final Result</td>\n			<td>To Be Notified Soon</td>\n		</tr>\n	</tbody>\n</table>\n\n<h2>PSPCL Vacancy Details</h2>\n\n<p>PSPCL has announced 2632 vacancies, out of which 567 posts are for Non-Technical Posts (Clerk, Revenue Accountant) and 2065 posts are for Technical posts ( Junior Engineer, Assistant Lineman, and Assistant Sub Station Attendant). We have detailed the vacancy distribution below.</p>\n\n<h3>Technical Posts</h3>\n\n<p>A total of 2065 vacancies are published for Technical posts out of which 1700 are for Assistant Lineman, 290 for Assistant Sub Station Attendant and the remaining 75 (25-w) are for Junior Engineer (Electrical). Category-wise vacancies are as below:</p>\n\n<table style=\"width:944px\">\n	<tbody>\n		<tr>\n			<td rowspan=\"2\"><strong>SNo</strong></td>\n			<td rowspan=\"2\"><strong>Category</strong></td>\n			<td colspan=\"2\"><strong>JE (Electrical)</strong></td>\n			<td rowspan=\"2\"><strong>ALM</strong></td>\n			<td rowspan=\"2\"><strong>ASSA</strong></td>\n		</tr>\n		<tr>\n			<td><strong>Total</strong></td>\n			<td><strong>Reserved for women</strong></td>\n		</tr>\n		<tr>\n			<td>1</td>\n			<td>General</td>\n			<td>30</td>\n			<td>09</td>\n			<td>663</td>\n			<td>112</td>\n		</tr>\n		<tr>\n			<td>2</td>\n			<td>General (EWS)</td>\n			<td>07</td>\n			<td>01</td>\n			<td>170</td>\n			<td>29</td>\n		</tr>\n		<tr>\n			<td>3</td>\n			<td>SC (Mazhabi Balmiki)</td>\n			<td>07</td>\n			<td>04</td>\n			<td>171</td>\n			<td>30</td>\n		</tr>\n		<tr>\n			<td>4</td>\n			<td>SC (Mazhabi Balmiki- Ex-Serviceman- Self/Dependant)</td>\n			<td>02</td>\n			<td>&mdash;</td>\n			<td>34</td>\n			<td>05</td>\n		</tr>\n		<tr>\n			<td>5</td>\n			<td>SC (Mazhabi Balmiki-Sportsperson)</td>\n			<td>&mdash;</td>\n			<td>&mdash;</td>\n			<td>08</td>\n			<td>02</td>\n		</tr>\n		<tr>\n			<td>6</td>\n			<td>SC (Others)</td>\n			<td>07</td>\n			<td>02</td>\n			<td>169</td>\n			<td>29</td>\n		</tr>\n		<tr>\n			<td>7</td>\n			<td>SC (Others- Ex-Serviceman- Self/Dependant)</td>\n			<td>01</td>\n			<td>&mdash;</td>\n			<td>34</td>\n			<td>06</td>\n		</tr>\n		<tr>\n			<td>8</td>\n			<td>SC (Others Sportsperson)</td>\n			<td>01</td>\n			<td>&mdash;</td>\n			<td>09</td>\n			<td>01</td>\n		</tr>\n		<tr>\n			<td>9</td>\n			<td>BC</td>\n			<td>08</td>\n			<td>03</td>\n			<td>170</td>\n			<td>29</td>\n		</tr>\n		<tr>\n			<td>10</td>\n			<td>BC (Ex-Serviceman- Self/Dependant)</td>\n			<td>02</td>\n			<td>&mdash;</td>\n			<td>34</td>\n			<td>06</td>\n		</tr>\n		<tr>\n			<td>11</td>\n			<td>Ex-Serviceman- Self/Dependant</td>\n			<td>05</td>\n			<td>03</td>\n			<td>119</td>\n			<td>21</td>\n		</tr>\n		<tr>\n			<td>12</td>\n			<td>PWD (Hearing Handicapped)</td>\n			<td>01</td>\n			<td>01</td>\n			<td>68</td>\n			<td>06</td>\n		</tr>\n		<tr>\n			<td>13</td>\n			<td>PWD (Orthopedically Handicapped)</td>\n			<td>02</td>\n			<td>01</td>\n			<td>&mdash;</td>\n			<td>06</td>\n		</tr>\n		<tr>\n			<td>14</td>\n			<td>Sportsperson (General)</td>\n			<td>01</td>\n			<td>01</td>\n			<td>34</td>\n			<td>05</td>\n		</tr>\n		<tr>\n			<td>15</td>\n			<td>Freedom Fighter</td>\n			<td>01</td>\n			<td>&mdash;</td>\n			<td>17</td>\n			<td>03</td>\n		</tr>\n		<tr>\n			<td>&nbsp;</td>\n			<td><strong>Total</strong></td>\n			<td><strong>75</strong></td>\n			<td>25</td>\n			<td><strong>1700</strong></td>\n			<td><strong>290</strong></td>\n		</tr>\n	</tbody>\n</table>\n\n<h3>Non-Technical Posts</h3>\n\n<p>A total of 567 vacancies are published for Non-Technical posts out of which 549 (186-w) are for Clerk and reminding 18 (06-w) are for Revenue Accountant. Category-wise vacancies are as below:</p>\n\n<table style=\"width:950px\">\n	<tbody>\n		<tr>\n			<td rowspan=\"2\"><strong>SNo</strong></td>\n			<td rowspan=\"2\"><strong>Category</strong></td>\n			<td colspan=\"2\"><strong>Clerk</strong></td>\n			<td colspan=\"2\"><strong>Revenue Accountant</strong></td>\n		</tr>\n		<tr>\n			<td><strong>Total</strong></td>\n			<td><strong>Reserved for women</strong></td>\n			<td><strong>Total</strong></td>\n			<td><strong>Reserved for women</strong></td>\n		</tr>\n		<tr>\n			<td>1</td>\n			<td>General</td>\n			<td><strong>214</strong></td>\n			<td>60</td>\n			<td><strong>12</strong></td>\n			<td>03</td>\n		</tr>\n		<tr>\n			<td>2</td>\n			<td>General (EWS)</td>\n			<td><strong>55</strong></td>\n			<td>18</td>\n			<td><strong>&mdash;</strong></td>\n			<td>&mdash;</td>\n		</tr>\n		<tr>\n			<td>3</td>\n			<td>SC (Mazhabi Balmiki)</td>\n			<td><strong>55</strong></td>\n			<td>21</td>\n			<td><strong>02</strong></td>\n			<td>01</td>\n		</tr>\n		<tr>\n			<td>4</td>\n			<td>SC (Mazhabi Balmiki- Ex-Serviceman- Self/Dependant)</td>\n			<td><strong>10</strong></td>\n			<td>&mdash;</td>\n			<td><strong>&mdash;</strong></td>\n			<td>&mdash;</td>\n		</tr>\n		<tr>\n			<td>5</td>\n			<td>SC (Mazhabi Balmiki-Sportsperson)</td>\n			<td><strong>03</strong></td>\n			<td>&mdash;</td>\n			<td><strong>&mdash;</strong></td>\n			<td>&mdash;</td>\n		</tr>\n		<tr>\n			<td>6</td>\n			<td>SC (Others)</td>\n			<td><strong>55</strong></td>\n			<td>23</td>\n			<td><strong>&mdash;</strong></td>\n			<td>&mdash;</td>\n		</tr>\n		<tr>\n			<td>7</td>\n			<td>SC (Others- Ex-Serviceman- Self/Dependant)</td>\n			<td><strong>11</strong></td>\n			<td>&mdash;</td>\n			<td><strong>&mdash;</strong></td>\n			<td>&mdash;</td>\n		</tr>\n		<tr>\n			<td>8</td>\n			<td>SC (Others Sportsperson)</td>\n			<td><strong>03</strong></td>\n			<td>&mdash;</td>\n			<td><strong>&mdash;</strong></td>\n			<td>&mdash;</td>\n		</tr>\n		<tr>\n			<td>9</td>\n			<td>BC</td>\n			<td><strong>55</strong></td>\n			<td>22</td>\n			<td><strong>&mdash;</strong></td>\n			<td>&mdash;</td>\n		</tr>\n		<tr>\n			<td>10</td>\n			<td>BC (Ex-Serviceman- Self/Dependant)</td>\n			<td><strong>11</strong></td>\n			<td>&mdash;</td>\n			<td><strong>&mdash;</strong></td>\n			<td>&mdash;</td>\n		</tr>\n		<tr>\n			<td>11</td>\n			<td>Ex-Serviceman- Self/Dependant</td>\n			<td><strong>38</strong></td>\n			<td>22</td>\n			<td><strong>01</strong></td>\n			<td>01</td>\n		</tr>\n		<tr>\n			<td>12</td>\n			<td>PWD (Visually Handicapped)</td>\n			<td><strong>06</strong></td>\n			<td>03</td>\n			<td><strong>&mdash;</strong></td>\n			<td>&mdash;</td>\n		</tr>\n		<tr>\n			<td>13</td>\n			<td>PWD (Hearing Handicapped)</td>\n			<td><strong>06</strong></td>\n			<td>03</td>\n			<td><strong>&mdash;</strong></td>\n			<td>&mdash;</td>\n		</tr>\n		<tr>\n			<td>14</td>\n			<td>PWD (Orthopedically Handicapped)</td>\n			<td><strong>05</strong></td>\n			<td>03</td>\n			<td><strong>&mdash;</strong></td>\n			<td>&mdash;</td>\n		</tr>\n		<tr>\n			<td>15</td>\n			<td>PWD (Mental Disability)</td>\n			<td><strong>05</strong></td>\n			<td>02</td>\n			<td><strong>01</strong></td>\n			<td>&mdash;</td>\n		</tr>\n		<tr>\n			<td>16</td>\n			<td>Sportsperson (General)</td>\n			<td><strong>12</strong></td>\n			<td>06</td>\n			<td><strong>01</strong></td>\n			<td>01</td>\n		</tr>\n		<tr>\n			<td>17</td>\n			<td>Freedom Fighter</td>\n			<td><strong>05</strong></td>\n			<td>03</td>\n			<td><strong>01</strong></td>\n			<td>&mdash;</td>\n		</tr>\n		<tr>\n			<td>&nbsp;</td>\n			<td><strong>Total</strong></td>\n			<td><strong>549</strong></td>\n			<td>186</td>\n			<td><strong>18</strong></td>\n			<td>06</td>\n		</tr>\n	</tbody>\n</table>\n\n<h2>PSPCL Recruitment 2021: Eligibility Criteria</h2>\n\n<p>The interested candidates who fulfil the below-mentioned eligibility can apply for the PSPCL Recruitment 2021. Check academic requirements and age limits for various technical and non-technical posts.</p>\n\n<h3>Education Qualification</h3>\n\n<table style=\"width:945px\">\n	<tbody>\n		<tr>\n			<td><strong>SNo</strong></td>\n			<td><strong>Post Name</strong></td>\n			<td><strong>Academic Qualification</strong></td>\n		</tr>\n		<tr>\n			<td>1</td>\n			<td>Clerk</td>\n			<td>Applicants must have graduation (in any stream) with a computer knowledge course certificate of 120 Hours duration</td>\n		</tr>\n		<tr>\n			<td>2</td>\n			<td>Junior Engineer or Electrical Post</td>\n			<td>The candidates must have an educational qualification in regular 3 or 4 years of diploma in electrical/ electrical and electronics/ Computer science/ IT Engineering with a minimum of 60% marks.</td>\n		</tr>\n		<tr>\n			<td>3</td>\n			<td>Revenue Accountant</td>\n			<td>A regular degree in B.Com with 60% aggregate marks or a regular degree in M.Com with 50% aggregate marks or CA Inter/ ICWAI Inter</td>\n		</tr>\n		<tr>\n			<td>4</td>\n			<td>Assistant Lineman</td>\n			<td>The candidates must have Bachelors&rsquo;s degree ( in any subject) with computer &amp; shorthand knowledge.</td>\n		</tr>\n		<tr>\n			<td>5</td>\n			<td>Assistant Sub Station Attendant</td>\n			<td>The candidates should have done a full-time course in ITI/Electrical/Electrician/Wireman with minimum of 60% marks and 2 years apprenticeship experience in PSEB or full-time regular diploma in Electrical Engineering/ Electronics &amp; Communication/ Instrumentation &amp; Process Control with 60% marks</td>\n		</tr>\n	</tbody>\n</table>\n\n<h5><em>Note: The candidate must have passed Punjabi at Matriculation or its equivalent level</em></h5>\n\n<h3>Age Limit (as on 01/01/2021)</h3>\n\n<p>A candidate must have a minimum age limit of&nbsp;<strong>18 years&nbsp;</strong>and a maximum of&nbsp;<strong>37 years.&nbsp;</strong>Age relaxation will be followed as per the Govt. of Punjab instructions.</p>\n\n<h2>How to Apply For PSPCL Assistant Lineman Recruitment 2021</h2>\n\n<ol>\n	<li>Visit the official website of PSPCL @<strong>pspcl.in&nbsp;</strong>or directly apply from the below link which is active now</li>\n	<li>Scroll down and click on the &ldquo;Recruitment&rdquo; icon on the homepage</li>\n	<li>Click on the notification for PSPCL Assistant Lineman, Clerk, And other posts Recruitment 2021.</li>\n	<li>Click on the apply button and start filling in all the required details for the post eligible for.</li>\n	<li>Upload the document and pay the application fee if applicable.</li>\n	<li>Submit the application form and download it for future reference.</li>\n</ol>\n\n<h3>Application Fees</h3>\n\n<p>The candidates have to pay the non-refundable application fee while applying for PSPCL various posts. Check the application fee from the below table.</p>\n\n<table style=\"width:920px\">\n	<tbody>\n		<tr>\n			<td><strong>Category</strong></td>\n			<td><strong>Application Fees</strong></td>\n			<td><strong>Applicable GST @18%</strong></td>\n			<td><strong>Total Application Fee</strong></td>\n		</tr>\n		<tr>\n			<td>All category except SC &amp; PWD</td>\n			<td>Rs. 800</td>\n			<td>Rs. 140</td>\n			<td>Rs. 944 (bank charges if applicable</td>\n		</tr>\n		<tr>\n			<td>SC &amp; PWD</td>\n			<td>Rs. 500</td>\n			<td>Rs. 90</td>\n			<td>Rs.590 (bank charges if applicable)</td>\n		</tr>\n	</tbody>\n</table>\n\n<h2>Online Application Link For PSPCL Recruitment 2021</h2>\n\n<p>The Punjab State Power Corporation Limited (PSPCL) has begun the online registration for 2632 Technical and Non-Technical posts on its official website from 11th June 2021 onwards&nbsp;<strong>The last date to apply online has been again extended to 28th July 2021.</strong>&nbsp;The candidates are advised to apply from the below link much before the last date arrives.</p>\n\n<h4>Link to Apply For PSPCL Recruitment 2021</h4>\n\n<p>&nbsp;</p>\n\n<h2>PSPCL Recruitment 2021: Selection Process</h2>\n\n<p>The candidate has to qualify for online examinations with minimum qualifying marks. The pattern of the online examination has been provided here.</p>\n\n<h4>Exam Pattern For JE, ALM, ASSA</h4>\n\n<table style=\"width:865px\">\n	<tbody>\n		<tr>\n			<td><strong>SNo</strong></td>\n			<td><strong>Subject</strong></td>\n			<td><strong>No. of Questions</strong></td>\n		</tr>\n		<tr>\n			<td>1</td>\n			<td>Question-Related to the concerned discipline of the post applied</td>\n			<td>70</td>\n		</tr>\n		<tr>\n			<td>2</td>\n			<td>General Knowledge</td>\n			<td>10</td>\n		</tr>\n		<tr>\n			<td>3</td>\n			<td>Logical Reasoning</td>\n			<td>10</td>\n		</tr>\n		<tr>\n			<td>4</td>\n			<td>General English</td>\n			<td>10</td>\n		</tr>\n		<tr>\n			<td colspan=\"2\"><strong>Total</strong></td>\n			<td><strong>100</strong></td>\n		</tr>\n	</tbody>\n</table>\n\n<h4>Exam Pattern For Clerk</h4>\n\n<table style=\"width:833px\">\n	<tbody>\n		<tr>\n			<td><strong>SNo</strong></td>\n			<td><strong>Subject</strong></td>\n			<td><strong>No. of Questions</strong></td>\n		</tr>\n		<tr>\n			<td>1</td>\n			<td>Static + Current Affairs &amp; General Knowledge</td>\n			<td>20</td>\n		</tr>\n		<tr>\n			<td>2</td>\n			<td>Basic Computer Knowledge</td>\n			<td>15</td>\n		</tr>\n		<tr>\n			<td>3</td>\n			<td>Logical Reasoning/ Quantitative Aptitude</td>\n			<td>25</td>\n		</tr>\n		<tr>\n			<td>4</td>\n			<td>General English</td>\n			<td>20</td>\n		</tr>\n		<tr>\n			<td>5</td>\n			<td>Numerical Aptitude</td>\n			<td>25</td>\n		</tr>\n		<tr>\n			<td colspan=\"2\"><strong>Total</strong></td>\n			<td><strong>100</strong></td>\n		</tr>\n	</tbody>\n</table>\n\n<h4>Exam Pattern For Revenue Accountant</h4>\n\n<table style=\"width:822px\">\n	<tbody>\n		<tr>\n			<td><strong>SNo</strong></td>\n			<td><strong>Subject</strong></td>\n			<td><strong>No. of Questions</strong></td>\n		</tr>\n		<tr>\n			<td>1</td>\n			<td>Degree Level Finance &amp; Accounts- CA/ICWA</td>\n			<td>70</td>\n		</tr>\n		<tr>\n			<td>2</td>\n			<td>General Knowledge</td>\n			<td>10</td>\n		</tr>\n		<tr>\n			<td>3</td>\n			<td>Logical Reasoning/ Quantitative Aptitude</td>\n			<td>10</td>\n		</tr>\n		<tr>\n			<td>4</td>\n			<td>General English</td>\n			<td>10</td>\n		</tr>\n		<tr>\n			<td colspan=\"2\"><strong>Total</strong></td>\n			<td><strong>100</strong></td>\n		</tr>\n	</tbody>\n</table>\n\n<p>Click For More Punjab Govt Jobs 2021</p>\n\n<h4>PSPCL Recruitment 2021: FAQs</h4>\n\n<h5><strong>Q. What is the last date for the online registration process for PSPCL Recruitment 2021?</strong></h5>\n\n<p><strong>&nbsp;</strong><strong>Ans.&nbsp;</strong>The online registration for PSPCL Recruitment 2021 has been extended till 25th July 2021.</p>\n\n<h5><strong>Q. How many vacancies are announced in PSPCL for 2021?</strong></h5>\n\n<p><strong>Ans.&nbsp;&nbsp;</strong>As per the notification released on 21st May 2021, a total of 2632 vacancies has been announced for ALM, ASSA, Clerk, JE/Electrical, and Revenue Accountant for PSPCL.</p>\n\n<h5><strong>Q. What is the age criteria to apply for PSPCL Recruitment?</strong></h5>\n\n<p><strong>Ans.&nbsp;</strong>The candidate should be in the age criteria of 18 to 37 years to apply for PSPCL Recruitment.</p>\n\n<h5><strong>Q. What is the selection process for PSPCL?</strong></h5>\n\n<p><strong>Ans.&nbsp;</strong>The candidates will be selected through an online examination and document verification.</p>\n\n<p>&nbsp;</p>\n\n<p>Download Upcoming Government Exam Calendar 2021</p>\n\n<p>Download Now</p>\n\n<p>&nbsp;</p>\n\n<p>&times;</p>\n\n<p>Download success!</p>\n\n<p>Thanks for downloading the guide. For similar guides, free study material, quizzes, videos and job alerts you can download the Adda247 app from play store.</p>\n\n<p><a href=\"https://www.adda247.com/jobs/nvs-patna-recruitment\" rel=\"prev\">Previous PostPrevious post:<br />\nNVS Patna Recruitment 2021 For TGT, PGT &amp; Other Posts</a></p>\n\n<p><a href=\"https://www.adda247.com/jobs/telangana-police-recruitment\" rel=\"next\">Next PostNext post:<br />\nTelangana Police Recruitment 2021: Notification Out For 151 Assistant Public Prosecutor</a></p>\n\n<p>Leave a comment</p>\n\n<p>Your email address will not be published.&nbsp;Required fields are marked&nbsp;*</p>\n\n<p>Comment</p>\n\n<p>Name&nbsp;*</p>\n\n<p>Email&nbsp;*</p>\n\n<p>Website</p>\n\n<p>&nbsp;Save my name, email, and website in this browser for the next time I comment.</p>\n\n<p>&nbsp;</p>\n\n<h4>IBPS Clerk Exam</h4>\n\n<ul>\n</ul>\n', 'blogs', 'false', '::1', 'Mozilla/5.0 (Windows NT 10.0; Win64; x64) AppleWebKit/537.36 (KHTML, like Gecko) Chrome/91.0.4472.124 Safari/537.36', 'PSPCL Recruitment Notification', 'draft', 'PSPCL', '', 'PSPCL Recruitment Notification', 'http://localhost:8080/blog-cms-admin/read/States/Punjab/pspcl-recruitment-notification', 'PSPCL Recruitment Notification', 'http://localhost:8080/blog-cms-admin/assets/images/uploads/1626414959.png', 'Fri, 16 Jul 2021 11:25:58 +0530', 'Fri, 16 Jul 2021 11:25:58 +0530', 'c9e68c0a-8271-4bb7-8142-4b775deebc81');
INSERT INTO `articles` (`id`, `article_id`, `title`, `slug`, `date_of_posting`, `time_of_posting`, `hero_image`, `excerpt`, `content`, `type`, `comments`, `from_ip`, `from_browser`, `hero_image_alt`, `status`, `keywords`, `visibility`, `meta_title`, `meta_url`, `meta_description`, `meta_image`, `created_at`, `updated_at`, `author_id`) VALUES
(14, '6c4ee9c0-50fb-4f8a-802f-d643d913df6b', 'PSPCL Recruitment Notification', 'pspcl-recruitment-notification', '2021-07-16', '07:52', '1626414968.png', 'PSPCL Recruitment Notification', '<p>&nbsp;</p>\n\n<p>Punjab State Power Corporation Limited (PSPCL) has invited eligible candidates for 2632 Technical and Non-Technical posts. The recruitment will be conducted for posts including Assistant Lineman, Clerk, Revenue Accountant, Junior Engineer/ Electrical, Assistant Sub Station Attendant. Go through the below article for eligibility, vacancy distribution, exam pattern, online application link and more.</p>\n\n<p>Table of Contents</p>\n\n<h2><span style=\"color:#e74c3c\">PSPCL Recruitment 2021</span></h2>\n\n<p><strong>PSPCL Recruitment 2021</strong>: Punjab State Power Corporation Limited (PSPCL) had released an official notification announcing 2632 vacancies of Technical and Non-Technical posts on its official website @pspcl.in on 21st May 2021. The recruitment will be conducted for Assistant Lineman (AL), Clerk, Revenue Accountant, Junior Engineer/ Electrical, Assistant Sub Station Attendant (ASSA) posts.&nbsp;<strong>The online registration process for PSTCL Various Vacancies has been again extended till 28th July 2021</strong><strong>.&nbsp;</strong>The interested candidates are advised to go through the below article for more information.</p>\n\n<h2><span style=\"color:#e74c3c\">PSPCL Recruitment 2021: Highlights</span></h2>\n\n<table>\n	<tbody>\n		<tr>\n			<td colspan=\"2\"><strong>PSPCL Recruitment 2021 Notification</strong></td>\n		</tr>\n		<tr>\n			<td><strong>Organization Name</strong></td>\n			<td>Punjab State Power Corporation Limited (PSPCL)</td>\n		</tr>\n		<tr>\n			<td><strong>Post Name</strong></td>\n			<td>Assistant Lineman, Clerk, Revenue Accountant, Junior Engineer/ Electrical, Assistant SubStation Attendant</td>\n		</tr>\n		<tr>\n			<td><strong>Vacancies</strong></td>\n			<td>2632</td>\n		</tr>\n		<tr>\n			<td><strong>Online Application Starts</strong></td>\n			<td><del>31st May 2021</del>&nbsp;<del>10th June 2021</del><strong>&nbsp;11th June 2021</strong></td>\n		</tr>\n		<tr>\n			<td><strong>Last Date To Apply</strong></td>\n			<td><del>20th June 2021</del>&nbsp;<del>30th June 2021</del>&nbsp;<del>25th July 2021</del><strong>&nbsp;28th July 2021</strong></td>\n		</tr>\n		<tr>\n			<td><strong>Mode Of Application</strong></td>\n			<td>Online</td>\n		</tr>\n		<tr>\n			<td><strong>Category</strong></td>\n			<td><a href=\"https://www.adda247.com/jobs/govt-jobs-punjab\" rel=\"noopener noreferrer\" target=\"_blank\"><strong>Punjab Govt Jobs</strong></a></td>\n		</tr>\n		<tr>\n			<td><strong>Selection Process</strong></td>\n			<td>Written Test &amp; Document Verification</td>\n		</tr>\n		<tr>\n			<td><strong>Location</strong></td>\n			<td>Punjab</td>\n		</tr>\n		<tr>\n			<td><strong>Official Website</strong></td>\n			<td><strong>pspcl.in</strong></td>\n		</tr>\n	</tbody>\n</table>\n\n<p>&nbsp;</p>\n\n<h2>PSPCL Recruitment Notification</h2>\n\n<p>Punjab State Power Corporation has finally released the detailed notification and online registration dates for Assistant Lineman, Clerk, Revenue Accountant, Junior Engineer/ Electrical, Assistant Sub Station Attendant. The&nbsp;<strong>detailed advertisement has been released on 21st May 2021 on pspcl.in</strong>&nbsp;stating that the registration will be active from 10th June 2021 onwards. Download the notification from the below link and check the category-wise vacancies, eligibility pay scale, selection criteria and much more</p>\n\n<p>PSPCL Recruitment Notification PDF</p>\n\n<p>&nbsp;</p>\n\n<h2>PSPCL Recruitment 2021: Important Dates</h2>\n\n<p>As per the notification released on 31st May 2021, the online registration process has been rescheduled to be commenced from 11th June to 28th July 2021 as per the recent notice. Check other important dates from the below table.</p>\n\n<table style=\"width:1068px\">\n	<tbody>\n		<tr>\n			<td><strong>Events</strong></td>\n			<td><strong>Dates</strong></td>\n		</tr>\n		<tr>\n			<td>Notification Release Date</td>\n			<td>21st May 2021</td>\n		</tr>\n		<tr>\n			<td>Online Application Starts</td>\n			<td><del>31st May 2021</del><strong>&nbsp;11th June 2021</strong></td>\n		</tr>\n		<tr>\n			<td>Last Date to Apply Online</td>\n			<td><del>20th June 2021</del>&nbsp;<del>30th June 2021</del><strong>&nbsp;25th July 2021</strong></td>\n		</tr>\n		<tr>\n			<td>Last Date of Fee Submission</td>\n			<td><del>02nd July 2021</del>&nbsp;<del>05th July 2021</del>&nbsp;25th July 2021<strong>&nbsp;28th July 2021</strong></td>\n		</tr>\n		<tr>\n			<td>Written Exam Date</td>\n			<td>To Be Notified Soon</td>\n		</tr>\n		<tr>\n			<td>Interview Date</td>\n			<td>To Be Notified Soon</td>\n		</tr>\n		<tr>\n			<td>Final Result</td>\n			<td>To Be Notified Soon</td>\n		</tr>\n	</tbody>\n</table>\n\n<h2>PSPCL Vacancy Details</h2>\n\n<p>PSPCL has announced 2632 vacancies, out of which 567 posts are for Non-Technical Posts (Clerk, Revenue Accountant) and 2065 posts are for Technical posts ( Junior Engineer, Assistant Lineman, and Assistant Sub Station Attendant). We have detailed the vacancy distribution below.</p>\n\n<h3>Technical Posts</h3>\n\n<p>A total of 2065 vacancies are published for Technical posts out of which 1700 are for Assistant Lineman, 290 for Assistant Sub Station Attendant and the remaining 75 (25-w) are for Junior Engineer (Electrical). Category-wise vacancies are as below:</p>\n\n<table style=\"width:944px\">\n	<tbody>\n		<tr>\n			<td rowspan=\"2\"><strong>SNo</strong></td>\n			<td rowspan=\"2\"><strong>Category</strong></td>\n			<td colspan=\"2\"><strong>JE (Electrical)</strong></td>\n			<td rowspan=\"2\"><strong>ALM</strong></td>\n			<td rowspan=\"2\"><strong>ASSA</strong></td>\n		</tr>\n		<tr>\n			<td><strong>Total</strong></td>\n			<td><strong>Reserved for women</strong></td>\n		</tr>\n		<tr>\n			<td>1</td>\n			<td>General</td>\n			<td>30</td>\n			<td>09</td>\n			<td>663</td>\n			<td>112</td>\n		</tr>\n		<tr>\n			<td>2</td>\n			<td>General (EWS)</td>\n			<td>07</td>\n			<td>01</td>\n			<td>170</td>\n			<td>29</td>\n		</tr>\n		<tr>\n			<td>3</td>\n			<td>SC (Mazhabi Balmiki)</td>\n			<td>07</td>\n			<td>04</td>\n			<td>171</td>\n			<td>30</td>\n		</tr>\n		<tr>\n			<td>4</td>\n			<td>SC (Mazhabi Balmiki- Ex-Serviceman- Self/Dependant)</td>\n			<td>02</td>\n			<td>&mdash;</td>\n			<td>34</td>\n			<td>05</td>\n		</tr>\n		<tr>\n			<td>5</td>\n			<td>SC (Mazhabi Balmiki-Sportsperson)</td>\n			<td>&mdash;</td>\n			<td>&mdash;</td>\n			<td>08</td>\n			<td>02</td>\n		</tr>\n		<tr>\n			<td>6</td>\n			<td>SC (Others)</td>\n			<td>07</td>\n			<td>02</td>\n			<td>169</td>\n			<td>29</td>\n		</tr>\n		<tr>\n			<td>7</td>\n			<td>SC (Others- Ex-Serviceman- Self/Dependant)</td>\n			<td>01</td>\n			<td>&mdash;</td>\n			<td>34</td>\n			<td>06</td>\n		</tr>\n		<tr>\n			<td>8</td>\n			<td>SC (Others Sportsperson)</td>\n			<td>01</td>\n			<td>&mdash;</td>\n			<td>09</td>\n			<td>01</td>\n		</tr>\n		<tr>\n			<td>9</td>\n			<td>BC</td>\n			<td>08</td>\n			<td>03</td>\n			<td>170</td>\n			<td>29</td>\n		</tr>\n		<tr>\n			<td>10</td>\n			<td>BC (Ex-Serviceman- Self/Dependant)</td>\n			<td>02</td>\n			<td>&mdash;</td>\n			<td>34</td>\n			<td>06</td>\n		</tr>\n		<tr>\n			<td>11</td>\n			<td>Ex-Serviceman- Self/Dependant</td>\n			<td>05</td>\n			<td>03</td>\n			<td>119</td>\n			<td>21</td>\n		</tr>\n		<tr>\n			<td>12</td>\n			<td>PWD (Hearing Handicapped)</td>\n			<td>01</td>\n			<td>01</td>\n			<td>68</td>\n			<td>06</td>\n		</tr>\n		<tr>\n			<td>13</td>\n			<td>PWD (Orthopedically Handicapped)</td>\n			<td>02</td>\n			<td>01</td>\n			<td>&mdash;</td>\n			<td>06</td>\n		</tr>\n		<tr>\n			<td>14</td>\n			<td>Sportsperson (General)</td>\n			<td>01</td>\n			<td>01</td>\n			<td>34</td>\n			<td>05</td>\n		</tr>\n		<tr>\n			<td>15</td>\n			<td>Freedom Fighter</td>\n			<td>01</td>\n			<td>&mdash;</td>\n			<td>17</td>\n			<td>03</td>\n		</tr>\n		<tr>\n			<td>&nbsp;</td>\n			<td><strong>Total</strong></td>\n			<td><strong>75</strong></td>\n			<td>25</td>\n			<td><strong>1700</strong></td>\n			<td><strong>290</strong></td>\n		</tr>\n	</tbody>\n</table>\n\n<h3>Non-Technical Posts</h3>\n\n<p>A total of 567 vacancies are published for Non-Technical posts out of which 549 (186-w) are for Clerk and reminding 18 (06-w) are for Revenue Accountant. Category-wise vacancies are as below:</p>\n\n<table style=\"width:950px\">\n	<tbody>\n		<tr>\n			<td rowspan=\"2\"><strong>SNo</strong></td>\n			<td rowspan=\"2\"><strong>Category</strong></td>\n			<td colspan=\"2\"><strong>Clerk</strong></td>\n			<td colspan=\"2\"><strong>Revenue Accountant</strong></td>\n		</tr>\n		<tr>\n			<td><strong>Total</strong></td>\n			<td><strong>Reserved for women</strong></td>\n			<td><strong>Total</strong></td>\n			<td><strong>Reserved for women</strong></td>\n		</tr>\n		<tr>\n			<td>1</td>\n			<td>General</td>\n			<td><strong>214</strong></td>\n			<td>60</td>\n			<td><strong>12</strong></td>\n			<td>03</td>\n		</tr>\n		<tr>\n			<td>2</td>\n			<td>General (EWS)</td>\n			<td><strong>55</strong></td>\n			<td>18</td>\n			<td><strong>&mdash;</strong></td>\n			<td>&mdash;</td>\n		</tr>\n		<tr>\n			<td>3</td>\n			<td>SC (Mazhabi Balmiki)</td>\n			<td><strong>55</strong></td>\n			<td>21</td>\n			<td><strong>02</strong></td>\n			<td>01</td>\n		</tr>\n		<tr>\n			<td>4</td>\n			<td>SC (Mazhabi Balmiki- Ex-Serviceman- Self/Dependant)</td>\n			<td><strong>10</strong></td>\n			<td>&mdash;</td>\n			<td><strong>&mdash;</strong></td>\n			<td>&mdash;</td>\n		</tr>\n		<tr>\n			<td>5</td>\n			<td>SC (Mazhabi Balmiki-Sportsperson)</td>\n			<td><strong>03</strong></td>\n			<td>&mdash;</td>\n			<td><strong>&mdash;</strong></td>\n			<td>&mdash;</td>\n		</tr>\n		<tr>\n			<td>6</td>\n			<td>SC (Others)</td>\n			<td><strong>55</strong></td>\n			<td>23</td>\n			<td><strong>&mdash;</strong></td>\n			<td>&mdash;</td>\n		</tr>\n		<tr>\n			<td>7</td>\n			<td>SC (Others- Ex-Serviceman- Self/Dependant)</td>\n			<td><strong>11</strong></td>\n			<td>&mdash;</td>\n			<td><strong>&mdash;</strong></td>\n			<td>&mdash;</td>\n		</tr>\n		<tr>\n			<td>8</td>\n			<td>SC (Others Sportsperson)</td>\n			<td><strong>03</strong></td>\n			<td>&mdash;</td>\n			<td><strong>&mdash;</strong></td>\n			<td>&mdash;</td>\n		</tr>\n		<tr>\n			<td>9</td>\n			<td>BC</td>\n			<td><strong>55</strong></td>\n			<td>22</td>\n			<td><strong>&mdash;</strong></td>\n			<td>&mdash;</td>\n		</tr>\n		<tr>\n			<td>10</td>\n			<td>BC (Ex-Serviceman- Self/Dependant)</td>\n			<td><strong>11</strong></td>\n			<td>&mdash;</td>\n			<td><strong>&mdash;</strong></td>\n			<td>&mdash;</td>\n		</tr>\n		<tr>\n			<td>11</td>\n			<td>Ex-Serviceman- Self/Dependant</td>\n			<td><strong>38</strong></td>\n			<td>22</td>\n			<td><strong>01</strong></td>\n			<td>01</td>\n		</tr>\n		<tr>\n			<td>12</td>\n			<td>PWD (Visually Handicapped)</td>\n			<td><strong>06</strong></td>\n			<td>03</td>\n			<td><strong>&mdash;</strong></td>\n			<td>&mdash;</td>\n		</tr>\n		<tr>\n			<td>13</td>\n			<td>PWD (Hearing Handicapped)</td>\n			<td><strong>06</strong></td>\n			<td>03</td>\n			<td><strong>&mdash;</strong></td>\n			<td>&mdash;</td>\n		</tr>\n		<tr>\n			<td>14</td>\n			<td>PWD (Orthopedically Handicapped)</td>\n			<td><strong>05</strong></td>\n			<td>03</td>\n			<td><strong>&mdash;</strong></td>\n			<td>&mdash;</td>\n		</tr>\n		<tr>\n			<td>15</td>\n			<td>PWD (Mental Disability)</td>\n			<td><strong>05</strong></td>\n			<td>02</td>\n			<td><strong>01</strong></td>\n			<td>&mdash;</td>\n		</tr>\n		<tr>\n			<td>16</td>\n			<td>Sportsperson (General)</td>\n			<td><strong>12</strong></td>\n			<td>06</td>\n			<td><strong>01</strong></td>\n			<td>01</td>\n		</tr>\n		<tr>\n			<td>17</td>\n			<td>Freedom Fighter</td>\n			<td><strong>05</strong></td>\n			<td>03</td>\n			<td><strong>01</strong></td>\n			<td>&mdash;</td>\n		</tr>\n		<tr>\n			<td>&nbsp;</td>\n			<td><strong>Total</strong></td>\n			<td><strong>549</strong></td>\n			<td>186</td>\n			<td><strong>18</strong></td>\n			<td>06</td>\n		</tr>\n	</tbody>\n</table>\n\n<h2>PSPCL Recruitment 2021: Eligibility Criteria</h2>\n\n<p>The interested candidates who fulfil the below-mentioned eligibility can apply for the PSPCL Recruitment 2021. Check academic requirements and age limits for various technical and non-technical posts.</p>\n\n<h3>Education Qualification</h3>\n\n<table style=\"width:945px\">\n	<tbody>\n		<tr>\n			<td><strong>SNo</strong></td>\n			<td><strong>Post Name</strong></td>\n			<td><strong>Academic Qualification</strong></td>\n		</tr>\n		<tr>\n			<td>1</td>\n			<td>Clerk</td>\n			<td>Applicants must have graduation (in any stream) with a computer knowledge course certificate of 120 Hours duration</td>\n		</tr>\n		<tr>\n			<td>2</td>\n			<td>Junior Engineer or Electrical Post</td>\n			<td>The candidates must have an educational qualification in regular 3 or 4 years of diploma in electrical/ electrical and electronics/ Computer science/ IT Engineering with a minimum of 60% marks.</td>\n		</tr>\n		<tr>\n			<td>3</td>\n			<td>Revenue Accountant</td>\n			<td>A regular degree in B.Com with 60% aggregate marks or a regular degree in M.Com with 50% aggregate marks or CA Inter/ ICWAI Inter</td>\n		</tr>\n		<tr>\n			<td>4</td>\n			<td>Assistant Lineman</td>\n			<td>The candidates must have Bachelors&rsquo;s degree ( in any subject) with computer &amp; shorthand knowledge.</td>\n		</tr>\n		<tr>\n			<td>5</td>\n			<td>Assistant Sub Station Attendant</td>\n			<td>The candidates should have done a full-time course in ITI/Electrical/Electrician/Wireman with minimum of 60% marks and 2 years apprenticeship experience in PSEB or full-time regular diploma in Electrical Engineering/ Electronics &amp; Communication/ Instrumentation &amp; Process Control with 60% marks</td>\n		</tr>\n	</tbody>\n</table>\n\n<h5><em>Note: The candidate must have passed Punjabi at Matriculation or its equivalent level</em></h5>\n\n<h3>Age Limit (as on 01/01/2021)</h3>\n\n<p>A candidate must have a minimum age limit of&nbsp;<strong>18 years&nbsp;</strong>and a maximum of&nbsp;<strong>37 years.&nbsp;</strong>Age relaxation will be followed as per the Govt. of Punjab instructions.</p>\n\n<h2>How to Apply For PSPCL Assistant Lineman Recruitment 2021</h2>\n\n<ol>\n	<li>Visit the official website of PSPCL @<strong>pspcl.in&nbsp;</strong>or directly apply from the below link which is active now</li>\n	<li>Scroll down and click on the &ldquo;Recruitment&rdquo; icon on the homepage</li>\n	<li>Click on the notification for PSPCL Assistant Lineman, Clerk, And other posts Recruitment 2021.</li>\n	<li>Click on the apply button and start filling in all the required details for the post eligible for.</li>\n	<li>Upload the document and pay the application fee if applicable.</li>\n	<li>Submit the application form and download it for future reference.</li>\n</ol>\n\n<h3>Application Fees</h3>\n\n<p>The candidates have to pay the non-refundable application fee while applying for PSPCL various posts. Check the application fee from the below table.</p>\n\n<table style=\"width:920px\">\n	<tbody>\n		<tr>\n			<td><strong>Category</strong></td>\n			<td><strong>Application Fees</strong></td>\n			<td><strong>Applicable GST @18%</strong></td>\n			<td><strong>Total Application Fee</strong></td>\n		</tr>\n		<tr>\n			<td>All category except SC &amp; PWD</td>\n			<td>Rs. 800</td>\n			<td>Rs. 140</td>\n			<td>Rs. 944 (bank charges if applicable</td>\n		</tr>\n		<tr>\n			<td>SC &amp; PWD</td>\n			<td>Rs. 500</td>\n			<td>Rs. 90</td>\n			<td>Rs.590 (bank charges if applicable)</td>\n		</tr>\n	</tbody>\n</table>\n\n<h2>Online Application Link For PSPCL Recruitment 2021</h2>\n\n<p>The Punjab State Power Corporation Limited (PSPCL) has begun the online registration for 2632 Technical and Non-Technical posts on its official website from 11th June 2021 onwards&nbsp;<strong>The last date to apply online has been again extended to 28th July 2021.</strong>&nbsp;The candidates are advised to apply from the below link much before the last date arrives.</p>\n\n<h4>Link to Apply For PSPCL Recruitment 2021</h4>\n\n<p>&nbsp;</p>\n\n<h2>PSPCL Recruitment 2021: Selection Process</h2>\n\n<p>The candidate has to qualify for online examinations with minimum qualifying marks. The pattern of the online examination has been provided here.</p>\n\n<h4>Exam Pattern For JE, ALM, ASSA</h4>\n\n<table style=\"width:865px\">\n	<tbody>\n		<tr>\n			<td><strong>SNo</strong></td>\n			<td><strong>Subject</strong></td>\n			<td><strong>No. of Questions</strong></td>\n		</tr>\n		<tr>\n			<td>1</td>\n			<td>Question-Related to the concerned discipline of the post applied</td>\n			<td>70</td>\n		</tr>\n		<tr>\n			<td>2</td>\n			<td>General Knowledge</td>\n			<td>10</td>\n		</tr>\n		<tr>\n			<td>3</td>\n			<td>Logical Reasoning</td>\n			<td>10</td>\n		</tr>\n		<tr>\n			<td>4</td>\n			<td>General English</td>\n			<td>10</td>\n		</tr>\n		<tr>\n			<td colspan=\"2\"><strong>Total</strong></td>\n			<td><strong>100</strong></td>\n		</tr>\n	</tbody>\n</table>\n\n<h4>Exam Pattern For Clerk</h4>\n\n<table style=\"width:833px\">\n	<tbody>\n		<tr>\n			<td><strong>SNo</strong></td>\n			<td><strong>Subject</strong></td>\n			<td><strong>No. of Questions</strong></td>\n		</tr>\n		<tr>\n			<td>1</td>\n			<td>Static + Current Affairs &amp; General Knowledge</td>\n			<td>20</td>\n		</tr>\n		<tr>\n			<td>2</td>\n			<td>Basic Computer Knowledge</td>\n			<td>15</td>\n		</tr>\n		<tr>\n			<td>3</td>\n			<td>Logical Reasoning/ Quantitative Aptitude</td>\n			<td>25</td>\n		</tr>\n		<tr>\n			<td>4</td>\n			<td>General English</td>\n			<td>20</td>\n		</tr>\n		<tr>\n			<td>5</td>\n			<td>Numerical Aptitude</td>\n			<td>25</td>\n		</tr>\n		<tr>\n			<td colspan=\"2\"><strong>Total</strong></td>\n			<td><strong>100</strong></td>\n		</tr>\n	</tbody>\n</table>\n\n<h4>Exam Pattern For Revenue Accountant</h4>\n\n<table style=\"width:822px\">\n	<tbody>\n		<tr>\n			<td><strong>SNo</strong></td>\n			<td><strong>Subject</strong></td>\n			<td><strong>No. of Questions</strong></td>\n		</tr>\n		<tr>\n			<td>1</td>\n			<td>Degree Level Finance &amp; Accounts- CA/ICWA</td>\n			<td>70</td>\n		</tr>\n		<tr>\n			<td>2</td>\n			<td>General Knowledge</td>\n			<td>10</td>\n		</tr>\n		<tr>\n			<td>3</td>\n			<td>Logical Reasoning/ Quantitative Aptitude</td>\n			<td>10</td>\n		</tr>\n		<tr>\n			<td>4</td>\n			<td>General English</td>\n			<td>10</td>\n		</tr>\n		<tr>\n			<td colspan=\"2\"><strong>Total</strong></td>\n			<td><strong>100</strong></td>\n		</tr>\n	</tbody>\n</table>\n\n<p>Click For More Punjab Govt Jobs 2021</p>\n\n<h4>PSPCL Recruitment 2021: FAQs</h4>\n\n<h5><strong>Q. What is the last date for the online registration process for PSPCL Recruitment 2021?</strong></h5>\n\n<p><strong>&nbsp;</strong><strong>Ans.&nbsp;</strong>The online registration for PSPCL Recruitment 2021 has been extended till 25th July 2021.</p>\n\n<h5><strong>Q. How many vacancies are announced in PSPCL for 2021?</strong></h5>\n\n<p><strong>Ans.&nbsp;&nbsp;</strong>As per the notification released on 21st May 2021, a total of 2632 vacancies has been announced for ALM, ASSA, Clerk, JE/Electrical, and Revenue Accountant for PSPCL.</p>\n\n<h5><strong>Q. What is the age criteria to apply for PSPCL Recruitment?</strong></h5>\n\n<p><strong>Ans.&nbsp;</strong>The candidate should be in the age criteria of 18 to 37 years to apply for PSPCL Recruitment.</p>\n\n<h5><strong>Q. What is the selection process for PSPCL?</strong></h5>\n\n<p><strong>Ans.&nbsp;</strong>The candidates will be selected through an online examination and document verification.</p>\n\n<p>&nbsp;</p>\n\n<p>Download Upcoming Government Exam Calendar 2021</p>\n\n<p>Download Now</p>\n\n<p>&nbsp;</p>\n\n<p>&times;</p>\n\n<p>Download success!</p>\n\n<p>Thanks for downloading the guide. For similar guides, free study material, quizzes, videos and job alerts you can download the Adda247 app from play store.</p>\n\n<p><a href=\"https://www.adda247.com/jobs/nvs-patna-recruitment\" rel=\"prev\">Previous PostPrevious post:<br />\nNVS Patna Recruitment 2021 For TGT, PGT &amp; Other Posts</a></p>\n\n<p><a href=\"https://www.adda247.com/jobs/telangana-police-recruitment\" rel=\"next\">Next PostNext post:<br />\nTelangana Police Recruitment 2021: Notification Out For 151 Assistant Public Prosecutor</a></p>\n\n<p>Leave a comment</p>\n\n<p>Your email address will not be published.&nbsp;Required fields are marked&nbsp;*</p>\n\n<p>Comment</p>\n\n<p>Name&nbsp;*</p>\n\n<p>Email&nbsp;*</p>\n\n<p>Website</p>\n\n<p>&nbsp;Save my name, email, and website in this browser for the next time I comment.</p>\n\n<p>&nbsp;</p>\n\n<h4>IBPS Clerk Exam</h4>\n\n<ul>\n</ul>\n', 'blogs', 'false', '::1', 'Mozilla/5.0 (Windows NT 10.0; Win64; x64) AppleWebKit/537.36 (KHTML, like Gecko) Chrome/91.0.4472.124 Safari/537.36', 'PSPCL Recruitment Notification', 'published', 'PSPCL', 'public', 'PSPCL Recruitment Notification', 'http://localhost:8080/blog-cms-admin/read/States/Punjab/pspcl-recruitment-notification', 'PSPCL Recruitment Notification', 'http://localhost:8080/blog-cms-admin/assets/images/uploads/1626414968.png', 'Fri, 16 Jul 2021 11:26:08 +0530', 'Fri, 16 Jul 2021 11:26:08 +0530', 'c9e68c0a-8271-4bb7-8142-4b775deebc81'),
(17, 'b8b54373-9276-43ea-9a42-57a9526a958f', 'dsds', 'dsds', '2021-07-17', '14:13', '1626524061.png', 'sdsd', '<p>sdds</p>\n', 'blogs', 'true', '::1', 'Mozilla/5.0 (Windows NT 10.0; Win64; x64) AppleWebKit/537.36 (KHTML, like Gecko) Chrome/91.0.4472.124 Safari/537.36', 'sdsd', 'published', 'dssd', 'public', 'dsdsdssd', 'http://localhost:8080/blog-cms-admin/read/jobs/dsds', 'sdsd', 'http://localhost:8080/blog-cms-admin/assets/images/uploads/1626524061.png', 'Sat, 17 Jul 2021 17:44:20 +0530', 'Sat, 17 Jul 2021 17:44:20 +0530', '9514003d-8529-4176-9b69-a3f8b6bff1bf'),
(18, 'e9552615-bf6b-44fb-91e5-41ee25447bc0', 'dsdsdsd', 'dsdsd', '2021-07-17', '14:59', '1626526786.png', 'sdds', '<p>sddsdsds</p>\n', 'blogs', 'true', '::1', 'Mozilla/5.0 (Windows NT 10.0; Win64; x64) AppleWebKit/537.36 (KHTML, like Gecko) Chrome/91.0.4472.124 Safari/537.36', 'sdsdds', 'published', 'sdds', 'public', 'dsdsd', 'http://localhost:8080/blog-cms-admin/read/punjab/dsdsd', 'sdds', 'http://localhost:8080/blog-cms-admin/assets/images/uploads/1626526786.png', 'Sat, 17 Jul 2021 18:29:46 +0530', 'Sat, 17 Jul 2021 18:29:46 +0530', 'c9e68c0a-8271-4bb7-8142-4b775deebc81'),
(24, '4ae857e3-6c60-4a05-b436-d2cca878082d', 'sdds', 'sdds', '2021-07-22', '10:13', '1627213529.png', 'sdsd', '<p>dssd</p>\n', 'blogs', 'true', '::1', 'Mozilla/5.0 (Linux; Android 6.0; Nexus 5 Build/MRA58N) AppleWebKit/537.36 (KHTML, like Gecko) Chrome/91.0.4472.164 Mobile Safari/537.36', 'dssd', 'draft', 'sdds', 'public', 'sdds', 'http://localhost:8080/blog-cms-admin/read-cat/jobs/sdds', 'sdds', 'http://localhost:8080/blog-cms-admin/article-dashboard/assets/images/uploads/1627213529.png', 'Thu, 22 Jul 2021 13:43:27 +0530', 'Thu, 22 Jul 2021 13:43:27 +0530', '9514003d-8529-4176-9b69-a3f8b6bff1bf'),
(25, '618a3311-d5f5-4744-8efa-c6f1d6896900', 'sdsd', 'sdsd', '2021-07-22', '10:20', '1626942052.png', 'sdsd', '<p>sdsd</p>\n', 'blogs', 'true', '::1', 'Mozilla/5.0 (Windows NT 10.0; Win64; x64) AppleWebKit/537.36 (KHTML, like Gecko) Chrome/91.0.4472.164 Safari/537.36', 'sdsd', 'draft', 'sdds', 'public', 'sdsd', 'http://localhost:8080/blog-cms-admin/read/jobs/sdsd', 'sdds', 'http://localhost:8080/blog-cms-admin/assets/images/uploads/1626942052.png', 'Thu, 22 Jul 2021 13:50:51 +0530', 'Thu, 22 Jul 2021 13:50:51 +0530', '9514003d-8529-4176-9b69-a3f8b6bff1bf'),
(26, '69e3cdf5-5d13-4477-ae18-c34bb2457463', 'sdsd', 'sdsd', '2021-07-22', '10:20', '1626942433.png', 'sdsd', '<p>sdsd</p>\n', 'blogs', 'true', '::1', 'Mozilla/5.0 (Windows NT 10.0; Win64; x64) AppleWebKit/537.36 (KHTML, like Gecko) Chrome/91.0.4472.164 Safari/537.36', 'sdsd', 'draft', 'sdds', 'public', 'sdsd', 'http://localhost:8080/blog-cms-admin/read/jobs/sdsd', 'sdds', 'http://localhost:8080/blog-cms-admin/assets/images/uploads/1626942433.png', 'Thu, 22 Jul 2021 13:57:12 +0530', 'Thu, 22 Jul 2021 13:57:12 +0530', '9514003d-8529-4176-9b69-a3f8b6bff1bf'),
(27, '487c68f5-366e-40e6-b675-0be8ce2e1f58', 'sdds', 'sdds', '2021-07-22', '10:30', '1626942666.png', 'dsds', '<p>sdsd</p>\n', 'blogs', 'true', '::1', 'Mozilla/5.0 (Windows NT 10.0; Win64; x64) AppleWebKit/537.36 (KHTML, like Gecko) Chrome/91.0.4472.164 Safari/537.36', 'sdds', 'published', 'sdds', 'public', 'sdds', 'http://localhost:8080/blog-cms-admin/read/jobs/sdds', 'sdds', 'http://localhost:8080/blog-cms-admin/assets/images/uploads/1626942666.png', 'Thu, 22 Jul 2021 14:01:05 +0530', 'Thu, 22 Jul 2021 14:01:05 +0530', '9514003d-8529-4176-9b69-a3f8b6bff1bf'),
(28, '021a9233-7ee7-44db-9657-d54ef657c709', 'sdds', 'sdds', '2021-07-22', '10:30', '1626942892.png', 'dsds', '<p>sdsd</p>\n', 'blogs', 'true', '::1', 'Mozilla/5.0 (Windows NT 10.0; Win64; x64) AppleWebKit/537.36 (KHTML, like Gecko) Chrome/91.0.4472.164 Safari/537.36', 'sdds', 'draft', 'sdds', 'public', 'sdds', 'http://localhost:8080/blog-cms-admin/read/jobs/sdds', 'sdds', 'http://localhost:8080/blog-cms-admin/assets/images/uploads/1626942892.png', 'Thu, 22 Jul 2021 14:04:51 +0530', 'Thu, 22 Jul 2021 14:04:51 +0530', '9514003d-8529-4176-9b69-a3f8b6bff1bf'),
(29, '445a3e91-0eb1-4b74-888b-586d7b8d9f47', 'hey', 'hey', '2021-07-22', '10:34', '1626943050.png', 'sdds', '<p>sdds</p>\n', 'blogs', 'true', '::1', 'Mozilla/5.0 (Windows NT 10.0; Win64; x64) AppleWebKit/537.36 (KHTML, like Gecko) Chrome/91.0.4472.164 Safari/537.36', 'sdsds', 'published', 'sdds', 'public', 'hey', 'http://localhost:8080/blog-cms-admin/read/jobs/hey', 'sdds', 'http://localhost:8080/blog-cms-admin/assets/images/uploads/1626943050.png', 'Thu, 22 Jul 2021 14:07:30 +0530', 'Thu, 22 Jul 2021 14:07:30 +0530', '9514003d-8529-4176-9b69-a3f8b6bff1bf'),
(30, '2b43dbc0-c60e-4bb3-aa47-1d8406957d60', 'sdds', 'sdds', '2021-07-22', '12:38', '1626950345.png', 'dsds', '<p>dssdds</p>\n', 'blogs', 'true', '::1', 'Mozilla/5.0 (Windows NT 10.0; Win64; x64) AppleWebKit/537.36 (KHTML, like Gecko) Chrome/91.0.4472.164 Safari/537.36', 'sdds', 'published', 'sdds', 'public', 'sddsdsds', 'http://localhost:8080/blog-cms-admin/read/jobs/sdds', 'sdds', 'http://localhost:8080/blog-cms-admin/assets/images/uploads/1626950345.png', 'Thu, 22 Jul 2021 16:09:05 +0530', 'Thu, 22 Jul 2021 16:09:05 +0530', '9514003d-8529-4176-9b69-a3f8b6bff1bf'),
(31, '9ba43cfa-aa68-401c-b90d-4edcf112c79e', 'sdds', 'sdds', '2021-07-22', '12:39', '1626950375.png', 'sdds', '<p>sdds</p>\n', 'blogs', 'true', '::1', 'Mozilla/5.0 (Windows NT 10.0; Win64; x64) AppleWebKit/537.36 (KHTML, like Gecko) Chrome/91.0.4472.164 Safari/537.36', 'sdsd', 'draft', 'sdds', 'public', 'sdds', 'http://localhost:8080/blog-cms-admin/read/jobs/sdds', 'sdds', 'http://localhost:8080/blog-cms-admin/assets/images/uploads/1626950375.png', 'Thu, 22 Jul 2021 16:09:35 +0530', 'Thu, 22 Jul 2021 16:09:35 +0530', '9514003d-8529-4176-9b69-a3f8b6bff1bf'),
(32, '7b437241-ea11-4bb8-abf9-bfb2796d65a0', 'sdds', 'sdds', '2021-07-22', '12:41', '1626950487.png', 'dsds', '<p>sdds</p>\n', 'blogs', 'true', '::1', 'Mozilla/5.0 (Windows NT 10.0; Win64; x64) AppleWebKit/537.36 (KHTML, like Gecko) Chrome/91.0.4472.164 Safari/537.36', 'sdds', 'draft', 'sdsd', 'public', 'sdds', 'http://localhost:8080/blog-cms-admin/read-cat/jobs/sdds', 'dsds', 'http://localhost:8080/blog-cms-admin/assets/images/uploads/1626950487.png', 'Thu, 22 Jul 2021 16:11:27 +0530', 'Thu, 22 Jul 2021 16:11:27 +0530', '9514003d-8529-4176-9b69-a3f8b6bff1bf'),
(33, 'e2363ce7-8727-4521-b285-e3e22a5b2193', 'sdds', 'sdds', '2021-07-22', '12:41', '1626950536.png', 'dsds', '<p>sdds</p>\n', 'blogs', 'true', '::1', 'Mozilla/5.0 (Windows NT 10.0; Win64; x64) AppleWebKit/537.36 (KHTML, like Gecko) Chrome/91.0.4472.164 Safari/537.36', 'sdds', 'published', 'sdsd', 'public', 'sdds', 'http://localhost:8080/blog-cms-admin/read-cat/jobs/sdds', 'dsds', 'http://localhost:8080/blog-cms-admin/assets/images/uploads/1626950536.png', 'Thu, 22 Jul 2021 16:12:16 +0530', 'Thu, 22 Jul 2021 16:12:16 +0530', '9514003d-8529-4176-9b69-a3f8b6bff1bf'),
(34, '9b745376-2279-4eac-aee5-165326d7dad2', 'asas', 'asas', '2021-07-23', '08:43', '1627022681.png', 'aasas', '<p>asas</p>\n', 'blogs', 'true', '::1', 'Mozilla/5.0 (Windows NT 10.0; Win64; x64) AppleWebKit/537.36 (KHTML, like Gecko) Chrome/91.0.4472.164 Safari/537.36', 'zxzxxz', 'published', 'asa', 'public', 'asas', 'http://localhost:8080/blog-cms-admin/read-cat/jobs/asas', 'asas', 'http://localhost:8080/blog-cms-admin/assets/images/uploads/1627022681.png', 'Fri, 23 Jul 2021 12:14:41 +0530', 'Fri, 23 Jul 2021 12:14:41 +0530', '9514003d-8529-4176-9b69-a3f8b6bff1bf'),
(35, '22269cbf-0af6-479b-b4b3-54a82ce63c6c', 'zxzx', 'zxzx', '2021-07-23', '08:44', '1627022709.png', 'xzzx', '<p>xzzx</p>\n', 'blogs', 'true', '::1', 'Mozilla/5.0 (Windows NT 10.0; Win64; x64) AppleWebKit/537.36 (KHTML, like Gecko) Chrome/91.0.4472.164 Safari/537.36', 'xzzx', 'published', 'zxzx', 'public', 'zxzx', 'http://localhost:8080/blog-cms-admin/read-cat/jobs/zxzx', 'xzxz', 'http://localhost:8080/blog-cms-admin/assets/images/uploads/1627022709.png', 'Fri, 23 Jul 2021 12:15:08 +0530', 'Fri, 23 Jul 2021 12:15:08 +0530', '9514003d-8529-4176-9b69-a3f8b6bff1bf'),
(36, '3234190f-2b1e-4ff6-bc8a-1e1a96d5cc44', 'xzz', 'xzz', '2021-07-23', '08:45', '1627022744.png', 'zxz', '<p>zxzx</p>\n', 'blogs', 'true', '::1', 'Mozilla/5.0 (Windows NT 10.0; Win64; x64) AppleWebKit/537.36 (KHTML, like Gecko) Chrome/91.0.4472.164 Safari/537.36', 'zxzx', 'published', 'xzxz', 'public', 'xzz', 'http://localhost:8080/blog-cms-admin/read-cat/jobs/xzz', 'xzxzzx', 'http://localhost:8080/blog-cms-admin/assets/images/uploads/1627022744.png', 'Fri, 23 Jul 2021 12:15:44 +0530', 'Fri, 23 Jul 2021 12:15:44 +0530', 'c9e68c0a-8271-4bb7-8142-4b775deebc81'),
(37, 'f97b86af-be31-4a92-a81b-2e5ca7b7e6a7', 'assa', 'assa', '2021-07-23', '08:46', '1627022800.png', 'asas', '<p>asas</p>\n', 'blogs', 'true', '::1', 'Mozilla/5.0 (Windows NT 10.0; Win64; x64) AppleWebKit/537.36 (KHTML, like Gecko) Chrome/91.0.4472.164 Safari/537.36', 'asasas', 'published', 'asas', 'public', 'assa', 'http://localhost:8080/blog-cms-admin/read-cat/jobs/assa', 'asas', 'http://localhost:8080/blog-cms-admin/assets/images/uploads/1627022800.png', 'Fri, 23 Jul 2021 12:16:40 +0530', 'Fri, 23 Jul 2021 12:16:40 +0530', '9514003d-8529-4176-9b69-a3f8b6bff1bf'),
(38, '2676852e-39a8-42f8-9d9a-85eb9bb88805', 'assasa', 'assasa', '2021-07-23', '08:46', '1627022841.png', 'asas', '<p>asas</p>\n', 'blogs', 'true', '::1', 'Mozilla/5.0 (Windows NT 10.0; Win64; x64) AppleWebKit/537.36 (KHTML, like Gecko) Chrome/91.0.4472.164 Safari/537.36', 'asas', 'published', 'saas', 'public', 'assasa', 'http://localhost:8080/blog-cms-admin/read-cat/jobs/assasa', 'asas', 'http://localhost:8080/blog-cms-admin/assets/images/uploads/1627022841.png', 'Fri, 23 Jul 2021 12:17:20 +0530', 'Fri, 23 Jul 2021 12:17:20 +0530', '9514003d-8529-4176-9b69-a3f8b6bff1bf'),
(39, '921fa808-28b8-4611-babe-9a8a468ea65b', 'asas', 'asas', '2021-07-23', '08:47', '1627022893.png', 'asas', '<p>asas</p>\n', 'blogs', 'true', '::1', 'Mozilla/5.0 (Windows NT 10.0; Win64; x64) AppleWebKit/537.36 (KHTML, like Gecko) Chrome/91.0.4472.164 Safari/537.36', 'asasas', 'published', 'saas', 'public', 'asas', 'http://localhost:8080/blog-cms-admin/read-cat/jobs/asas', 'saas', 'http://localhost:8080/blog-cms-admin/assets/images/uploads/1627022893.png', 'Fri, 23 Jul 2021 12:18:12 +0530', 'Fri, 23 Jul 2021 12:18:12 +0530', '9514003d-8529-4176-9b69-a3f8b6bff1bf'),
(40, '13c58939-28f3-43aa-81cb-3884ce66eb74', 'sds', 'sds', '2021-07-23', '08:48', '1627022926.png', 'sdsd', '<p>dsds</p>\n', 'blogs', 'true', '::1', 'Mozilla/5.0 (Windows NT 10.0; Win64; x64) AppleWebKit/537.36 (KHTML, like Gecko) Chrome/91.0.4472.164 Safari/537.36', 'sdsddsd', 'published', 'sds', 'public', 'sds', 'http://localhost:8080/blog-cms-admin/read-cat/jobs/sds', 'sdsd', 'http://localhost:8080/blog-cms-admin/assets/images/uploads/1627022926.png', 'Fri, 23 Jul 2021 12:18:45 +0530', 'Fri, 23 Jul 2021 12:18:45 +0530', '9514003d-8529-4176-9b69-a3f8b6bff1bf'),
(41, '35e29aef-e044-4a87-94cb-e4e9f1f00d0b', 'hello all', 'hello-all', '2021-07-24', '08:17', '1627107639.png', 'hello all', '<p>hello all</p>\n', 'blogs', 'true', '::1', 'Mozilla/5.0 (Windows NT 10.0; Win64; x64) AppleWebKit/537.36 (KHTML, like Gecko) Chrome/92.0.4515.107 Safari/537.36', 'hello all', 'published', 'hello all', 'public', 'hello all', 'http://localhost:8080/blog-cms-admin/read-cat/jobs/hello-all', 'hello all', 'http://localhost:8080/blog-cms-admin/article-dashboard/assets/images/uploads/1627107639.png', 'Sat, 24 Jul 2021 11:50:38 +0530', 'Sat, 24 Jul 2021 11:50:38 +0530', 'Select an Author'),
(45, '7f49d635-5b70-4d85-aa70-097faedea385', 'sdds', 'sdds', '2021-07-24', '08:32', '1627214905.png', 'sdds', '<p>dssd</p>\n', 'blogs', 'true', '::1', 'Mozilla/5.0 (Windows NT 10.0; Win64; x64) AppleWebKit/537.36 (KHTML, like Gecko) Chrome/92.0.4515.107 Safari/537.36', 'sdsd', 'published', 'dsds', 'public', 'sdds', 'http://localhost:8080/blog-cms-admin/read-cat/job-notification/sdds', 'sdds', 'http://localhost:8080/blog-cms-admin/article-dashboard/assets/images/uploads/1627214905.png', 'Sat, 24 Jul 2021 12:05:29 +0530', 'Sat, 24 Jul 2021 12:05:29 +0530', '9514003d-8529-4176-9b69-a3f8b6bff1bf'),
(46, '83c0c795-68df-4924-918a-d5c0e2b4f4e7', 'hey all', 'hey-all', '2021-07-24', '09:29', '1627111848.png', 'dsdssddssd', '<p>hey hi</p>\n', 'blogs', 'true', '::1', 'Mozilla/5.0 (Windows NT 10.0; Win64; x64) AppleWebKit/537.36 (KHTML, like Gecko) Chrome/92.0.4515.107 Safari/537.36', 'hey all', 'published', 'dds', 'public', 'hey all', 'http://localhost:8080/blog-cms-admin/read/JOBS/PSSB/hey-all', 'sdds', 'http://localhost:8080/blog-cms-admin/article-dashboard/assets/images/uploads/1627111848.png', 'Sat, 24 Jul 2021 13:00:48 +0530', 'Sat, 24 Jul 2021 13:00:48 +0530', '9514003d-8529-4176-9b69-a3f8b6bff1bf'),
(47, '2e78d271-1371-44c2-b1f5-b29a373bd33b', 'hey save', 'hey-save', '2021-07-24', '10:10', '1627114273.png', 'hey save', '<p>hey save</p>\n', 'blogs', 'true', '::1', 'Mozilla/5.0 (Windows NT 10.0; Win64; x64) AppleWebKit/537.36 (KHTML, like Gecko) Chrome/92.0.4515.107 Safari/537.36', 'hey save', 'draft', 'hey save', 'public', 'hey save', 'http://localhost:8080/blog-cms-admin/read/JOBS/Punjab-Anganwadi/hey-save', 'hey save', 'http://localhost:8080/blog-cms-admin/article-dashboard/assets/images/uploads/1627114273.png', 'Sat, 24 Jul 2021 13:41:13 +0530', 'Sat, 24 Jul 2021 13:41:13 +0530', '9514003d-8529-4176-9b69-a3f8b6bff1bf'),
(48, 'a34d9895-0193-4e68-8057-1e8e7b091481', 'dsdssd', 'dsds', '2021-07-25', '08:53', '1627196154.png', 'sdsd', '<p>dsds</p>\n', 'blogs', 'true', '::1', 'Mozilla/5.0 (Windows NT 10.0; Win64; x64) AppleWebKit/537.36 (KHTML, like Gecko) Chrome/92.0.4515.107 Safari/537.36', 'dssdsd', 'published', 'sdds', 'public', 'dsds', 'http://localhost:8080/blog-cms-admin/read-cat/jobs/dsds', 'sdsdsd', 'http://localhost:8080/blog-cms-admin/article-dashboard/assets/images/uploads/1627196154.png', 'Sun, 25 Jul 2021 12:25:53 +0530', 'Sun, 25 Jul 2021 12:25:53 +0530', '9514003d-8529-4176-9b69-a3f8b6bff1bf'),
(49, '0a1c5a10-dc79-4a4b-93f2-67dde8c2d558', 'dsds', 'dsds', '2021-07-26', '17:56', '1627314999.png', 'sdds', '<p>dsds</p>\n', 'blogs', 'true', '::1', 'Mozilla/5.0 (Windows NT 10.0; Win64; x64) AppleWebKit/537.36 (KHTML, like Gecko) Chrome/92.0.4515.107 Safari/537.36', 'dsds', 'published', 'sdds', 'public', 'dsdss', 'http://localhost:8080/blog-cms-admin/read/JOBS/Punjab-Anganwadi/dsds', 'sdds', 'http://localhost:8080/blog-cms-admin/article-dashboard/assets/images/uploads/1627314999.png', 'Mon, 26 Jul 2021 21:26:39 +0530', 'Mon, 26 Jul 2021 21:26:39 +0530', '9514003d-8529-4176-9b69-a3f8b6bff1bf'),
(50, '59fe940c-c402-4624-abd2-dccd337298eb', 'Income Tax Department Recruitment 2021: Notification Out For 155 MTS, Tax Assistant and Income Tax Inspector', 'income-tax-department-recruitment-2021-notification-out-for-155-mts-tax-assistant-and-income-tax-inspector', '2021-08-02', '14:21', '1627906937.jpg', 'Income Tax Department Recruitment 2021: Notification Out For 155 MTS, Tax Assistant and Income Tax Inspector', '<h3>Income Tax Department Recruitment 2021: Notification Out For 155 MTS, Tax Assistant and Income Tax Inspector</h3>\n', 'blogs', 'true', '::1', 'Mozilla/5.0 (Windows NT 10.0; Win64; x64) AppleWebKit/537.36 (KHTML, like Gecko) Chrome/92.0.4515.107 Safari/537.36', 'Income Tax Department Recruitment 2021: Notification Out For 155 MTS, Tax Assistant and Income Tax Inspector', 'published', 'aas', 'public', 'Income Tax Department Recruitment 2021: Notification Out For 155 MTS, Tax Assistant and Income Tax Inspector', 'http://localhost:8080/blog-cms-admin/read-cat/jobs/income-tax-department-recruitment-2021-notification-out-for-155-mts-tax-assistant-and-income-tax-inspector', 'Income Tax Department Recruitment 2021: Notification Out For 155 MTS, Tax Assistant and Income Tax Inspector', 'http://localhost:8080/blog-cms-admin/article-dashboard/assets/images/uploads/1627906937.jpg', 'Mon, 02 Aug 2021 17:52:17 +0530', 'Mon, 02 Aug 2021 17:52:17 +0530', '9514003d-8529-4176-9b69-a3f8b6bff1bf');

-- --------------------------------------------------------

--
-- Table structure for table `articles_category`
--

CREATE TABLE `articles_category` (
  `id` int(11) NOT NULL,
  `category_id` varchar(255) DEFAULT NULL,
  `category_name` varchar(255) DEFAULT NULL,
  `category_slug` varchar(255) DEFAULT NULL,
  `created_at` varchar(255) NOT NULL,
  `from_ip` varchar(255) NOT NULL,
  `from_browser` varchar(255) NOT NULL
) ENGINE=InnoDB DEFAULT CHARSET=latin1;

--
-- Dumping data for table `articles_category`
--

INSERT INTO `articles_category` (`id`, `category_id`, `category_name`, `category_slug`, `created_at`, `from_ip`, `from_browser`) VALUES
(1, '32eb24c9-f70f-47e4-aeec-4fce2cd8d946', 'JOBS', 'jobs', 'Wed, 14 Jul 2021 13:14:09 +0530', '::1', 'Mozilla/5.0 (Windows NT 10.0; Win64; x64) AppleWebKit/537.36 (KHTML, like Gecko) Chrome/91.0.4472.124 Safari/537.36'),
(2, '9c906944-b91c-4266-9c2f-b9c3709fe27e', 'Punjab', 'punjab', 'Wed, 14 Jul 2021 17:26:28 +0530', '::1', 'Mozilla/5.0 (Windows NT 10.0; Win64; x64) AppleWebKit/537.36 (KHTML, like Gecko) Chrome/91.0.4472.124 Safari/537.36'),
(3, 'a98b76c5-dcb2-439a-92b6-5f6a4aef8d1b', 'Agriculture', 'agriculture', 'Wed, 14 Jul 2021 17:53:55 +0530', '::1', 'Mozilla/5.0 (Windows NT 10.0; Win64; x64) AppleWebKit/537.36 (KHTML, like Gecko) Chrome/91.0.4472.124 Safari/537.36'),
(4, '1026ac76-1de7-499c-8c09-0e87dee205b4', 'IBPS Clerk Exam', 'ibps-clerk-exam', 'Thu, 15 Jul 2021 13:35:17 +0530', '::1', 'Mozilla/5.0 (Windows NT 10.0; Win64; x64) AppleWebKit/537.36 (KHTML, like Gecko) Chrome/91.0.4472.124 Safari/537.36'),
(5, 'b0ec4b4a-5d39-450b-85f2-7751ab9d17c3', 'States', 'states', 'Thu, 15 Jul 2021 15:23:37 +0530', '::1', 'Mozilla/5.0 (Windows NT 10.0; Win64; x64) AppleWebKit/537.36 (KHTML, like Gecko) Chrome/91.0.4472.124 Safari/537.36'),
(6, '626a0f45-bf4c-4b81-9750-11d73e368d0f', 'Job Notification', 'job-notification', 'Fri, 16 Jul 2021 12:02:21 +0530', '::1', 'Mozilla/5.0 (Windows NT 10.0; Win64; x64) AppleWebKit/537.36 (KHTML, like Gecko) Chrome/91.0.4472.124 Safari/537.36'),
(11, '1bf3208b-d2ac-4797-9d3f-050eabb4f532', 'Results', 'results', 'Wed, 21 Jul 2021 12:24:05 +0530', '::1', 'Mozilla/5.0 (Windows NT 10.0; Win64; x64) AppleWebKit/537.36 (KHTML, like Gecko) Chrome/91.0.4472.124 Safari/537.36'),
(12, '8e1e0604-10a1-4ad7-a1a9-a24a9df55f28', 'Answer key', 'answer-key', 'Wed, 21 Jul 2021 12:33:41 +0530', '::1', 'Mozilla/5.0 (Windows NT 10.0; Win64; x64) AppleWebKit/537.36 (KHTML, like Gecko) Chrome/91.0.4472.124 Safari/537.36'),
(17, '2fc4e49a-5c7c-4f30-879d-79605882fe77', 'Gagan', 'gagan', 'Sat, 24 Jul 2021 16:13:25 +0530', '::1', 'Mozilla/5.0 (Windows NT 10.0; Win64; x64) AppleWebKit/537.36 (KHTML, like Gecko) Chrome/92.0.4515.107 Safari/537.36'),
(18, '4c6ca459-c65c-4164-9cf8-b7cdd41862b9', 'Admit card', 'admit-card', 'Mon, 02 Aug 2021 13:42:32 +0530', '::1', 'Mozilla/5.0 (Windows NT 10.0; Win64; x64) AppleWebKit/537.36 (KHTML, like Gecko) Chrome/92.0.4515.107 Safari/537.36');

-- --------------------------------------------------------

--
-- Table structure for table `articles_sub_category`
--

CREATE TABLE `articles_sub_category` (
  `sub_category_id` varchar(255) DEFAULT NULL,
  `sub_category_name` varchar(255) DEFAULT NULL,
  `category_id` varchar(255) DEFAULT NULL,
  `category_name` varchar(255) NOT NULL,
  `sub_category_slug` varchar(255) DEFAULT NULL,
  `type` varchar(255) DEFAULT NULL,
  `from_ip` varchar(255) NOT NULL,
  `from_browser` varchar(255) NOT NULL,
  `created_at` varchar(255) NOT NULL
) ENGINE=InnoDB DEFAULT CHARSET=latin1;

--
-- Dumping data for table `articles_sub_category`
--

INSERT INTO `articles_sub_category` (`sub_category_id`, `sub_category_name`, `category_id`, `category_name`, `sub_category_slug`, `type`, `from_ip`, `from_browser`, `created_at`) VALUES
('47c436df-985f-4b6d-8556-2c79387e8713', 'NHM Category', '32eb24c9-f70f-47e4-aeec-4fce2cd8d946', 'JOBS', 'nhm-category', 'blogs', '::1', 'Mozilla/5.0 (Windows NT 10.0; Win64; x64) AppleWebKit/537.36 (KHTML, like Gecko) Chrome/91.0.4472.124 Safari/537.36', 'Wed, 14 Jul 2021 13:14:24 +0530'),
('750a8e1d-acca-4986-804c-e2ce7472b0df', 'Chandigarh recuritment', '32eb24c9-f70f-47e4-aeec-4fce2cd8d946', 'JOBS', 'chandigarh-recuritment', 'blogs', '::1', 'Mozilla/5.0 (Windows NT 10.0; Win64; x64) AppleWebKit/537.36 (KHTML, like Gecko) Chrome/91.0.4472.124 Safari/537.36', 'Wed, 14 Jul 2021 15:29:44 +0530'),
('29c4a87d-58ab-4459-b435-d32310f69c2b', 'Income tax department', '32eb24c9-f70f-47e4-aeec-4fce2cd8d946', 'JOBS', 'income-tax-department', 'blogs', '::1', 'Mozilla/5.0 (Windows NT 10.0; Win64; x64) AppleWebKit/537.36 (KHTML, like Gecko) Chrome/91.0.4472.124 Safari/537.36', 'Wed, 14 Jul 2021 16:48:31 +0530'),
('3d8b5932-6f54-43d7-99ac-ffc17e40fce9', 'Income tax department', '9c906944-b91c-4266-9c2f-b9c3709fe27e', 'Punjab', 'income-tax-department', 'blogs', '::1', 'Mozilla/5.0 (Windows NT 10.0; Win64; x64) AppleWebKit/537.36 (KHTML, like Gecko) Chrome/91.0.4472.124 Safari/537.36', 'Wed, 14 Jul 2021 17:26:55 +0530'),
('10b35bf1-3e42-40f9-aa31-acadd45f55a3', 'Supervisor Recuirtment', 'a98b76c5-dcb2-439a-92b6-5f6a4aef8d1b', 'Agriculture', 'supervisor-recuirtment', 'blogs', '::1', 'Mozilla/5.0 (Windows NT 10.0; Win64; x64) AppleWebKit/537.36 (KHTML, like Gecko) Chrome/91.0.4472.124 Safari/537.36', 'Wed, 14 Jul 2021 17:54:47 +0530'),
('e60f6229-185d-4e85-9df7-85e5fdf97f01', 'UPSC', '32eb24c9-f70f-47e4-aeec-4fce2cd8d946', 'JOBS', 'upsc', 'blogs', '::1', 'Mozilla/5.0 (Windows NT 10.0; Win64; x64) AppleWebKit/537.36 (KHTML, like Gecko) Chrome/91.0.4472.124 Safari/537.36', 'Wed, 14 Jul 2021 18:01:54 +0530'),
('a98beccd-ff57-4531-bd34-fd68f2a72c57', 'PSSB', '9c906944-b91c-4266-9c2f-b9c3709fe27e', 'Punjab', 'pssb', 'blogs', '::1', 'Mozilla/5.0 (Windows NT 10.0; Win64; x64) AppleWebKit/537.36 (KHTML, like Gecko) Chrome/91.0.4472.124 Safari/537.36', 'Wed, 14 Jul 2021 18:10:30 +0530'),
('24695aa3-7442-4a8b-91ed-b541c6d02caa', 'PSSB', '32eb24c9-f70f-47e4-aeec-4fce2cd8d946', 'JOBS', 'pssb', 'blogs', '::1', 'Mozilla/5.0 (Windows NT 10.0; Win64; x64) AppleWebKit/537.36 (KHTML, like Gecko) Chrome/91.0.4472.124 Safari/537.36', 'Wed, 14 Jul 2021 18:10:41 +0530'),
('f85eb6ce-af65-4219-a030-17b6cebd75e9', 'Punjab Anganwadi', '9c906944-b91c-4266-9c2f-b9c3709fe27e', 'Punjab', 'punjab-anganwadi', 'blogs', '::1', 'Mozilla/5.0 (Windows NT 10.0; Win64; x64) AppleWebKit/537.36 (KHTML, like Gecko) Chrome/91.0.4472.124 Safari/537.36', 'Wed, 14 Jul 2021 18:22:51 +0530'),
('9f78740b-e8d4-4606-a68e-140e27f5b7c1', 'Punjab Anganwadi', '32eb24c9-f70f-47e4-aeec-4fce2cd8d946', 'JOBS', 'punjab-anganwadi', 'blogs', '::1', 'Mozilla/5.0 (Windows NT 10.0; Win64; x64) AppleWebKit/537.36 (KHTML, like Gecko) Chrome/91.0.4472.124 Safari/537.36', 'Wed, 14 Jul 2021 18:23:07 +0530'),
('27856de0-a322-40cb-831b-ce7ada5e3b0b', 'IBPS Clerk Cut off', '1026ac76-1de7-499c-8c09-0e87dee205b4', 'IBPS Clerk Exam', 'ibps-clerk-cut-off', 'blogs', '::1', 'Mozilla/5.0 (Windows NT 10.0; Win64; x64) AppleWebKit/537.36 (KHTML, like Gecko) Chrome/91.0.4472.124 Safari/537.36', 'Thu, 15 Jul 2021 13:35:49 +0530'),
('504e74b4-1f73-4b06-921b-211002f7b950', 'IBPS Clerk Salary', '1026ac76-1de7-499c-8c09-0e87dee205b4', 'IBPS Clerk Exam', 'ibps-clerk-salary', 'blogs', '::1', 'Mozilla/5.0 (Windows NT 10.0; Win64; x64) AppleWebKit/537.36 (KHTML, like Gecko) Chrome/91.0.4472.124 Safari/537.36', 'Thu, 15 Jul 2021 13:36:34 +0530'),
('cd0c2c25-6e1c-4058-8bd3-e57ac97594d1', 'IBPS Clerk Syllabus', '1026ac76-1de7-499c-8c09-0e87dee205b4', 'IBPS Clerk Exam', 'ibps-clerk-syllabus', 'blogs', '::1', 'Mozilla/5.0 (Windows NT 10.0; Win64; x64) AppleWebKit/537.36 (KHTML, like Gecko) Chrome/91.0.4472.124 Safari/537.36', 'Thu, 15 Jul 2021 13:36:48 +0530'),
('2f771072-d8f0-44fa-8392-c457c61169c5', 'IBPS Clerk Question Paper', '1026ac76-1de7-499c-8c09-0e87dee205b4', 'IBPS Clerk Exam', 'ibps-clerk-question-paper', 'blogs', '::1', 'Mozilla/5.0 (Windows NT 10.0; Win64; x64) AppleWebKit/537.36 (KHTML, like Gecko) Chrome/91.0.4472.124 Safari/537.36', 'Thu, 15 Jul 2021 13:37:02 +0530'),
('a2eeec25-ece2-4c01-9fd4-4ff5a57c68d9', 'IBPS Clerk Notification', '1026ac76-1de7-499c-8c09-0e87dee205b4', 'IBPS Clerk Exam', 'ibps-clerk-notification', 'blogs', '::1', 'Mozilla/5.0 (Windows NT 10.0; Win64; x64) AppleWebKit/537.36 (KHTML, like Gecko) Chrome/91.0.4472.124 Safari/537.36', 'Thu, 15 Jul 2021 13:37:27 +0530'),
('1d4eb52f-6cd2-48be-beb3-5c8dc968d10c', 'Delhi', 'b0ec4b4a-5d39-450b-85f2-7751ab9d17c3', 'States', 'delhi', 'blogs', '::1', 'Mozilla/5.0 (Windows NT 10.0; Win64; x64) AppleWebKit/537.36 (KHTML, like Gecko) Chrome/91.0.4472.124 Safari/537.36', 'Thu, 15 Jul 2021 15:24:00 +0530'),
('92dffa15-e8b7-43fc-8564-daba1e5a0c97', 'Haryana', 'b0ec4b4a-5d39-450b-85f2-7751ab9d17c3', 'States', 'haryana', 'blogs', '::1', 'Mozilla/5.0 (Windows NT 10.0; Win64; x64) AppleWebKit/537.36 (KHTML, like Gecko) Chrome/91.0.4472.124 Safari/537.36', 'Thu, 15 Jul 2021 15:24:09 +0530'),
('d72b1110-466d-4061-9830-d57dbf1f8abd', 'Punjab', 'b0ec4b4a-5d39-450b-85f2-7751ab9d17c3', 'States', 'punjab', 'blogs', '::1', 'Mozilla/5.0 (Windows NT 10.0; Win64; x64) AppleWebKit/537.36 (KHTML, like Gecko) Chrome/91.0.4472.124 Safari/537.36', 'Thu, 15 Jul 2021 15:24:21 +0530'),
('f501704d-b46e-4a86-9461-518214210c26', 'Haryana', '626a0f45-bf4c-4b81-9750-11d73e368d0f', 'Job Notification', 'haryana', 'blogs', '::1', 'Mozilla/5.0 (Windows NT 10.0; Win64; x64) AppleWebKit/537.36 (KHTML, like Gecko) Chrome/91.0.4472.124 Safari/537.36', 'Fri, 16 Jul 2021 12:02:35 +0530'),
('57693421-0f92-49f1-a503-9617007b93e3', 'Admit card', 'b0ec4b4a-5d39-450b-85f2-7751ab9d17c3', 'States', 'admit-card', 'blogs', '::1', 'Mozilla/5.0 (Windows NT 10.0; Win64; x64) AppleWebKit/537.36 (KHTML, like Gecko) Chrome/91.0.4472.124 Safari/537.36', 'Wed, 21 Jul 2021 12:16:46 +0530'),
('5bc4230f-5525-42a4-a2e8-3b78feed754c', 'tehshildar', 'a98b76c5-dcb2-439a-92b6-5f6a4aef8d1b', 'Agriculture', 'tehshildar', 'blogs', '::1', 'Mozilla/5.0 (Windows NT 10.0; Win64; x64) AppleWebKit/537.36 (KHTML, like Gecko) Chrome/91.0.4472.124 Safari/537.36', 'Wed, 21 Jul 2021 12:22:34 +0530'),
('21d6067b-1773-4783-924c-b3f5992ae19e', 'admitee', '8e1e0604-10a1-4ad7-a1a9-a24a9df55f28', 'Answer key', 'admitee', 'blogs', '::1', 'Mozilla/5.0 (Windows NT 10.0; Win64; x64) AppleWebKit/537.36 (KHTML, like Gecko) Chrome/91.0.4472.124 Safari/537.36', 'Wed, 21 Jul 2021 14:36:57 +0530'),
('f50ce01f-f9a8-45c3-8ac7-b3d37b174197', 'Gagan', '32eb24c9-f70f-47e4-aeec-4fce2cd8d946', 'JOBS', 'gagan', 'blogs', '::1', 'Mozilla/5.0 (Windows NT 10.0; Win64; x64) AppleWebKit/537.36 (KHTML, like Gecko) Chrome/92.0.4515.107 Safari/537.36', 'Sat, 24 Jul 2021 16:13:35 +0530');

-- --------------------------------------------------------

--
-- Table structure for table `article_lines`
--

CREATE TABLE `article_lines` (
  `id` int(11) NOT NULL,
  `article_id` varchar(255) NOT NULL,
  `category_id` varchar(255) NOT NULL,
  `category_name` varchar(255) NOT NULL,
  `category_slug` varchar(255) NOT NULL,
  `sub_category_id` varchar(255) NOT NULL,
  `sub_category_name` varchar(255) NOT NULL,
  `sub_category_slug` varchar(255) NOT NULL,
  `url_lines` varchar(255) NOT NULL,
  `from_ip` varchar(255) NOT NULL,
  `from_browser` varchar(255) NOT NULL,
  `time` varchar(255) NOT NULL
) ENGINE=InnoDB DEFAULT CHARSET=utf8mb4;

--
-- Dumping data for table `article_lines`
--

INSERT INTO `article_lines` (`id`, `article_id`, `category_id`, `category_name`, `category_slug`, `sub_category_id`, `sub_category_name`, `sub_category_slug`, `url_lines`, `from_ip`, `from_browser`, `time`) VALUES
(1, 'e1691b41-82eb-46e0-893b-e410cbee04be', '32eb24c9-f70f-47e4-aeec-4fce2cd8d946', 'JOBS', 'JOBS', '750a8e1d-acca-4986-804c-e2ce7472b0df', 'Chandigarh recuritment', 'Chandigarh-recuritment', 'http://localhost:8080/blog-cms-admin/read/JOBS/Chandigarh-recuritment/mc-chandigarh-recruitment-2021-for-279-fireman-station-fire-officer-other-posts', '::1', 'Mozilla/5.0 (Windows NT 10.0; Win64; x64) AppleWebKit/537.36 (KHTML, like Gecko) Chrome/91.0.4472.124 Safari/537.36', 'Wed, 14 Jul 2021 15:40:09 +0530'),
(2, 'e1691b41-82eb-46e0-893b-e410cbee04be', '32eb24c9-f70f-47e4-aeec-4fce2cd8d946', 'JOBS', 'JOBS', '750a8e1d-acca-4986-804c-e2ce7472b0df', 'Chandigarh recuritment', 'Chandigarh-recuritment', 'http://localhost:8080/blog-cms-admin/read/JOBS/Chandigarh-recuritment/mc-chandigarh-recruitment-2021-for-279-fireman-station-fire-officer-other-posts', '::1', 'Mozilla/5.0 (Windows NT 10.0; Win64; x64) AppleWebKit/537.36 (KHTML, like Gecko) Chrome/91.0.4472.124 Safari/537.36', 'Wed, 14 Jul 2021 15:40:09 +0530'),
(3, 'undefined', '32eb24c9-f70f-47e4-aeec-4fce2cd8d946', 'JOBS', 'JOBS', '47c436df-985f-4b6d-8556-2c79387e8713', 'NHM Category', 'NHM-Category', 'http://localhost:8080/blog-cms-admin/read/JOBS/NHM-Category/nhm-up-recruitment-2021-notification-out-for-797-cho-posts', '::1', 'Mozilla/5.0 (Windows NT 10.0; Win64; x64) AppleWebKit/537.36 (KHTML, like Gecko) Chrome/91.0.4472.124 Safari/537.36', 'Wed, 14 Jul 2021 16:14:59 +0530'),
(4, 'c014fb77-3d0c-43e5-918f-5339fa2b1c4d', '32eb24c9-f70f-47e4-aeec-4fce2cd8d946', 'JOBS', 'JOBS', '750a8e1d-acca-4986-804c-e2ce7472b0df', 'Chandigarh recuritment', 'Chandigarh-recuritment', 'http://localhost:8080/blog-cms-admin/read/JOBS/Chandigarh-recuritment/mhn-m-up-recruitment-2021-notification-out-for-797-cho-posts', '::1', 'Mozilla/5.0 (Windows NT 10.0; Win64; x64) AppleWebKit/537.36 (KHTML, like Gecko) Chrome/91.0.4472.124 Safari/537.36', 'Wed, 14 Jul 2021 16:18:22 +0530'),
(5, 'c014fb77-3d0c-43e5-918f-5339fa2b1c4d', '32eb24c9-f70f-47e4-aeec-4fce2cd8d946', 'JOBS', 'JOBS', '47c436df-985f-4b6d-8556-2c79387e8713', 'NHM Category', 'NHM-Category', 'http://localhost:8080/blog-cms-admin/read/JOBS/NHM-Category/mhn-m-up-recruitment-2021-notification-out-for-797-cho-posts', '::1', 'Mozilla/5.0 (Windows NT 10.0; Win64; x64) AppleWebKit/537.36 (KHTML, like Gecko) Chrome/91.0.4472.124 Safari/537.36', 'Wed, 14 Jul 2021 16:18:22 +0530'),
(6, '8160959d-e716-4540-8aab-2ac5365923b8', '32eb24c9-f70f-47e4-aeec-4fce2cd8d946', 'JOBS', 'JOBS', '29c4a87d-58ab-4459-b435-d32310f69c2b', 'Income tax department', 'Income-tax-department', 'http://localhost:8080/blog-cms-admin/read/JOBS/Income-tax-department/income-tax-department-recruitment-2021-notification-out-for-155-mts-tax-assistant-and-income-tax-inspector', '::1', 'Mozilla/5.0 (Windows NT 10.0; Win64; x64) AppleWebKit/537.36 (KHTML, like Gecko) Chrome/91.0.4472.124 Safari/537.36', 'Wed, 14 Jul 2021 17:27:11 +0530'),
(7, '8160959d-e716-4540-8aab-2ac5365923b8', '9c906944-b91c-4266-9c2f-b9c3709fe27e', 'Punjab', 'Punjab', '3d8b5932-6f54-43d7-99ac-ffc17e40fce9', 'Income tax department', 'Income-tax-department', 'http://localhost:8080/blog-cms-admin/read/Punjab/Income-tax-department/income-tax-department-recruitment-2021-notification-out-for-155-mts-tax-assistant-and-income-tax-inspector', '::1', 'Mozilla/5.0 (Windows NT 10.0; Win64; x64) AppleWebKit/537.36 (KHTML, like Gecko) Chrome/91.0.4472.124 Safari/537.36', 'Wed, 14 Jul 2021 17:27:11 +0530'),
(8, 'c4395285-65e9-4e4e-a4ba-9d51ebbd9d4d', 'a98b76c5-dcb2-439a-92b6-5f6a4aef8d1b', 'Agriculture', 'Agriculture', '10b35bf1-3e42-40f9-aa31-acadd45f55a3', 'Supervisor Recuirtment', 'Supervisor-Recuirtment', 'http://localhost:8080/blog-cms-admin/read/Agriculture/Supervisor-Recuirtment/rsmssb-agriculture-supervisor-recruitment-2021-latest-news-revised-online-application', '::1', 'Mozilla/5.0 (Windows NT 10.0; Win64; x64) AppleWebKit/537.36 (KHTML, like Gecko) Chrome/91.0.4472.124 Safari/537.36', 'Wed, 14 Jul 2021 17:58:34 +0530'),
(9, 'a34431c9-98ba-4346-be2f-e21c64d045f8', '32eb24c9-f70f-47e4-aeec-4fce2cd8d946', 'JOBS', 'JOBS', 'e60f6229-185d-4e85-9df7-85e5fdf97f01', 'UPSC', 'UPSC', 'http://localhost:8080/blog-cms-admin/read/JOBS/UPSC/upsc-cms-exam-2021-notification-out-apply-online-link-for-838-vacancies-check-exam-date', '::1', 'Mozilla/5.0 (Windows NT 10.0; Win64; x64) AppleWebKit/537.36 (KHTML, like Gecko) Chrome/91.0.4472.124 Safari/537.36', 'Wed, 14 Jul 2021 18:03:40 +0530'),
(10, 'a08bb357-b2d5-4a19-b387-0e01b0361af5', '32eb24c9-f70f-47e4-aeec-4fce2cd8d946', 'JOBS', 'JOBS', '24695aa3-7442-4a8b-91ed-b541c6d02caa', 'PSSB', 'PSSB', 'http://localhost:8080/blog-cms-admin/read/JOBS/PSSB/psssb-supervisor-recruitment-2021-notification-out-for-112-supervisor-vacancies', '::1', 'Mozilla/5.0 (Windows NT 10.0; Win64; x64) AppleWebKit/537.36 (KHTML, like Gecko) Chrome/91.0.4472.124 Safari/537.36', 'Wed, 14 Jul 2021 18:13:58 +0530'),
(11, 'a08bb357-b2d5-4a19-b387-0e01b0361af5', '9c906944-b91c-4266-9c2f-b9c3709fe27e', 'Punjab', 'Punjab', 'a98beccd-ff57-4531-bd34-fd68f2a72c57', 'PSSB', 'PSSB', 'http://localhost:8080/blog-cms-admin/read/Punjab/PSSB/psssb-supervisor-recruitment-2021-notification-out-for-112-supervisor-vacancies', '::1', 'Mozilla/5.0 (Windows NT 10.0; Win64; x64) AppleWebKit/537.36 (KHTML, like Gecko) Chrome/91.0.4472.124 Safari/537.36', 'Wed, 14 Jul 2021 18:13:58 +0530'),
(12, '8cd05e8d-e7f6-46c8-8e05-073e1f1c4c9a', '1026ac76-1de7-499c-8c09-0e87dee205b4', 'IBPS Clerk Exam', 'IBPS-Clerk-Exam', 'cd0c2c25-6e1c-4058-8bd3-e57ac97594d1', 'IBPS Clerk Syllabus', 'IBPS-Clerk-Syllabus', 'http://localhost:8080/blog-cms-admin/read/IBPS-Clerk-Exam/IBPS-Clerk-Syllabus/ibps-clerk-syllabus-and-exam-pattern-2021-topic-wise-syllabus-for-prelims-mains-exam', '::1', 'Mozilla/5.0 (Windows NT 10.0; Win64; x64) AppleWebKit/537.36 (KHTML, like Gecko) Chrome/91.0.4472.124 Safari/537.36', 'Thu, 15 Jul 2021 13:46:58 +0530'),
(13, '167ab659-589c-4ee7-91c2-317f51421c4a', '1026ac76-1de7-499c-8c09-0e87dee205b4', 'IBPS Clerk Exam', 'IBPS-Clerk-Exam', '2f771072-d8f0-44fa-8392-c457c61169c5', 'IBPS Clerk Question Paper', 'IBPS-Clerk-Question-Paper', 'http://localhost:8080/blog-cms-admin/read/IBPS-Clerk-Exam/IBPS-Clerk-Question-Paper/ibps-clerk-previous-year-question-paper-practice-with-question-paper-pdfs-with-solution', '::1', 'Mozilla/5.0 (Windows NT 10.0; Win64; x64) AppleWebKit/537.36 (KHTML, like Gecko) Chrome/91.0.4472.124 Safari/537.36', 'Thu, 15 Jul 2021 13:49:36 +0530'),
(14, 'b3b6bea2-0c31-4644-813a-4a5cdc939b0c', '1026ac76-1de7-499c-8c09-0e87dee205b4', 'IBPS Clerk Exam', 'IBPS-Clerk-Exam', '504e74b4-1f73-4b06-921b-211002f7b950', 'IBPS Clerk Salary', 'IBPS-Clerk-Salary', 'http://localhost:8080/blog-cms-admin/read/IBPS-Clerk-Exam/IBPS-Clerk-Salary/ibps-clerk-salary-2021-detailed-ibps-clerk-in-hand-job-profile-promotions', '::1', 'Mozilla/5.0 (Windows NT 10.0; Win64; x64) AppleWebKit/537.36 (KHTML, like Gecko) Chrome/91.0.4472.124 Safari/537.36', 'Thu, 15 Jul 2021 14:11:06 +0530'),
(15, '0401c0c5-e1ed-47e8-85d5-d321e8bcf7ad', '32eb24c9-f70f-47e4-aeec-4fce2cd8d946', 'JOBS', 'JOBS', '750a8e1d-acca-4986-804c-e2ce7472b0df', 'Chandigarh recuritment', 'Chandigarh-recuritment', 'http://localhost:8080/blog-cms-admin/read/JOBS/Chandigarh-recuritment/mc-chandigarh-recruitment-2021-for-279-fireman-station-fire-officer-other-posts', '::1', 'Mozilla/5.0 (Windows NT 10.0; Win64; x64) AppleWebKit/537.36 (KHTML, like Gecko) Chrome/91.0.4472.124 Safari/537.36', 'Thu, 15 Jul 2021 15:35:05 +0530'),
(16, '0401c0c5-e1ed-47e8-85d5-d321e8bcf7ad', 'b0ec4b4a-5d39-450b-85f2-7751ab9d17c3', 'States', 'States', 'd72b1110-466d-4061-9830-d57dbf1f8abd', 'Punjab', 'Punjab', 'http://localhost:8080/blog-cms-admin/read/States/Punjab/mc-chandigarh-recruitment-2021-for-279-fireman-station-fire-officer-other-posts', '::1', 'Mozilla/5.0 (Windows NT 10.0; Win64; x64) AppleWebKit/537.36 (KHTML, like Gecko) Chrome/91.0.4472.124 Safari/537.36', 'Thu, 15 Jul 2021 15:35:05 +0530'),
(17, '52cbffaa-f81f-4803-b60d-faf5480312b6', '32eb24c9-f70f-47e4-aeec-4fce2cd8d946', 'JOBS', 'JOBS', '9f78740b-e8d4-4606-a68e-140e27f5b7c1', 'Punjab Anganwadi', 'Punjab-Anganwadi', 'http://localhost:8080/blog-cms-admin/read/JOBS/Punjab-Anganwadi/punjab-anganwadi-recruitment-2021-notification-out-for-4481-aww', '::1', 'Mozilla/5.0 (Windows NT 10.0; Win64; x64) AppleWebKit/537.36 (KHTML, like Gecko) Chrome/91.0.4472.124 Safari/537.36', 'Thu, 15 Jul 2021 15:35:26 +0530'),
(18, '52cbffaa-f81f-4803-b60d-faf5480312b6', '9c906944-b91c-4266-9c2f-b9c3709fe27e', 'Punjab', 'Punjab', 'f85eb6ce-af65-4219-a030-17b6cebd75e9', 'Punjab Anganwadi', 'Punjab-Anganwadi', 'http://localhost:8080/blog-cms-admin/read/Punjab/Punjab-Anganwadi/punjab-anganwadi-recruitment-2021-notification-out-for-4481-aww', '::1', 'Mozilla/5.0 (Windows NT 10.0; Win64; x64) AppleWebKit/537.36 (KHTML, like Gecko) Chrome/91.0.4472.124 Safari/537.36', 'Thu, 15 Jul 2021 15:35:26 +0530'),
(19, '52cbffaa-f81f-4803-b60d-faf5480312b6', 'b0ec4b4a-5d39-450b-85f2-7751ab9d17c3', 'States', 'States', 'd72b1110-466d-4061-9830-d57dbf1f8abd', 'Punjab', 'Punjab', 'http://localhost:8080/blog-cms-admin/read/States/Punjab/punjab-anganwadi-recruitment-2021-notification-out-for-4481-aww', '::1', 'Mozilla/5.0 (Windows NT 10.0; Win64; x64) AppleWebKit/537.36 (KHTML, like Gecko) Chrome/91.0.4472.124 Safari/537.36', 'Thu, 15 Jul 2021 15:35:26 +0530'),
(20, 'fece272d-46a1-4418-a47e-4c5053a69cde', 'b0ec4b4a-5d39-450b-85f2-7751ab9d17c3', 'States', 'States', 'd72b1110-466d-4061-9830-d57dbf1f8abd', 'Punjab', 'Punjab', 'http://localhost:8080/blog-cms-admin/read/States/Punjab/pspcl-recruitment-notification', '::1', 'Mozilla/5.0 (Windows NT 10.0; Win64; x64) AppleWebKit/537.36 (KHTML, like Gecko) Chrome/91.0.4472.124 Safari/537.36', 'Fri, 16 Jul 2021 11:25:57 +0530'),
(21, 'd77d5568-8ad6-4e61-966a-d2fdd1f0f16e', 'b0ec4b4a-5d39-450b-85f2-7751ab9d17c3', 'States', 'States', 'd72b1110-466d-4061-9830-d57dbf1f8abd', 'Punjab', 'Punjab', 'http://localhost:8080/blog-cms-admin/read/States/Punjab/pspcl-recruitment-notification', '::1', 'Mozilla/5.0 (Windows NT 10.0; Win64; x64) AppleWebKit/537.36 (KHTML, like Gecko) Chrome/91.0.4472.124 Safari/537.36', 'Fri, 16 Jul 2021 11:25:58 +0530'),
(22, 'd77d5568-8ad6-4e61-966a-d2fdd1f0f16e', 'b0ec4b4a-5d39-450b-85f2-7751ab9d17c3', 'States', 'States', 'd72b1110-466d-4061-9830-d57dbf1f8abd', 'Punjab', 'Punjab', 'http://localhost:8080/blog-cms-admin/read/States/Punjab/pspcl-recruitment-notification', '::1', 'Mozilla/5.0 (Windows NT 10.0; Win64; x64) AppleWebKit/537.36 (KHTML, like Gecko) Chrome/91.0.4472.124 Safari/537.36', 'Fri, 16 Jul 2021 11:25:58 +0530'),
(23, '6c4ee9c0-50fb-4f8a-802f-d643d913df6b', 'b0ec4b4a-5d39-450b-85f2-7751ab9d17c3', 'States', 'States', 'd72b1110-466d-4061-9830-d57dbf1f8abd', 'Punjab', 'Punjab', 'http://localhost:8080/blog-cms-admin/read/States/Punjab/pspcl-recruitment-notification', '::1', 'Mozilla/5.0 (Windows NT 10.0; Win64; x64) AppleWebKit/537.36 (KHTML, like Gecko) Chrome/91.0.4472.124 Safari/537.36', 'Fri, 16 Jul 2021 11:27:09 +0530'),
(37, 'e9552615-bf6b-44fb-91e5-41ee25447bc0', '9c906944-b91c-4266-9c2f-b9c3709fe27e', 'Punjab', 'punjab', '', '', '', 'http://localhost:8080/blog-cms-admin/read/punjab/dsdsd', '::1', 'Mozilla/5.0 (Windows NT 10.0; Win64; x64) AppleWebKit/537.36 (KHTML, like Gecko) Chrome/91.0.4472.124 Safari/537.36', 'Sat, 17 Jul 2021 18:32:52 +0530'),
(61, 'b8b54373-9276-43ea-9a42-57a9526a958f', '32eb24c9-f70f-47e4-aeec-4fce2cd8d946', 'JOBS', 'jobs', '', '', '', 'http://localhost:8080/blog-cms-admin/read/jobs/dsds', '::1', 'Mozilla/5.0 (Windows NT 10.0; Win64; x64) AppleWebKit/537.36 (KHTML, like Gecko) Chrome/91.0.4472.124 Safari/537.36', 'Mon, 19 Jul 2021 18:51:11 +0530'),
(62, '53d8ca29-46a7-481d-b570-8633ec6d9fe7', '32eb24c9-f70f-47e4-aeec-4fce2cd8d946', 'JOBS', 'JOBS', '9f78740b-e8d4-4606-a68e-140e27f5b7c1', 'Punjab Anganwadi', 'Punjab-Anganwadi', 'http://localhost:8080/blog-cms-admin/read/JOBS/Punjab-Anganwadi/dsdds', '::1', 'Mozilla/5.0 (Windows NT 10.0; Win64; x64) AppleWebKit/537.36 (KHTML, like Gecko) Chrome/91.0.4472.164 Safari/537.36', 'Thu, 22 Jul 2021 13:38:05 +0530'),
(63, '53d8ca29-46a7-481d-b570-8633ec6d9fe7', '32eb24c9-f70f-47e4-aeec-4fce2cd8d946', 'JOBS', 'jobs', '', '', '', 'http://localhost:8080/blog-cms-admin/read/jobs/dsdds', '::1', 'Mozilla/5.0 (Windows NT 10.0; Win64; x64) AppleWebKit/537.36 (KHTML, like Gecko) Chrome/91.0.4472.164 Safari/537.36', 'Thu, 22 Jul 2021 13:38:05 +0530'),
(64, '2119ea5c-376c-42c9-aa10-94ffee7aa89e', '32eb24c9-f70f-47e4-aeec-4fce2cd8d946', 'JOBS', 'JOBS', '9f78740b-e8d4-4606-a68e-140e27f5b7c1', 'Punjab Anganwadi', 'Punjab-Anganwadi', 'http://localhost:8080/blog-cms-admin/read/JOBS/Punjab-Anganwadi/dsdds', '::1', 'Mozilla/5.0 (Linux; Android 6.0; Nexus 5 Build/MRA58N) AppleWebKit/537.36 (KHTML, like Gecko) Chrome/91.0.4472.164 Mobile Safari/537.36', 'Thu, 22 Jul 2021 13:38:16 +0530'),
(65, '2119ea5c-376c-42c9-aa10-94ffee7aa89e', '32eb24c9-f70f-47e4-aeec-4fce2cd8d946', 'JOBS', 'JOBS', '9f78740b-e8d4-4606-a68e-140e27f5b7c1', 'Punjab Anganwadi', 'Punjab-Anganwadi', 'http://localhost:8080/blog-cms-admin/read/JOBS/Punjab-Anganwadi/dsdds', '::1', 'Mozilla/5.0 (Linux; Android 6.0; Nexus 5 Build/MRA58N) AppleWebKit/537.36 (KHTML, like Gecko) Chrome/91.0.4472.164 Mobile Safari/537.36', 'Thu, 22 Jul 2021 13:38:16 +0530'),
(66, '2119ea5c-376c-42c9-aa10-94ffee7aa89e', '32eb24c9-f70f-47e4-aeec-4fce2cd8d946', 'JOBS', 'jobs', '', '', '', 'http://localhost:8080/blog-cms-admin/read/jobs/dsdds', '::1', 'Mozilla/5.0 (Linux; Android 6.0; Nexus 5 Build/MRA58N) AppleWebKit/537.36 (KHTML, like Gecko) Chrome/91.0.4472.164 Mobile Safari/537.36', 'Thu, 22 Jul 2021 13:38:16 +0530'),
(67, '82744d15-59a1-4ffa-9a4d-47675679f5fb', '32eb24c9-f70f-47e4-aeec-4fce2cd8d946', 'JOBS', 'JOBS', '9f78740b-e8d4-4606-a68e-140e27f5b7c1', 'Punjab Anganwadi', 'Punjab-Anganwadi', 'http://localhost:8080/blog-cms-admin/read/JOBS/Punjab-Anganwadi/dsdds', '::1', 'Mozilla/5.0 (Linux; Android 6.0; Nexus 5 Build/MRA58N) AppleWebKit/537.36 (KHTML, like Gecko) Chrome/91.0.4472.164 Mobile Safari/537.36', 'Thu, 22 Jul 2021 13:38:16 +0530'),
(68, '82744d15-59a1-4ffa-9a4d-47675679f5fb', '32eb24c9-f70f-47e4-aeec-4fce2cd8d946', 'JOBS', 'JOBS', '9f78740b-e8d4-4606-a68e-140e27f5b7c1', 'Punjab Anganwadi', 'Punjab-Anganwadi', 'http://localhost:8080/blog-cms-admin/read/JOBS/Punjab-Anganwadi/dsdds', '::1', 'Mozilla/5.0 (Linux; Android 6.0; Nexus 5 Build/MRA58N) AppleWebKit/537.36 (KHTML, like Gecko) Chrome/91.0.4472.164 Mobile Safari/537.36', 'Thu, 22 Jul 2021 13:38:16 +0530'),
(69, '82744d15-59a1-4ffa-9a4d-47675679f5fb', '32eb24c9-f70f-47e4-aeec-4fce2cd8d946', 'JOBS', 'JOBS', '9f78740b-e8d4-4606-a68e-140e27f5b7c1', 'Punjab Anganwadi', 'Punjab-Anganwadi', 'http://localhost:8080/blog-cms-admin/read/JOBS/Punjab-Anganwadi/dsdds', '::1', 'Mozilla/5.0 (Linux; Android 6.0; Nexus 5 Build/MRA58N) AppleWebKit/537.36 (KHTML, like Gecko) Chrome/91.0.4472.164 Mobile Safari/537.36', 'Thu, 22 Jul 2021 13:38:16 +0530'),
(70, '82744d15-59a1-4ffa-9a4d-47675679f5fb', '32eb24c9-f70f-47e4-aeec-4fce2cd8d946', 'JOBS', 'jobs', '', '', '', 'http://localhost:8080/blog-cms-admin/read/jobs/dsdds', '::1', 'Mozilla/5.0 (Linux; Android 6.0; Nexus 5 Build/MRA58N) AppleWebKit/537.36 (KHTML, like Gecko) Chrome/91.0.4472.164 Mobile Safari/537.36', 'Thu, 22 Jul 2021 13:38:16 +0530'),
(71, '9ab63d84-dfec-40bb-9c5c-9ff4cc2a1cb9', '32eb24c9-f70f-47e4-aeec-4fce2cd8d946', 'JOBS', 'JOBS', '9f78740b-e8d4-4606-a68e-140e27f5b7c1', 'Punjab Anganwadi', 'Punjab-Anganwadi', 'http://localhost:8080/blog-cms-admin/read/JOBS/Punjab-Anganwadi/dsdds', '::1', 'Mozilla/5.0 (Linux; Android 6.0; Nexus 5 Build/MRA58N) AppleWebKit/537.36 (KHTML, like Gecko) Chrome/91.0.4472.164 Mobile Safari/537.36', 'Thu, 22 Jul 2021 13:38:21 +0530'),
(72, '9ab63d84-dfec-40bb-9c5c-9ff4cc2a1cb9', '32eb24c9-f70f-47e4-aeec-4fce2cd8d946', 'JOBS', 'JOBS', '9f78740b-e8d4-4606-a68e-140e27f5b7c1', 'Punjab Anganwadi', 'Punjab-Anganwadi', 'http://localhost:8080/blog-cms-admin/read/JOBS/Punjab-Anganwadi/dsdds', '::1', 'Mozilla/5.0 (Linux; Android 6.0; Nexus 5 Build/MRA58N) AppleWebKit/537.36 (KHTML, like Gecko) Chrome/91.0.4472.164 Mobile Safari/537.36', 'Thu, 22 Jul 2021 13:38:21 +0530'),
(73, '9ab63d84-dfec-40bb-9c5c-9ff4cc2a1cb9', '32eb24c9-f70f-47e4-aeec-4fce2cd8d946', 'JOBS', 'JOBS', '9f78740b-e8d4-4606-a68e-140e27f5b7c1', 'Punjab Anganwadi', 'Punjab-Anganwadi', 'http://localhost:8080/blog-cms-admin/read/JOBS/Punjab-Anganwadi/dsdds', '::1', 'Mozilla/5.0 (Linux; Android 6.0; Nexus 5 Build/MRA58N) AppleWebKit/537.36 (KHTML, like Gecko) Chrome/91.0.4472.164 Mobile Safari/537.36', 'Thu, 22 Jul 2021 13:38:21 +0530'),
(74, '9ab63d84-dfec-40bb-9c5c-9ff4cc2a1cb9', '32eb24c9-f70f-47e4-aeec-4fce2cd8d946', 'JOBS', 'JOBS', '9f78740b-e8d4-4606-a68e-140e27f5b7c1', 'Punjab Anganwadi', 'Punjab-Anganwadi', 'http://localhost:8080/blog-cms-admin/read/JOBS/Punjab-Anganwadi/dsdds', '::1', 'Mozilla/5.0 (Linux; Android 6.0; Nexus 5 Build/MRA58N) AppleWebKit/537.36 (KHTML, like Gecko) Chrome/91.0.4472.164 Mobile Safari/537.36', 'Thu, 22 Jul 2021 13:38:21 +0530'),
(75, '9ab63d84-dfec-40bb-9c5c-9ff4cc2a1cb9', '32eb24c9-f70f-47e4-aeec-4fce2cd8d946', 'JOBS', 'jobs', '', '', '', 'http://localhost:8080/blog-cms-admin/read/jobs/dsdds', '::1', 'Mozilla/5.0 (Linux; Android 6.0; Nexus 5 Build/MRA58N) AppleWebKit/537.36 (KHTML, like Gecko) Chrome/91.0.4472.164 Mobile Safari/537.36', 'Thu, 22 Jul 2021 13:38:21 +0530'),
(76, '14eaa001-7c44-4016-8a39-38828ce40f64', '32eb24c9-f70f-47e4-aeec-4fce2cd8d946', 'JOBS', 'JOBS', '9f78740b-e8d4-4606-a68e-140e27f5b7c1', 'Punjab Anganwadi', 'Punjab-Anganwadi', 'http://localhost:8080/blog-cms-admin/read/JOBS/Punjab-Anganwadi/dsdds', '::1', 'Mozilla/5.0 (Linux; Android 6.0; Nexus 5 Build/MRA58N) AppleWebKit/537.36 (KHTML, like Gecko) Chrome/91.0.4472.164 Mobile Safari/537.36', 'Thu, 22 Jul 2021 13:38:51 +0530'),
(77, '14eaa001-7c44-4016-8a39-38828ce40f64', '32eb24c9-f70f-47e4-aeec-4fce2cd8d946', 'JOBS', 'JOBS', '9f78740b-e8d4-4606-a68e-140e27f5b7c1', 'Punjab Anganwadi', 'Punjab-Anganwadi', 'http://localhost:8080/blog-cms-admin/read/JOBS/Punjab-Anganwadi/dsdds', '::1', 'Mozilla/5.0 (Linux; Android 6.0; Nexus 5 Build/MRA58N) AppleWebKit/537.36 (KHTML, like Gecko) Chrome/91.0.4472.164 Mobile Safari/537.36', 'Thu, 22 Jul 2021 13:38:51 +0530'),
(78, '14eaa001-7c44-4016-8a39-38828ce40f64', '32eb24c9-f70f-47e4-aeec-4fce2cd8d946', 'JOBS', 'JOBS', '9f78740b-e8d4-4606-a68e-140e27f5b7c1', 'Punjab Anganwadi', 'Punjab-Anganwadi', 'http://localhost:8080/blog-cms-admin/read/JOBS/Punjab-Anganwadi/dsdds', '::1', 'Mozilla/5.0 (Linux; Android 6.0; Nexus 5 Build/MRA58N) AppleWebKit/537.36 (KHTML, like Gecko) Chrome/91.0.4472.164 Mobile Safari/537.36', 'Thu, 22 Jul 2021 13:38:51 +0530'),
(79, '14eaa001-7c44-4016-8a39-38828ce40f64', '32eb24c9-f70f-47e4-aeec-4fce2cd8d946', 'JOBS', 'JOBS', '9f78740b-e8d4-4606-a68e-140e27f5b7c1', 'Punjab Anganwadi', 'Punjab-Anganwadi', 'http://localhost:8080/blog-cms-admin/read/JOBS/Punjab-Anganwadi/dsdds', '::1', 'Mozilla/5.0 (Linux; Android 6.0; Nexus 5 Build/MRA58N) AppleWebKit/537.36 (KHTML, like Gecko) Chrome/91.0.4472.164 Mobile Safari/537.36', 'Thu, 22 Jul 2021 13:38:51 +0530'),
(80, '14eaa001-7c44-4016-8a39-38828ce40f64', '32eb24c9-f70f-47e4-aeec-4fce2cd8d946', 'JOBS', 'JOBS', '9f78740b-e8d4-4606-a68e-140e27f5b7c1', 'Punjab Anganwadi', 'Punjab-Anganwadi', 'http://localhost:8080/blog-cms-admin/read/JOBS/Punjab-Anganwadi/dsdds', '::1', 'Mozilla/5.0 (Linux; Android 6.0; Nexus 5 Build/MRA58N) AppleWebKit/537.36 (KHTML, like Gecko) Chrome/91.0.4472.164 Mobile Safari/537.36', 'Thu, 22 Jul 2021 13:38:51 +0530'),
(81, '14eaa001-7c44-4016-8a39-38828ce40f64', '32eb24c9-f70f-47e4-aeec-4fce2cd8d946', 'JOBS', 'jobs', '', '', '', 'http://localhost:8080/blog-cms-admin/read/jobs/dsdds', '::1', 'Mozilla/5.0 (Linux; Android 6.0; Nexus 5 Build/MRA58N) AppleWebKit/537.36 (KHTML, like Gecko) Chrome/91.0.4472.164 Mobile Safari/537.36', 'Thu, 22 Jul 2021 13:38:51 +0530'),
(84, '618a3311-d5f5-4744-8efa-c6f1d6896900', '32eb24c9-f70f-47e4-aeec-4fce2cd8d946', 'JOBS', 'JOBS', '9f78740b-e8d4-4606-a68e-140e27f5b7c1', 'Punjab Anganwadi', 'Punjab-Anganwadi', 'http://localhost:8080/blog-cms-admin/read/JOBS/Punjab-Anganwadi/sdsd', '::1', 'Mozilla/5.0 (Windows NT 10.0; Win64; x64) AppleWebKit/537.36 (KHTML, like Gecko) Chrome/91.0.4472.164 Safari/537.36', 'Thu, 22 Jul 2021 13:50:51 +0530'),
(85, '618a3311-d5f5-4744-8efa-c6f1d6896900', '32eb24c9-f70f-47e4-aeec-4fce2cd8d946', 'JOBS', 'jobs', '', '', '', 'http://localhost:8080/blog-cms-admin/read/jobs/sdsd', '::1', 'Mozilla/5.0 (Windows NT 10.0; Win64; x64) AppleWebKit/537.36 (KHTML, like Gecko) Chrome/91.0.4472.164 Safari/537.36', 'Thu, 22 Jul 2021 13:50:51 +0530'),
(86, '69e3cdf5-5d13-4477-ae18-c34bb2457463', '32eb24c9-f70f-47e4-aeec-4fce2cd8d946', 'JOBS', 'JOBS', '9f78740b-e8d4-4606-a68e-140e27f5b7c1', 'Punjab Anganwadi', 'Punjab-Anganwadi', 'http://localhost:8080/blog-cms-admin/read/JOBS/Punjab-Anganwadi/sdsd', '::1', 'Mozilla/5.0 (Windows NT 10.0; Win64; x64) AppleWebKit/537.36 (KHTML, like Gecko) Chrome/91.0.4472.164 Safari/537.36', 'Thu, 22 Jul 2021 13:57:12 +0530'),
(87, '69e3cdf5-5d13-4477-ae18-c34bb2457463', '32eb24c9-f70f-47e4-aeec-4fce2cd8d946', 'JOBS', 'JOBS', '9f78740b-e8d4-4606-a68e-140e27f5b7c1', 'Punjab Anganwadi', 'Punjab-Anganwadi', 'http://localhost:8080/blog-cms-admin/read/JOBS/Punjab-Anganwadi/sdsd', '::1', 'Mozilla/5.0 (Windows NT 10.0; Win64; x64) AppleWebKit/537.36 (KHTML, like Gecko) Chrome/91.0.4472.164 Safari/537.36', 'Thu, 22 Jul 2021 13:57:12 +0530'),
(88, '69e3cdf5-5d13-4477-ae18-c34bb2457463', '32eb24c9-f70f-47e4-aeec-4fce2cd8d946', 'JOBS', 'jobs', '', '', '', 'http://localhost:8080/blog-cms-admin/read/jobs/sdsd', '::1', 'Mozilla/5.0 (Windows NT 10.0; Win64; x64) AppleWebKit/537.36 (KHTML, like Gecko) Chrome/91.0.4472.164 Safari/537.36', 'Thu, 22 Jul 2021 13:57:12 +0530'),
(89, '487c68f5-366e-40e6-b675-0be8ce2e1f58', '32eb24c9-f70f-47e4-aeec-4fce2cd8d946', 'JOBS', 'JOBS', '9f78740b-e8d4-4606-a68e-140e27f5b7c1', 'Punjab Anganwadi', 'Punjab-Anganwadi', 'http://localhost:8080/blog-cms-admin/read/JOBS/Punjab-Anganwadi/sdds', '::1', 'Mozilla/5.0 (Windows NT 10.0; Win64; x64) AppleWebKit/537.36 (KHTML, like Gecko) Chrome/91.0.4472.164 Safari/537.36', 'Thu, 22 Jul 2021 14:01:05 +0530'),
(90, '487c68f5-366e-40e6-b675-0be8ce2e1f58', '32eb24c9-f70f-47e4-aeec-4fce2cd8d946', 'JOBS', 'JOBS', '9f78740b-e8d4-4606-a68e-140e27f5b7c1', 'Punjab Anganwadi', 'Punjab-Anganwadi', 'http://localhost:8080/blog-cms-admin/read/JOBS/Punjab-Anganwadi/sdds', '::1', 'Mozilla/5.0 (Windows NT 10.0; Win64; x64) AppleWebKit/537.36 (KHTML, like Gecko) Chrome/91.0.4472.164 Safari/537.36', 'Thu, 22 Jul 2021 14:01:05 +0530'),
(91, '487c68f5-366e-40e6-b675-0be8ce2e1f58', '32eb24c9-f70f-47e4-aeec-4fce2cd8d946', 'JOBS', 'JOBS', '9f78740b-e8d4-4606-a68e-140e27f5b7c1', 'Punjab Anganwadi', 'Punjab-Anganwadi', 'http://localhost:8080/blog-cms-admin/read/JOBS/Punjab-Anganwadi/sdds', '::1', 'Mozilla/5.0 (Windows NT 10.0; Win64; x64) AppleWebKit/537.36 (KHTML, like Gecko) Chrome/91.0.4472.164 Safari/537.36', 'Thu, 22 Jul 2021 14:01:05 +0530'),
(92, '487c68f5-366e-40e6-b675-0be8ce2e1f58', '32eb24c9-f70f-47e4-aeec-4fce2cd8d946', 'JOBS', 'jobs', '', '', '', 'http://localhost:8080/blog-cms-admin/read/jobs/sdds', '::1', 'Mozilla/5.0 (Windows NT 10.0; Win64; x64) AppleWebKit/537.36 (KHTML, like Gecko) Chrome/91.0.4472.164 Safari/537.36', 'Thu, 22 Jul 2021 14:01:05 +0530'),
(93, '021a9233-7ee7-44db-9657-d54ef657c709', '32eb24c9-f70f-47e4-aeec-4fce2cd8d946', 'JOBS', 'JOBS', '9f78740b-e8d4-4606-a68e-140e27f5b7c1', 'Punjab Anganwadi', 'Punjab-Anganwadi', 'http://localhost:8080/blog-cms-admin/read/JOBS/Punjab-Anganwadi/sdds', '::1', 'Mozilla/5.0 (Windows NT 10.0; Win64; x64) AppleWebKit/537.36 (KHTML, like Gecko) Chrome/91.0.4472.164 Safari/537.36', 'Thu, 22 Jul 2021 14:04:51 +0530'),
(94, '021a9233-7ee7-44db-9657-d54ef657c709', '32eb24c9-f70f-47e4-aeec-4fce2cd8d946', 'JOBS', 'JOBS', '9f78740b-e8d4-4606-a68e-140e27f5b7c1', 'Punjab Anganwadi', 'Punjab-Anganwadi', 'http://localhost:8080/blog-cms-admin/read/JOBS/Punjab-Anganwadi/sdds', '::1', 'Mozilla/5.0 (Windows NT 10.0; Win64; x64) AppleWebKit/537.36 (KHTML, like Gecko) Chrome/91.0.4472.164 Safari/537.36', 'Thu, 22 Jul 2021 14:04:51 +0530'),
(95, '021a9233-7ee7-44db-9657-d54ef657c709', '32eb24c9-f70f-47e4-aeec-4fce2cd8d946', 'JOBS', 'JOBS', '9f78740b-e8d4-4606-a68e-140e27f5b7c1', 'Punjab Anganwadi', 'Punjab-Anganwadi', 'http://localhost:8080/blog-cms-admin/read/JOBS/Punjab-Anganwadi/sdds', '::1', 'Mozilla/5.0 (Windows NT 10.0; Win64; x64) AppleWebKit/537.36 (KHTML, like Gecko) Chrome/91.0.4472.164 Safari/537.36', 'Thu, 22 Jul 2021 14:04:51 +0530'),
(96, '021a9233-7ee7-44db-9657-d54ef657c709', '32eb24c9-f70f-47e4-aeec-4fce2cd8d946', 'JOBS', 'JOBS', '9f78740b-e8d4-4606-a68e-140e27f5b7c1', 'Punjab Anganwadi', 'Punjab-Anganwadi', 'http://localhost:8080/blog-cms-admin/read/JOBS/Punjab-Anganwadi/sdds', '::1', 'Mozilla/5.0 (Windows NT 10.0; Win64; x64) AppleWebKit/537.36 (KHTML, like Gecko) Chrome/91.0.4472.164 Safari/537.36', 'Thu, 22 Jul 2021 14:04:51 +0530'),
(97, '021a9233-7ee7-44db-9657-d54ef657c709', '32eb24c9-f70f-47e4-aeec-4fce2cd8d946', 'JOBS', 'jobs', '', '', '', 'http://localhost:8080/blog-cms-admin/read/jobs/sdds', '::1', 'Mozilla/5.0 (Windows NT 10.0; Win64; x64) AppleWebKit/537.36 (KHTML, like Gecko) Chrome/91.0.4472.164 Safari/537.36', 'Thu, 22 Jul 2021 14:04:51 +0530'),
(98, '021a9233-7ee7-44db-9657-d54ef657c709', '32eb24c9-f70f-47e4-aeec-4fce2cd8d946', 'JOBS', 'jobs', '', '', '', 'http://localhost:8080/blog-cms-admin/read/jobs/sdds', '::1', 'Mozilla/5.0 (Windows NT 10.0; Win64; x64) AppleWebKit/537.36 (KHTML, like Gecko) Chrome/91.0.4472.164 Safari/537.36', 'Thu, 22 Jul 2021 14:04:51 +0530'),
(99, '445a3e91-0eb1-4b74-888b-586d7b8d9f47', '32eb24c9-f70f-47e4-aeec-4fce2cd8d946', 'JOBS', 'JOBS', '9f78740b-e8d4-4606-a68e-140e27f5b7c1', 'Punjab Anganwadi', 'Punjab-Anganwadi', 'http://localhost:8080/blog-cms-admin/read/JOBS/Punjab-Anganwadi/hey', '::1', 'Mozilla/5.0 (Windows NT 10.0; Win64; x64) AppleWebKit/537.36 (KHTML, like Gecko) Chrome/91.0.4472.164 Safari/537.36', 'Thu, 22 Jul 2021 14:07:30 +0530'),
(100, '445a3e91-0eb1-4b74-888b-586d7b8d9f47', '32eb24c9-f70f-47e4-aeec-4fce2cd8d946', 'JOBS', 'jobs', '', '', '', 'http://localhost:8080/blog-cms-admin/read/jobs/hey', '::1', 'Mozilla/5.0 (Windows NT 10.0; Win64; x64) AppleWebKit/537.36 (KHTML, like Gecko) Chrome/91.0.4472.164 Safari/537.36', 'Thu, 22 Jul 2021 14:07:30 +0530'),
(101, '2b43dbc0-c60e-4bb3-aa47-1d8406957d60', '32eb24c9-f70f-47e4-aeec-4fce2cd8d946', 'JOBS', 'jobs', '', '', '', 'http://localhost:8080/blog-cms-admin/read/jobs/sdds', '::1', 'Mozilla/5.0 (Windows NT 10.0; Win64; x64) AppleWebKit/537.36 (KHTML, like Gecko) Chrome/91.0.4472.164 Safari/537.36', 'Thu, 22 Jul 2021 16:09:05 +0530'),
(102, '9ba43cfa-aa68-401c-b90d-4edcf112c79e', '32eb24c9-f70f-47e4-aeec-4fce2cd8d946', 'JOBS', 'jobs', '', '', '', 'http://localhost:8080/blog-cms-admin/read/jobs/sdds', '::1', 'Mozilla/5.0 (Windows NT 10.0; Win64; x64) AppleWebKit/537.36 (KHTML, like Gecko) Chrome/91.0.4472.164 Safari/537.36', 'Thu, 22 Jul 2021 16:09:35 +0530'),
(103, '7b437241-ea11-4bb8-abf9-bfb2796d65a0', '32eb24c9-f70f-47e4-aeec-4fce2cd8d946', 'JOBS', 'jobs', '', '', '', 'http://localhost:8080/blog-cms-admin/read-cat/jobs/sdds', '::1', 'Mozilla/5.0 (Windows NT 10.0; Win64; x64) AppleWebKit/537.36 (KHTML, like Gecko) Chrome/91.0.4472.164 Safari/537.36', 'Thu, 22 Jul 2021 16:11:27 +0530'),
(104, 'e2363ce7-8727-4521-b285-e3e22a5b2193', '32eb24c9-f70f-47e4-aeec-4fce2cd8d946', 'JOBS', 'jobs', '', '', '', 'http://localhost:8080/blog-cms-admin/read-cat/jobs/sdds', '::1', 'Mozilla/5.0 (Windows NT 10.0; Win64; x64) AppleWebKit/537.36 (KHTML, like Gecko) Chrome/91.0.4472.164 Safari/537.36', 'Thu, 22 Jul 2021 16:12:16 +0530'),
(105, 'e2363ce7-8727-4521-b285-e3e22a5b2193', '32eb24c9-f70f-47e4-aeec-4fce2cd8d946', 'JOBS', 'jobs', '', '', '', 'http://localhost:8080/blog-cms-admin/read-cat/jobs/sdds', '::1', 'Mozilla/5.0 (Windows NT 10.0; Win64; x64) AppleWebKit/537.36 (KHTML, like Gecko) Chrome/91.0.4472.164 Safari/537.36', 'Thu, 22 Jul 2021 16:12:16 +0530'),
(106, '9b745376-2279-4eac-aee5-165326d7dad2', '32eb24c9-f70f-47e4-aeec-4fce2cd8d946', 'JOBS', 'JOBS', '9f78740b-e8d4-4606-a68e-140e27f5b7c1', 'Punjab Anganwadi', 'Punjab-Anganwadi', 'http://localhost:8080/blog-cms-admin/read/JOBS/Punjab-Anganwadi/asas', '::1', 'Mozilla/5.0 (Windows NT 10.0; Win64; x64) AppleWebKit/537.36 (KHTML, like Gecko) Chrome/91.0.4472.164 Safari/537.36', 'Fri, 23 Jul 2021 12:14:41 +0530'),
(107, '9b745376-2279-4eac-aee5-165326d7dad2', '32eb24c9-f70f-47e4-aeec-4fce2cd8d946', 'JOBS', 'jobs', '', '', '', 'http://localhost:8080/blog-cms-admin/read-cat/jobs/asas', '::1', 'Mozilla/5.0 (Windows NT 10.0; Win64; x64) AppleWebKit/537.36 (KHTML, like Gecko) Chrome/91.0.4472.164 Safari/537.36', 'Fri, 23 Jul 2021 12:14:41 +0530'),
(108, '22269cbf-0af6-479b-b4b3-54a82ce63c6c', '32eb24c9-f70f-47e4-aeec-4fce2cd8d946', 'JOBS', 'JOBS', '9f78740b-e8d4-4606-a68e-140e27f5b7c1', 'Punjab Anganwadi', 'Punjab-Anganwadi', 'http://localhost:8080/blog-cms-admin/read/JOBS/Punjab-Anganwadi/zxzx', '::1', 'Mozilla/5.0 (Windows NT 10.0; Win64; x64) AppleWebKit/537.36 (KHTML, like Gecko) Chrome/91.0.4472.164 Safari/537.36', 'Fri, 23 Jul 2021 12:15:08 +0530'),
(109, '22269cbf-0af6-479b-b4b3-54a82ce63c6c', '32eb24c9-f70f-47e4-aeec-4fce2cd8d946', 'JOBS', 'jobs', '', '', '', 'http://localhost:8080/blog-cms-admin/read-cat/jobs/zxzx', '::1', 'Mozilla/5.0 (Windows NT 10.0; Win64; x64) AppleWebKit/537.36 (KHTML, like Gecko) Chrome/91.0.4472.164 Safari/537.36', 'Fri, 23 Jul 2021 12:15:08 +0530'),
(110, '3234190f-2b1e-4ff6-bc8a-1e1a96d5cc44', '32eb24c9-f70f-47e4-aeec-4fce2cd8d946', 'JOBS', 'JOBS', '9f78740b-e8d4-4606-a68e-140e27f5b7c1', 'Punjab Anganwadi', 'Punjab-Anganwadi', 'http://localhost:8080/blog-cms-admin/read/JOBS/Punjab-Anganwadi/xzz', '::1', 'Mozilla/5.0 (Windows NT 10.0; Win64; x64) AppleWebKit/537.36 (KHTML, like Gecko) Chrome/91.0.4472.164 Safari/537.36', 'Fri, 23 Jul 2021 12:15:44 +0530'),
(111, '3234190f-2b1e-4ff6-bc8a-1e1a96d5cc44', '32eb24c9-f70f-47e4-aeec-4fce2cd8d946', 'JOBS', 'jobs', '', '', '', 'http://localhost:8080/blog-cms-admin/read-cat/jobs/xzz', '::1', 'Mozilla/5.0 (Windows NT 10.0; Win64; x64) AppleWebKit/537.36 (KHTML, like Gecko) Chrome/91.0.4472.164 Safari/537.36', 'Fri, 23 Jul 2021 12:15:44 +0530'),
(112, 'f97b86af-be31-4a92-a81b-2e5ca7b7e6a7', '32eb24c9-f70f-47e4-aeec-4fce2cd8d946', 'JOBS', 'JOBS', '9f78740b-e8d4-4606-a68e-140e27f5b7c1', 'Punjab Anganwadi', 'Punjab-Anganwadi', 'http://localhost:8080/blog-cms-admin/read/JOBS/Punjab-Anganwadi/assa', '::1', 'Mozilla/5.0 (Windows NT 10.0; Win64; x64) AppleWebKit/537.36 (KHTML, like Gecko) Chrome/91.0.4472.164 Safari/537.36', 'Fri, 23 Jul 2021 12:16:40 +0530'),
(113, 'f97b86af-be31-4a92-a81b-2e5ca7b7e6a7', '32eb24c9-f70f-47e4-aeec-4fce2cd8d946', 'JOBS', 'jobs', '', '', '', 'http://localhost:8080/blog-cms-admin/read-cat/jobs/assa', '::1', 'Mozilla/5.0 (Windows NT 10.0; Win64; x64) AppleWebKit/537.36 (KHTML, like Gecko) Chrome/91.0.4472.164 Safari/537.36', 'Fri, 23 Jul 2021 12:16:40 +0530'),
(114, '2676852e-39a8-42f8-9d9a-85eb9bb88805', '32eb24c9-f70f-47e4-aeec-4fce2cd8d946', 'JOBS', 'JOBS', '9f78740b-e8d4-4606-a68e-140e27f5b7c1', 'Punjab Anganwadi', 'Punjab-Anganwadi', 'http://localhost:8080/blog-cms-admin/read/JOBS/Punjab-Anganwadi/assasa', '::1', 'Mozilla/5.0 (Windows NT 10.0; Win64; x64) AppleWebKit/537.36 (KHTML, like Gecko) Chrome/91.0.4472.164 Safari/537.36', 'Fri, 23 Jul 2021 12:17:20 +0530'),
(115, '2676852e-39a8-42f8-9d9a-85eb9bb88805', '32eb24c9-f70f-47e4-aeec-4fce2cd8d946', 'JOBS', 'jobs', '', '', '', 'http://localhost:8080/blog-cms-admin/read-cat/jobs/assasa', '::1', 'Mozilla/5.0 (Windows NT 10.0; Win64; x64) AppleWebKit/537.36 (KHTML, like Gecko) Chrome/91.0.4472.164 Safari/537.36', 'Fri, 23 Jul 2021 12:17:20 +0530'),
(116, '921fa808-28b8-4611-babe-9a8a468ea65b', '32eb24c9-f70f-47e4-aeec-4fce2cd8d946', 'JOBS', 'JOBS', '9f78740b-e8d4-4606-a68e-140e27f5b7c1', 'Punjab Anganwadi', 'Punjab-Anganwadi', 'http://localhost:8080/blog-cms-admin/read/JOBS/Punjab-Anganwadi/asas', '::1', 'Mozilla/5.0 (Windows NT 10.0; Win64; x64) AppleWebKit/537.36 (KHTML, like Gecko) Chrome/91.0.4472.164 Safari/537.36', 'Fri, 23 Jul 2021 12:18:12 +0530'),
(117, '921fa808-28b8-4611-babe-9a8a468ea65b', '32eb24c9-f70f-47e4-aeec-4fce2cd8d946', 'JOBS', 'jobs', '', '', '', 'http://localhost:8080/blog-cms-admin/read-cat/jobs/asas', '::1', 'Mozilla/5.0 (Windows NT 10.0; Win64; x64) AppleWebKit/537.36 (KHTML, like Gecko) Chrome/91.0.4472.164 Safari/537.36', 'Fri, 23 Jul 2021 12:18:12 +0530'),
(118, '13c58939-28f3-43aa-81cb-3884ce66eb74', '32eb24c9-f70f-47e4-aeec-4fce2cd8d946', 'JOBS', 'JOBS', '9f78740b-e8d4-4606-a68e-140e27f5b7c1', 'Punjab Anganwadi', 'Punjab-Anganwadi', 'http://localhost:8080/blog-cms-admin/read/JOBS/Punjab-Anganwadi/sds', '::1', 'Mozilla/5.0 (Windows NT 10.0; Win64; x64) AppleWebKit/537.36 (KHTML, like Gecko) Chrome/91.0.4472.164 Safari/537.36', 'Fri, 23 Jul 2021 12:18:45 +0530'),
(119, '13c58939-28f3-43aa-81cb-3884ce66eb74', '32eb24c9-f70f-47e4-aeec-4fce2cd8d946', 'JOBS', 'jobs', '', '', '', 'http://localhost:8080/blog-cms-admin/read-cat/jobs/sds', '::1', 'Mozilla/5.0 (Windows NT 10.0; Win64; x64) AppleWebKit/537.36 (KHTML, like Gecko) Chrome/91.0.4472.164 Safari/537.36', 'Fri, 23 Jul 2021 12:18:45 +0530'),
(120, '35e29aef-e044-4a87-94cb-e4e9f1f00d0b', '32eb24c9-f70f-47e4-aeec-4fce2cd8d946', 'JOBS', 'jobs', '', '', '', 'http://localhost:8080/blog-cms-admin/read-cat/jobs/hello-all', '::1', 'Mozilla/5.0 (Windows NT 10.0; Win64; x64) AppleWebKit/537.36 (KHTML, like Gecko) Chrome/92.0.4515.107 Safari/537.36', 'Sat, 24 Jul 2021 11:50:38 +0530'),
(121, '35e29aef-e044-4a87-94cb-e4e9f1f00d0b', '32eb24c9-f70f-47e4-aeec-4fce2cd8d946', 'JOBS', 'jobs', '', '', '', 'http://localhost:8080/blog-cms-admin/read-cat/jobs/hello-all', '::1', 'Mozilla/5.0 (Windows NT 10.0; Win64; x64) AppleWebKit/537.36 (KHTML, like Gecko) Chrome/92.0.4515.107 Safari/537.36', 'Sat, 24 Jul 2021 11:50:38 +0530'),
(164, '83c0c795-68df-4924-918a-d5c0e2b4f4e7', '32eb24c9-f70f-47e4-aeec-4fce2cd8d946', 'JOBS', 'JOBS', '9f78740b-e8d4-4606-a68e-140e27f5b7c1', 'Punjab Anganwadi', 'Punjab-Anganwadi', 'http://localhost:8080/blog-cms-admin/read/JOBS/Punjab-Anganwadi/hey-all', '::1', 'Mozilla/5.0 (Windows NT 10.0; Win64; x64) AppleWebKit/537.36 (KHTML, like Gecko) Chrome/92.0.4515.107 Safari/537.36', 'Sat, 24 Jul 2021 13:00:48 +0530'),
(165, '83c0c795-68df-4924-918a-d5c0e2b4f4e7', '32eb24c9-f70f-47e4-aeec-4fce2cd8d946', 'JOBS', 'JOBS', '24695aa3-7442-4a8b-91ed-b541c6d02caa', 'PSSB', 'PSSB', 'http://localhost:8080/blog-cms-admin/read/JOBS/PSSB/hey-all', '::1', 'Mozilla/5.0 (Windows NT 10.0; Win64; x64) AppleWebKit/537.36 (KHTML, like Gecko) Chrome/92.0.4515.107 Safari/537.36', 'Sat, 24 Jul 2021 13:00:48 +0530'),
(166, '83c0c795-68df-4924-918a-d5c0e2b4f4e7', '32eb24c9-f70f-47e4-aeec-4fce2cd8d946', 'JOBS', 'JOBS', '9f78740b-e8d4-4606-a68e-140e27f5b7c1', 'Punjab Anganwadi', 'Punjab-Anganwadi', 'http://localhost:8080/blog-cms-admin/read/JOBS/Punjab-Anganwadi/hey-all', '::1', 'Mozilla/5.0 (Windows NT 10.0; Win64; x64) AppleWebKit/537.36 (KHTML, like Gecko) Chrome/92.0.4515.107 Safari/537.36', 'Sat, 24 Jul 2021 13:00:48 +0530'),
(167, '83c0c795-68df-4924-918a-d5c0e2b4f4e7', '32eb24c9-f70f-47e4-aeec-4fce2cd8d946', 'JOBS', 'JOBS', '24695aa3-7442-4a8b-91ed-b541c6d02caa', 'PSSB', 'PSSB', 'http://localhost:8080/blog-cms-admin/read/JOBS/PSSB/hey-all', '::1', 'Mozilla/5.0 (Windows NT 10.0; Win64; x64) AppleWebKit/537.36 (KHTML, like Gecko) Chrome/92.0.4515.107 Safari/537.36', 'Sat, 24 Jul 2021 13:00:48 +0530'),
(168, '2e78d271-1371-44c2-b1f5-b29a373bd33b', '32eb24c9-f70f-47e4-aeec-4fce2cd8d946', 'JOBS', 'JOBS', '9f78740b-e8d4-4606-a68e-140e27f5b7c1', 'Punjab Anganwadi', 'Punjab-Anganwadi', 'http://localhost:8080/blog-cms-admin/read/JOBS/Punjab-Anganwadi/hey-save', '::1', 'Mozilla/5.0 (Windows NT 10.0; Win64; x64) AppleWebKit/537.36 (KHTML, like Gecko) Chrome/92.0.4515.107 Safari/537.36', 'Sat, 24 Jul 2021 13:41:13 +0530'),
(169, '0387f3f7-686d-40d6-aa1e-d42a6599a066', '32eb24c9-f70f-47e4-aeec-4fce2cd8d946', 'JOBS', 'jobs', '', '', '', 'http://localhost:8080/blog-cms-admin/read-cat/jobs/sdds', '::1', 'Mozilla/5.0 (Windows NT 10.0; Win64; x64) AppleWebKit/537.36 (KHTML, like Gecko) Chrome/92.0.4515.107 Safari/537.36', 'Sun, 25 Jul 2021 11:57:07 +0530'),
(170, 'e845dd76-3560-49ab-bb6e-1c03948de54c', '32eb24c9-f70f-47e4-aeec-4fce2cd8d946', 'JOBS', 'JOBS', 'f50ce01f-f9a8-45c3-8ac7-b3d37b174197', 'Gagan', 'Gagan', 'http://localhost:8080/blog-cms-admin/read/JOBS/Gagan/sdds', '::1', 'Mozilla/5.0 (Windows NT 10.0; Win64; x64) AppleWebKit/537.36 (KHTML, like Gecko) Chrome/92.0.4515.107 Safari/537.36', 'Sun, 25 Jul 2021 11:58:50 +0530'),
(171, 'e845dd76-3560-49ab-bb6e-1c03948de54c', '32eb24c9-f70f-47e4-aeec-4fce2cd8d946', 'JOBS', 'jobs', '', '', '', 'http://localhost:8080/blog-cms-admin/read-cat/jobs/sdds', '::1', 'Mozilla/5.0 (Windows NT 10.0; Win64; x64) AppleWebKit/537.36 (KHTML, like Gecko) Chrome/92.0.4515.107 Safari/537.36', 'Sun, 25 Jul 2021 11:58:50 +0530'),
(172, 'fb136473-61e5-47f6-bb62-e7bcabb21dc6', '32eb24c9-f70f-47e4-aeec-4fce2cd8d946', 'JOBS', 'jobs', '', '', '', 'http://localhost:8080/blog-cms-admin/read-cat/jobs/dsds', '::1', 'Mozilla/5.0 (Windows NT 10.0; Win64; x64) AppleWebKit/537.36 (KHTML, like Gecko) Chrome/92.0.4515.107 Safari/537.36', 'Sun, 25 Jul 2021 12:25:03 +0530'),
(173, 'a34d9895-0193-4e68-8057-1e8e7b091481', '32eb24c9-f70f-47e4-aeec-4fce2cd8d946', 'JOBS', 'jobs', '', '', '', 'http://localhost:8080/blog-cms-admin/read-cat/jobs/dsds', '::1', 'Mozilla/5.0 (Windows NT 10.0; Win64; x64) AppleWebKit/537.36 (KHTML, like Gecko) Chrome/92.0.4515.107 Safari/537.36', 'Sun, 25 Jul 2021 12:25:53 +0530'),
(174, 'a34d9895-0193-4e68-8057-1e8e7b091481', '32eb24c9-f70f-47e4-aeec-4fce2cd8d946', 'JOBS', 'jobs', '', '', '', 'http://localhost:8080/blog-cms-admin/read-cat/jobs/dsds', '::1', 'Mozilla/5.0 (Windows NT 10.0; Win64; x64) AppleWebKit/537.36 (KHTML, like Gecko) Chrome/92.0.4515.107 Safari/537.36', 'Sun, 25 Jul 2021 12:25:53 +0530'),
(175, 'd693f8ec-8128-431f-b0d4-ea0ebf616742', '32eb24c9-f70f-47e4-aeec-4fce2cd8d946', 'JOBS', 'jobs', '', '', '', 'http://localhost:8080/blog-cms-admin/read-cat/jobs/sdds', '::1', 'Mozilla/5.0 (Windows NT 10.0; Win64; x64) AppleWebKit/537.36 (KHTML, like Gecko) Chrome/92.0.4515.107 Safari/537.36', 'Sun, 25 Jul 2021 12:38:09 +0530'),
(176, '3349e783-abc6-4712-8713-f2bbdaccd437', '32eb24c9-f70f-47e4-aeec-4fce2cd8d946', 'JOBS', 'jobs', '', '', '', 'http://localhost:8080/blog-cms-admin/read-cat/jobs/sdds', '::1', 'Mozilla/5.0 (Windows NT 10.0; Win64; x64) AppleWebKit/537.36 (KHTML, like Gecko) Chrome/92.0.4515.107 Safari/537.36', 'Sun, 25 Jul 2021 12:39:17 +0530'),
(177, '3349e783-abc6-4712-8713-f2bbdaccd437', '32eb24c9-f70f-47e4-aeec-4fce2cd8d946', 'JOBS', 'jobs', '', '', '', 'http://localhost:8080/blog-cms-admin/read-cat/jobs/sdds', '::1', 'Mozilla/5.0 (Windows NT 10.0; Win64; x64) AppleWebKit/537.36 (KHTML, like Gecko) Chrome/92.0.4515.107 Safari/537.36', 'Sun, 25 Jul 2021 12:39:17 +0530'),
(178, 'c80e5cf0-6bc1-46db-ac30-ae6ecaee8d73', '32eb24c9-f70f-47e4-aeec-4fce2cd8d946', 'JOBS', 'JOBS', '9f78740b-e8d4-4606-a68e-140e27f5b7c1', 'Punjab Anganwadi', 'Punjab-Anganwadi', 'http://localhost:8080/blog-cms-admin/read/JOBS/Punjab-Anganwadi/sdds', '::1', 'Mozilla/5.0 (Windows NT 10.0; Win64; x64) AppleWebKit/537.36 (KHTML, like Gecko) Chrome/92.0.4515.107 Safari/537.36', 'Sun, 25 Jul 2021 17:04:18 +0530'),
(179, 'c80e5cf0-6bc1-46db-ac30-ae6ecaee8d73', '32eb24c9-f70f-47e4-aeec-4fce2cd8d946', 'JOBS', 'JOBS', '9f78740b-e8d4-4606-a68e-140e27f5b7c1', 'Punjab Anganwadi', 'Punjab-Anganwadi', 'http://localhost:8080/blog-cms-admin/read/JOBS/Punjab-Anganwadi/sdds', '::1', 'Mozilla/5.0 (Windows NT 10.0; Win64; x64) AppleWebKit/537.36 (KHTML, like Gecko) Chrome/92.0.4515.107 Safari/537.36', 'Sun, 25 Jul 2021 17:04:18 +0530'),
(180, 'c80e5cf0-6bc1-46db-ac30-ae6ecaee8d73', '32eb24c9-f70f-47e4-aeec-4fce2cd8d946', 'JOBS', 'jobs', '', '', '', 'http://localhost:8080/blog-cms-admin/read-cat/jobs/sdds', '::1', 'Mozilla/5.0 (Windows NT 10.0; Win64; x64) AppleWebKit/537.36 (KHTML, like Gecko) Chrome/92.0.4515.107 Safari/537.36', 'Sun, 25 Jul 2021 17:04:18 +0530'),
(181, 'c80e5cf0-6bc1-46db-ac30-ae6ecaee8d73', '32eb24c9-f70f-47e4-aeec-4fce2cd8d946', 'JOBS', 'jobs', '', '', '', 'http://localhost:8080/blog-cms-admin/read-cat/jobs/sdds', '::1', 'Mozilla/5.0 (Windows NT 10.0; Win64; x64) AppleWebKit/537.36 (KHTML, like Gecko) Chrome/92.0.4515.107 Safari/537.36', 'Sun, 25 Jul 2021 17:04:18 +0530'),
(222, '4ae857e3-6c60-4a05-b436-d2cca878082d', '32eb24c9-f70f-47e4-aeec-4fce2cd8d946', 'JOBS', 'JOBS', '9f78740b-e8d4-4606-a68e-140e27f5b7c1', 'Punjab Anganwadi', 'Punjab-Anganwadi', 'http://localhost:8080/blog-cms-admin/read/JOBS/Punjab-Anganwadi/sdds', '::1', 'Mozilla/5.0 (Linux; Android 6.0; Nexus 5 Build/MRA58N) AppleWebKit/537.36 (KHTML, like Gecko) Chrome/92.0.4515.107 Mobile Safari/537.36', 'Sun, 25 Jul 2021 17:16:17 +0530'),
(223, '4ae857e3-6c60-4a05-b436-d2cca878082d', '32eb24c9-f70f-47e4-aeec-4fce2cd8d946', 'JOBS', 'jobs', '', '', '', 'http://localhost:8080/blog-cms-admin/read-cat/jobs/sdds', '::1', 'Mozilla/5.0 (Linux; Android 6.0; Nexus 5 Build/MRA58N) AppleWebKit/537.36 (KHTML, like Gecko) Chrome/92.0.4515.107 Mobile Safari/537.36', 'Sun, 25 Jul 2021 17:16:17 +0530'),
(224, 'adc43f76-473c-4d05-8b37-37a74a0fc8d5', '32eb24c9-f70f-47e4-aeec-4fce2cd8d946', 'JOBS', 'JOBS', '9f78740b-e8d4-4606-a68e-140e27f5b7c1', 'Punjab Anganwadi', 'Punjab-Anganwadi', 'http://localhost:8080/blog-cms-admin/read/JOBS/Punjab-Anganwadi/sdds', '::1', 'Mozilla/5.0 (Windows NT 10.0; Win64; x64) AppleWebKit/537.36 (KHTML, like Gecko) Chrome/92.0.4515.107 Safari/537.36', 'Sun, 25 Jul 2021 17:28:05 +0530'),
(225, 'adc43f76-473c-4d05-8b37-37a74a0fc8d5', '32eb24c9-f70f-47e4-aeec-4fce2cd8d946', 'JOBS', 'jobs', '', '', '', 'http://localhost:8080/blog-cms-admin/read-cat/jobs/sdds', '::1', 'Mozilla/5.0 (Windows NT 10.0; Win64; x64) AppleWebKit/537.36 (KHTML, like Gecko) Chrome/92.0.4515.107 Safari/537.36', 'Sun, 25 Jul 2021 17:28:05 +0530'),
(226, '8cd75ac7-6328-4d32-90c2-32b21280743e', '32eb24c9-f70f-47e4-aeec-4fce2cd8d946', 'JOBS', 'JOBS', '24695aa3-7442-4a8b-91ed-b541c6d02caa', 'PSSB', 'PSSB', 'http://localhost:8080/blog-cms-admin/read/JOBS/PSSB/sdds', '::1', 'Mozilla/5.0 (Windows NT 10.0; Win64; x64) AppleWebKit/537.36 (KHTML, like Gecko) Chrome/92.0.4515.107 Safari/537.36', 'Sun, 25 Jul 2021 17:28:20 +0530'),
(227, '8cd75ac7-6328-4d32-90c2-32b21280743e', '32eb24c9-f70f-47e4-aeec-4fce2cd8d946', 'JOBS', 'JOBS', 'e60f6229-185d-4e85-9df7-85e5fdf97f01', 'UPSC', 'UPSC', 'http://localhost:8080/blog-cms-admin/read/JOBS/UPSC/sdds', '::1', 'Mozilla/5.0 (Windows NT 10.0; Win64; x64) AppleWebKit/537.36 (KHTML, like Gecko) Chrome/92.0.4515.107 Safari/537.36', 'Sun, 25 Jul 2021 17:28:20 +0530'),
(228, '8cd75ac7-6328-4d32-90c2-32b21280743e', '1026ac76-1de7-499c-8c09-0e87dee205b4', 'IBPS Clerk Exam', 'IBPS-Clerk-Exam', 'cd0c2c25-6e1c-4058-8bd3-e57ac97594d1', 'IBPS Clerk Syllabus', 'IBPS-Clerk-Syllabus', 'http://localhost:8080/blog-cms-admin/read/IBPS-Clerk-Exam/IBPS-Clerk-Syllabus/sdds', '::1', 'Mozilla/5.0 (Windows NT 10.0; Win64; x64) AppleWebKit/537.36 (KHTML, like Gecko) Chrome/92.0.4515.107 Safari/537.36', 'Sun, 25 Jul 2021 17:28:20 +0530'),
(229, '8cd75ac7-6328-4d32-90c2-32b21280743e', '9c906944-b91c-4266-9c2f-b9c3709fe27e', 'Punjab', 'punjab', '', '', '', 'http://localhost:8080/blog-cms-admin/read-cat/punjab/sdds', '::1', 'Mozilla/5.0 (Windows NT 10.0; Win64; x64) AppleWebKit/537.36 (KHTML, like Gecko) Chrome/92.0.4515.107 Safari/537.36', 'Sun, 25 Jul 2021 17:28:20 +0530'),
(230, '8cd75ac7-6328-4d32-90c2-32b21280743e', '626a0f45-bf4c-4b81-9750-11d73e368d0f', 'Job Notification', 'job-notification', '', '', '', 'http://localhost:8080/blog-cms-admin/read-cat/job-notification/sdds', '::1', 'Mozilla/5.0 (Windows NT 10.0; Win64; x64) AppleWebKit/537.36 (KHTML, like Gecko) Chrome/92.0.4515.107 Safari/537.36', 'Sun, 25 Jul 2021 17:28:20 +0530'),
(231, '6d17d92b-be44-454b-898b-f5576f5eae6b', '32eb24c9-f70f-47e4-aeec-4fce2cd8d946', 'JOBS', 'JOBS', '24695aa3-7442-4a8b-91ed-b541c6d02caa', 'PSSB', 'PSSB', 'http://localhost:8080/blog-cms-admin/read/JOBS/PSSB/sdds', '::1', 'Mozilla/5.0 (Windows NT 10.0; Win64; x64) AppleWebKit/537.36 (KHTML, like Gecko) Chrome/92.0.4515.107 Safari/537.36', 'Sun, 25 Jul 2021 17:28:29 +0530'),
(232, '6d17d92b-be44-454b-898b-f5576f5eae6b', '32eb24c9-f70f-47e4-aeec-4fce2cd8d946', 'JOBS', 'JOBS', 'e60f6229-185d-4e85-9df7-85e5fdf97f01', 'UPSC', 'UPSC', 'http://localhost:8080/blog-cms-admin/read/JOBS/UPSC/sdds', '::1', 'Mozilla/5.0 (Windows NT 10.0; Win64; x64) AppleWebKit/537.36 (KHTML, like Gecko) Chrome/92.0.4515.107 Safari/537.36', 'Sun, 25 Jul 2021 17:28:29 +0530'),
(233, '6d17d92b-be44-454b-898b-f5576f5eae6b', '1026ac76-1de7-499c-8c09-0e87dee205b4', 'IBPS Clerk Exam', 'IBPS-Clerk-Exam', 'cd0c2c25-6e1c-4058-8bd3-e57ac97594d1', 'IBPS Clerk Syllabus', 'IBPS-Clerk-Syllabus', 'http://localhost:8080/blog-cms-admin/read/IBPS-Clerk-Exam/IBPS-Clerk-Syllabus/sdds', '::1', 'Mozilla/5.0 (Windows NT 10.0; Win64; x64) AppleWebKit/537.36 (KHTML, like Gecko) Chrome/92.0.4515.107 Safari/537.36', 'Sun, 25 Jul 2021 17:28:29 +0530'),
(234, '6d17d92b-be44-454b-898b-f5576f5eae6b', '32eb24c9-f70f-47e4-aeec-4fce2cd8d946', 'JOBS', 'JOBS', 'e60f6229-185d-4e85-9df7-85e5fdf97f01', 'UPSC', 'UPSC', 'http://localhost:8080/blog-cms-admin/read/JOBS/UPSC/sdds', '::1', 'Mozilla/5.0 (Windows NT 10.0; Win64; x64) AppleWebKit/537.36 (KHTML, like Gecko) Chrome/92.0.4515.107 Safari/537.36', 'Sun, 25 Jul 2021 17:28:29 +0530'),
(235, '6d17d92b-be44-454b-898b-f5576f5eae6b', '1026ac76-1de7-499c-8c09-0e87dee205b4', 'IBPS Clerk Exam', 'IBPS-Clerk-Exam', 'cd0c2c25-6e1c-4058-8bd3-e57ac97594d1', 'IBPS Clerk Syllabus', 'IBPS-Clerk-Syllabus', 'http://localhost:8080/blog-cms-admin/read/IBPS-Clerk-Exam/IBPS-Clerk-Syllabus/sdds', '::1', 'Mozilla/5.0 (Windows NT 10.0; Win64; x64) AppleWebKit/537.36 (KHTML, like Gecko) Chrome/92.0.4515.107 Safari/537.36', 'Sun, 25 Jul 2021 17:28:29 +0530'),
(236, '6d17d92b-be44-454b-898b-f5576f5eae6b', '9c906944-b91c-4266-9c2f-b9c3709fe27e', 'Punjab', 'punjab', '', '', '', 'http://localhost:8080/blog-cms-admin/read-cat/punjab/sdds', '::1', 'Mozilla/5.0 (Windows NT 10.0; Win64; x64) AppleWebKit/537.36 (KHTML, like Gecko) Chrome/92.0.4515.107 Safari/537.36', 'Sun, 25 Jul 2021 17:28:29 +0530'),
(237, '6d17d92b-be44-454b-898b-f5576f5eae6b', '626a0f45-bf4c-4b81-9750-11d73e368d0f', 'Job Notification', 'job-notification', '', '', '', 'http://localhost:8080/blog-cms-admin/read-cat/job-notification/sdds', '::1', 'Mozilla/5.0 (Windows NT 10.0; Win64; x64) AppleWebKit/537.36 (KHTML, like Gecko) Chrome/92.0.4515.107 Safari/537.36', 'Sun, 25 Jul 2021 17:28:29 +0530'),
(238, '6d17d92b-be44-454b-898b-f5576f5eae6b', '9c906944-b91c-4266-9c2f-b9c3709fe27e', 'Punjab', 'punjab', '', '', '', 'http://localhost:8080/blog-cms-admin/read-cat/punjab/sdds', '::1', 'Mozilla/5.0 (Windows NT 10.0; Win64; x64) AppleWebKit/537.36 (KHTML, like Gecko) Chrome/92.0.4515.107 Safari/537.36', 'Sun, 25 Jul 2021 17:28:29 +0530'),
(239, '6d17d92b-be44-454b-898b-f5576f5eae6b', '626a0f45-bf4c-4b81-9750-11d73e368d0f', 'Job Notification', 'job-notification', '', '', '', 'http://localhost:8080/blog-cms-admin/read-cat/job-notification/sdds', '::1', 'Mozilla/5.0 (Windows NT 10.0; Win64; x64) AppleWebKit/537.36 (KHTML, like Gecko) Chrome/92.0.4515.107 Safari/537.36', 'Sun, 25 Jul 2021 17:28:29 +0530'),
(240, 'eaa9c994-e221-4204-bed0-8ece4b049a47', '32eb24c9-f70f-47e4-aeec-4fce2cd8d946', 'JOBS', 'JOBS', '24695aa3-7442-4a8b-91ed-b541c6d02caa', 'PSSB', 'PSSB', 'http://localhost:8080/blog-cms-admin/read/JOBS/PSSB/sdds', '::1', 'Mozilla/5.0 (Windows NT 10.0; Win64; x64) AppleWebKit/537.36 (KHTML, like Gecko) Chrome/92.0.4515.107 Safari/537.36', 'Sun, 25 Jul 2021 17:37:48 +0530'),
(241, 'eaa9c994-e221-4204-bed0-8ece4b049a47', '32eb24c9-f70f-47e4-aeec-4fce2cd8d946', 'JOBS', 'JOBS', 'e60f6229-185d-4e85-9df7-85e5fdf97f01', 'UPSC', 'UPSC', 'http://localhost:8080/blog-cms-admin/read/JOBS/UPSC/sdds', '::1', 'Mozilla/5.0 (Windows NT 10.0; Win64; x64) AppleWebKit/537.36 (KHTML, like Gecko) Chrome/92.0.4515.107 Safari/537.36', 'Sun, 25 Jul 2021 17:37:48 +0530'),
(242, 'eaa9c994-e221-4204-bed0-8ece4b049a47', '1026ac76-1de7-499c-8c09-0e87dee205b4', 'IBPS Clerk Exam', 'IBPS-Clerk-Exam', 'cd0c2c25-6e1c-4058-8bd3-e57ac97594d1', 'IBPS Clerk Syllabus', 'IBPS-Clerk-Syllabus', 'http://localhost:8080/blog-cms-admin/read/IBPS-Clerk-Exam/IBPS-Clerk-Syllabus/sdds', '::1', 'Mozilla/5.0 (Windows NT 10.0; Win64; x64) AppleWebKit/537.36 (KHTML, like Gecko) Chrome/92.0.4515.107 Safari/537.36', 'Sun, 25 Jul 2021 17:37:48 +0530'),
(243, 'eaa9c994-e221-4204-bed0-8ece4b049a47', '9c906944-b91c-4266-9c2f-b9c3709fe27e', 'Punjab', 'punjab', '', '', '', 'http://localhost:8080/blog-cms-admin/read-cat/punjab/sdds', '::1', 'Mozilla/5.0 (Windows NT 10.0; Win64; x64) AppleWebKit/537.36 (KHTML, like Gecko) Chrome/92.0.4515.107 Safari/537.36', 'Sun, 25 Jul 2021 17:37:48 +0530'),
(244, 'eaa9c994-e221-4204-bed0-8ece4b049a47', '626a0f45-bf4c-4b81-9750-11d73e368d0f', 'Job Notification', 'job-notification', '', '', '', 'http://localhost:8080/blog-cms-admin/read-cat/job-notification/sdds', '::1', 'Mozilla/5.0 (Windows NT 10.0; Win64; x64) AppleWebKit/537.36 (KHTML, like Gecko) Chrome/92.0.4515.107 Safari/537.36', 'Sun, 25 Jul 2021 17:37:48 +0530'),
(245, '8289c65b-c6fc-4769-8ca2-512250dd28da', '32eb24c9-f70f-47e4-aeec-4fce2cd8d946', 'JOBS', 'JOBS', '24695aa3-7442-4a8b-91ed-b541c6d02caa', 'PSSB', 'PSSB', 'http://localhost:8080/blog-cms-admin/read/JOBS/PSSB/sdds', '::1', 'Mozilla/5.0 (Windows NT 10.0; Win64; x64) AppleWebKit/537.36 (KHTML, like Gecko) Chrome/92.0.4515.107 Safari/537.36', 'Sun, 25 Jul 2021 17:38:10 +0530');
INSERT INTO `article_lines` (`id`, `article_id`, `category_id`, `category_name`, `category_slug`, `sub_category_id`, `sub_category_name`, `sub_category_slug`, `url_lines`, `from_ip`, `from_browser`, `time`) VALUES
(246, '8289c65b-c6fc-4769-8ca2-512250dd28da', '32eb24c9-f70f-47e4-aeec-4fce2cd8d946', 'JOBS', 'JOBS', 'e60f6229-185d-4e85-9df7-85e5fdf97f01', 'UPSC', 'UPSC', 'http://localhost:8080/blog-cms-admin/read/JOBS/UPSC/sdds', '::1', 'Mozilla/5.0 (Windows NT 10.0; Win64; x64) AppleWebKit/537.36 (KHTML, like Gecko) Chrome/92.0.4515.107 Safari/537.36', 'Sun, 25 Jul 2021 17:38:10 +0530'),
(247, '8289c65b-c6fc-4769-8ca2-512250dd28da', '1026ac76-1de7-499c-8c09-0e87dee205b4', 'IBPS Clerk Exam', 'IBPS-Clerk-Exam', 'cd0c2c25-6e1c-4058-8bd3-e57ac97594d1', 'IBPS Clerk Syllabus', 'IBPS-Clerk-Syllabus', 'http://localhost:8080/blog-cms-admin/read/IBPS-Clerk-Exam/IBPS-Clerk-Syllabus/sdds', '::1', 'Mozilla/5.0 (Windows NT 10.0; Win64; x64) AppleWebKit/537.36 (KHTML, like Gecko) Chrome/92.0.4515.107 Safari/537.36', 'Sun, 25 Jul 2021 17:38:10 +0530'),
(248, '8289c65b-c6fc-4769-8ca2-512250dd28da', '32eb24c9-f70f-47e4-aeec-4fce2cd8d946', 'JOBS', 'JOBS', '24695aa3-7442-4a8b-91ed-b541c6d02caa', 'PSSB', 'PSSB', 'http://localhost:8080/blog-cms-admin/read/JOBS/PSSB/sdds', '::1', 'Mozilla/5.0 (Windows NT 10.0; Win64; x64) AppleWebKit/537.36 (KHTML, like Gecko) Chrome/92.0.4515.107 Safari/537.36', 'Sun, 25 Jul 2021 17:38:10 +0530'),
(249, '8289c65b-c6fc-4769-8ca2-512250dd28da', '32eb24c9-f70f-47e4-aeec-4fce2cd8d946', 'JOBS', 'JOBS', 'e60f6229-185d-4e85-9df7-85e5fdf97f01', 'UPSC', 'UPSC', 'http://localhost:8080/blog-cms-admin/read/JOBS/UPSC/sdds', '::1', 'Mozilla/5.0 (Windows NT 10.0; Win64; x64) AppleWebKit/537.36 (KHTML, like Gecko) Chrome/92.0.4515.107 Safari/537.36', 'Sun, 25 Jul 2021 17:38:10 +0530'),
(250, '8289c65b-c6fc-4769-8ca2-512250dd28da', '1026ac76-1de7-499c-8c09-0e87dee205b4', 'IBPS Clerk Exam', 'IBPS-Clerk-Exam', 'cd0c2c25-6e1c-4058-8bd3-e57ac97594d1', 'IBPS Clerk Syllabus', 'IBPS-Clerk-Syllabus', 'http://localhost:8080/blog-cms-admin/read/IBPS-Clerk-Exam/IBPS-Clerk-Syllabus/sdds', '::1', 'Mozilla/5.0 (Windows NT 10.0; Win64; x64) AppleWebKit/537.36 (KHTML, like Gecko) Chrome/92.0.4515.107 Safari/537.36', 'Sun, 25 Jul 2021 17:38:10 +0530'),
(251, '8289c65b-c6fc-4769-8ca2-512250dd28da', '9c906944-b91c-4266-9c2f-b9c3709fe27e', 'Punjab', 'punjab', '', '', '', 'http://localhost:8080/blog-cms-admin/read-cat/punjab/sdds', '::1', 'Mozilla/5.0 (Windows NT 10.0; Win64; x64) AppleWebKit/537.36 (KHTML, like Gecko) Chrome/92.0.4515.107 Safari/537.36', 'Sun, 25 Jul 2021 17:38:10 +0530'),
(252, '8289c65b-c6fc-4769-8ca2-512250dd28da', '626a0f45-bf4c-4b81-9750-11d73e368d0f', 'Job Notification', 'job-notification', '', '', '', 'http://localhost:8080/blog-cms-admin/read-cat/job-notification/sdds', '::1', 'Mozilla/5.0 (Windows NT 10.0; Win64; x64) AppleWebKit/537.36 (KHTML, like Gecko) Chrome/92.0.4515.107 Safari/537.36', 'Sun, 25 Jul 2021 17:38:10 +0530'),
(253, '8289c65b-c6fc-4769-8ca2-512250dd28da', '9c906944-b91c-4266-9c2f-b9c3709fe27e', 'Punjab', 'punjab', '', '', '', 'http://localhost:8080/blog-cms-admin/read-cat/punjab/sdds', '::1', 'Mozilla/5.0 (Windows NT 10.0; Win64; x64) AppleWebKit/537.36 (KHTML, like Gecko) Chrome/92.0.4515.107 Safari/537.36', 'Sun, 25 Jul 2021 17:38:10 +0530'),
(254, '8289c65b-c6fc-4769-8ca2-512250dd28da', '626a0f45-bf4c-4b81-9750-11d73e368d0f', 'Job Notification', 'job-notification', '', '', '', 'http://localhost:8080/blog-cms-admin/read-cat/job-notification/sdds', '::1', 'Mozilla/5.0 (Windows NT 10.0; Win64; x64) AppleWebKit/537.36 (KHTML, like Gecko) Chrome/92.0.4515.107 Safari/537.36', 'Sun, 25 Jul 2021 17:38:10 +0530'),
(255, '7f49d635-5b70-4d85-aa70-097faedea385', '32eb24c9-f70f-47e4-aeec-4fce2cd8d946', 'JOBS', 'JOBS', '24695aa3-7442-4a8b-91ed-b541c6d02caa', 'PSSB', 'PSSB', 'http://localhost:8080/blog-cms-admin/read/JOBS/PSSB/sdds', '::1', 'Mozilla/5.0 (Windows NT 10.0; Win64; x64) AppleWebKit/537.36 (KHTML, like Gecko) Chrome/92.0.4515.107 Safari/537.36', 'Sun, 25 Jul 2021 17:38:25 +0530'),
(256, '7f49d635-5b70-4d85-aa70-097faedea385', '32eb24c9-f70f-47e4-aeec-4fce2cd8d946', 'JOBS', 'JOBS', 'e60f6229-185d-4e85-9df7-85e5fdf97f01', 'UPSC', 'UPSC', 'http://localhost:8080/blog-cms-admin/read/JOBS/UPSC/sdds', '::1', 'Mozilla/5.0 (Windows NT 10.0; Win64; x64) AppleWebKit/537.36 (KHTML, like Gecko) Chrome/92.0.4515.107 Safari/537.36', 'Sun, 25 Jul 2021 17:38:25 +0530'),
(257, '7f49d635-5b70-4d85-aa70-097faedea385', '1026ac76-1de7-499c-8c09-0e87dee205b4', 'IBPS Clerk Exam', 'IBPS-Clerk-Exam', 'cd0c2c25-6e1c-4058-8bd3-e57ac97594d1', 'IBPS Clerk Syllabus', 'IBPS-Clerk-Syllabus', 'http://localhost:8080/blog-cms-admin/read/IBPS-Clerk-Exam/IBPS-Clerk-Syllabus/sdds', '::1', 'Mozilla/5.0 (Windows NT 10.0; Win64; x64) AppleWebKit/537.36 (KHTML, like Gecko) Chrome/92.0.4515.107 Safari/537.36', 'Sun, 25 Jul 2021 17:38:25 +0530'),
(258, '7f49d635-5b70-4d85-aa70-097faedea385', '32eb24c9-f70f-47e4-aeec-4fce2cd8d946', 'JOBS', 'JOBS', '24695aa3-7442-4a8b-91ed-b541c6d02caa', 'PSSB', 'PSSB', 'http://localhost:8080/blog-cms-admin/read/JOBS/PSSB/sdds', '::1', 'Mozilla/5.0 (Windows NT 10.0; Win64; x64) AppleWebKit/537.36 (KHTML, like Gecko) Chrome/92.0.4515.107 Safari/537.36', 'Sun, 25 Jul 2021 17:38:25 +0530'),
(259, '7f49d635-5b70-4d85-aa70-097faedea385', '32eb24c9-f70f-47e4-aeec-4fce2cd8d946', 'JOBS', 'JOBS', 'e60f6229-185d-4e85-9df7-85e5fdf97f01', 'UPSC', 'UPSC', 'http://localhost:8080/blog-cms-admin/read/JOBS/UPSC/sdds', '::1', 'Mozilla/5.0 (Windows NT 10.0; Win64; x64) AppleWebKit/537.36 (KHTML, like Gecko) Chrome/92.0.4515.107 Safari/537.36', 'Sun, 25 Jul 2021 17:38:25 +0530'),
(260, '7f49d635-5b70-4d85-aa70-097faedea385', '1026ac76-1de7-499c-8c09-0e87dee205b4', 'IBPS Clerk Exam', 'IBPS-Clerk-Exam', 'cd0c2c25-6e1c-4058-8bd3-e57ac97594d1', 'IBPS Clerk Syllabus', 'IBPS-Clerk-Syllabus', 'http://localhost:8080/blog-cms-admin/read/IBPS-Clerk-Exam/IBPS-Clerk-Syllabus/sdds', '::1', 'Mozilla/5.0 (Windows NT 10.0; Win64; x64) AppleWebKit/537.36 (KHTML, like Gecko) Chrome/92.0.4515.107 Safari/537.36', 'Sun, 25 Jul 2021 17:38:25 +0530'),
(261, '7f49d635-5b70-4d85-aa70-097faedea385', '32eb24c9-f70f-47e4-aeec-4fce2cd8d946', 'JOBS', 'JOBS', '24695aa3-7442-4a8b-91ed-b541c6d02caa', 'PSSB', 'PSSB', 'http://localhost:8080/blog-cms-admin/read/JOBS/PSSB/sdds', '::1', 'Mozilla/5.0 (Windows NT 10.0; Win64; x64) AppleWebKit/537.36 (KHTML, like Gecko) Chrome/92.0.4515.107 Safari/537.36', 'Sun, 25 Jul 2021 17:38:25 +0530'),
(262, '7f49d635-5b70-4d85-aa70-097faedea385', '32eb24c9-f70f-47e4-aeec-4fce2cd8d946', 'JOBS', 'JOBS', 'e60f6229-185d-4e85-9df7-85e5fdf97f01', 'UPSC', 'UPSC', 'http://localhost:8080/blog-cms-admin/read/JOBS/UPSC/sdds', '::1', 'Mozilla/5.0 (Windows NT 10.0; Win64; x64) AppleWebKit/537.36 (KHTML, like Gecko) Chrome/92.0.4515.107 Safari/537.36', 'Sun, 25 Jul 2021 17:38:25 +0530'),
(263, '7f49d635-5b70-4d85-aa70-097faedea385', '1026ac76-1de7-499c-8c09-0e87dee205b4', 'IBPS Clerk Exam', 'IBPS-Clerk-Exam', 'cd0c2c25-6e1c-4058-8bd3-e57ac97594d1', 'IBPS Clerk Syllabus', 'IBPS-Clerk-Syllabus', 'http://localhost:8080/blog-cms-admin/read/IBPS-Clerk-Exam/IBPS-Clerk-Syllabus/sdds', '::1', 'Mozilla/5.0 (Windows NT 10.0; Win64; x64) AppleWebKit/537.36 (KHTML, like Gecko) Chrome/92.0.4515.107 Safari/537.36', 'Sun, 25 Jul 2021 17:38:25 +0530'),
(264, '7f49d635-5b70-4d85-aa70-097faedea385', '9c906944-b91c-4266-9c2f-b9c3709fe27e', 'Punjab', 'punjab', '', '', '', 'http://localhost:8080/blog-cms-admin/read-cat/punjab/sdds', '::1', 'Mozilla/5.0 (Windows NT 10.0; Win64; x64) AppleWebKit/537.36 (KHTML, like Gecko) Chrome/92.0.4515.107 Safari/537.36', 'Sun, 25 Jul 2021 17:38:25 +0530'),
(265, '7f49d635-5b70-4d85-aa70-097faedea385', '626a0f45-bf4c-4b81-9750-11d73e368d0f', 'Job Notification', 'job-notification', '', '', '', 'http://localhost:8080/blog-cms-admin/read-cat/job-notification/sdds', '::1', 'Mozilla/5.0 (Windows NT 10.0; Win64; x64) AppleWebKit/537.36 (KHTML, like Gecko) Chrome/92.0.4515.107 Safari/537.36', 'Sun, 25 Jul 2021 17:38:25 +0530'),
(266, '7f49d635-5b70-4d85-aa70-097faedea385', '9c906944-b91c-4266-9c2f-b9c3709fe27e', 'Punjab', 'punjab', '', '', '', 'http://localhost:8080/blog-cms-admin/read-cat/punjab/sdds', '::1', 'Mozilla/5.0 (Windows NT 10.0; Win64; x64) AppleWebKit/537.36 (KHTML, like Gecko) Chrome/92.0.4515.107 Safari/537.36', 'Sun, 25 Jul 2021 17:38:25 +0530'),
(267, '7f49d635-5b70-4d85-aa70-097faedea385', '626a0f45-bf4c-4b81-9750-11d73e368d0f', 'Job Notification', 'job-notification', '', '', '', 'http://localhost:8080/blog-cms-admin/read-cat/job-notification/sdds', '::1', 'Mozilla/5.0 (Windows NT 10.0; Win64; x64) AppleWebKit/537.36 (KHTML, like Gecko) Chrome/92.0.4515.107 Safari/537.36', 'Sun, 25 Jul 2021 17:38:25 +0530'),
(268, '7f49d635-5b70-4d85-aa70-097faedea385', '9c906944-b91c-4266-9c2f-b9c3709fe27e', 'Punjab', 'punjab', '', '', '', 'http://localhost:8080/blog-cms-admin/read-cat/punjab/sdds', '::1', 'Mozilla/5.0 (Windows NT 10.0; Win64; x64) AppleWebKit/537.36 (KHTML, like Gecko) Chrome/92.0.4515.107 Safari/537.36', 'Sun, 25 Jul 2021 17:38:25 +0530'),
(269, '7f49d635-5b70-4d85-aa70-097faedea385', '626a0f45-bf4c-4b81-9750-11d73e368d0f', 'Job Notification', 'job-notification', '', '', '', 'http://localhost:8080/blog-cms-admin/read-cat/job-notification/sdds', '::1', 'Mozilla/5.0 (Windows NT 10.0; Win64; x64) AppleWebKit/537.36 (KHTML, like Gecko) Chrome/92.0.4515.107 Safari/537.36', 'Sun, 25 Jul 2021 17:38:25 +0530'),
(270, '7da1cb39-4d3f-4753-8ed0-647570083d93', '32eb24c9-f70f-47e4-aeec-4fce2cd8d946', 'JOBS', 'JOBS', '24695aa3-7442-4a8b-91ed-b541c6d02caa', 'PSSB', 'PSSB', 'http://localhost:8080/blog-cms-admin/read/JOBS/PSSB/sdds', '::1', 'Mozilla/5.0 (Windows NT 10.0; Win64; x64) AppleWebKit/537.36 (KHTML, like Gecko) Chrome/92.0.4515.107 Safari/537.36', 'Sun, 25 Jul 2021 17:38:30 +0530'),
(271, '7da1cb39-4d3f-4753-8ed0-647570083d93', '32eb24c9-f70f-47e4-aeec-4fce2cd8d946', 'JOBS', 'JOBS', 'e60f6229-185d-4e85-9df7-85e5fdf97f01', 'UPSC', 'UPSC', 'http://localhost:8080/blog-cms-admin/read/JOBS/UPSC/sdds', '::1', 'Mozilla/5.0 (Windows NT 10.0; Win64; x64) AppleWebKit/537.36 (KHTML, like Gecko) Chrome/92.0.4515.107 Safari/537.36', 'Sun, 25 Jul 2021 17:38:30 +0530'),
(272, '7da1cb39-4d3f-4753-8ed0-647570083d93', '1026ac76-1de7-499c-8c09-0e87dee205b4', 'IBPS Clerk Exam', 'IBPS-Clerk-Exam', 'cd0c2c25-6e1c-4058-8bd3-e57ac97594d1', 'IBPS Clerk Syllabus', 'IBPS-Clerk-Syllabus', 'http://localhost:8080/blog-cms-admin/read/IBPS-Clerk-Exam/IBPS-Clerk-Syllabus/sdds', '::1', 'Mozilla/5.0 (Windows NT 10.0; Win64; x64) AppleWebKit/537.36 (KHTML, like Gecko) Chrome/92.0.4515.107 Safari/537.36', 'Sun, 25 Jul 2021 17:38:30 +0530'),
(273, '7da1cb39-4d3f-4753-8ed0-647570083d93', '9c906944-b91c-4266-9c2f-b9c3709fe27e', 'Punjab', 'punjab', '', '', '', 'http://localhost:8080/blog-cms-admin/read-cat/punjab/sdds', '::1', 'Mozilla/5.0 (Windows NT 10.0; Win64; x64) AppleWebKit/537.36 (KHTML, like Gecko) Chrome/92.0.4515.107 Safari/537.36', 'Sun, 25 Jul 2021 17:38:30 +0530'),
(274, '7da1cb39-4d3f-4753-8ed0-647570083d93', '626a0f45-bf4c-4b81-9750-11d73e368d0f', 'Job Notification', 'job-notification', '', '', '', 'http://localhost:8080/blog-cms-admin/read-cat/job-notification/sdds', '::1', 'Mozilla/5.0 (Windows NT 10.0; Win64; x64) AppleWebKit/537.36 (KHTML, like Gecko) Chrome/92.0.4515.107 Safari/537.36', 'Sun, 25 Jul 2021 17:38:30 +0530'),
(275, 'cbf5ed54-1c81-4a16-8c44-5f433222540d', '32eb24c9-f70f-47e4-aeec-4fce2cd8d946', 'JOBS', 'JOBS', '24695aa3-7442-4a8b-91ed-b541c6d02caa', 'PSSB', 'PSSB', 'http://localhost:8080/blog-cms-admin/read/JOBS/PSSB/sdds', '::1', 'Mozilla/5.0 (Windows NT 10.0; Win64; x64) AppleWebKit/537.36 (KHTML, like Gecko) Chrome/92.0.4515.107 Safari/537.36', 'Sun, 25 Jul 2021 17:40:28 +0530'),
(276, 'cbf5ed54-1c81-4a16-8c44-5f433222540d', '32eb24c9-f70f-47e4-aeec-4fce2cd8d946', 'JOBS', 'JOBS', 'e60f6229-185d-4e85-9df7-85e5fdf97f01', 'UPSC', 'UPSC', 'http://localhost:8080/blog-cms-admin/read/JOBS/UPSC/sdds', '::1', 'Mozilla/5.0 (Windows NT 10.0; Win64; x64) AppleWebKit/537.36 (KHTML, like Gecko) Chrome/92.0.4515.107 Safari/537.36', 'Sun, 25 Jul 2021 17:40:28 +0530'),
(277, 'cbf5ed54-1c81-4a16-8c44-5f433222540d', '1026ac76-1de7-499c-8c09-0e87dee205b4', 'IBPS Clerk Exam', 'IBPS-Clerk-Exam', 'cd0c2c25-6e1c-4058-8bd3-e57ac97594d1', 'IBPS Clerk Syllabus', 'IBPS-Clerk-Syllabus', 'http://localhost:8080/blog-cms-admin/read/IBPS-Clerk-Exam/IBPS-Clerk-Syllabus/sdds', '::1', 'Mozilla/5.0 (Windows NT 10.0; Win64; x64) AppleWebKit/537.36 (KHTML, like Gecko) Chrome/92.0.4515.107 Safari/537.36', 'Sun, 25 Jul 2021 17:40:28 +0530'),
(278, 'cbf5ed54-1c81-4a16-8c44-5f433222540d', '9c906944-b91c-4266-9c2f-b9c3709fe27e', 'Punjab', 'punjab', '', '', '', 'http://localhost:8080/blog-cms-admin/read-cat/punjab/sdds', '::1', 'Mozilla/5.0 (Windows NT 10.0; Win64; x64) AppleWebKit/537.36 (KHTML, like Gecko) Chrome/92.0.4515.107 Safari/537.36', 'Sun, 25 Jul 2021 17:40:28 +0530'),
(279, 'cbf5ed54-1c81-4a16-8c44-5f433222540d', '626a0f45-bf4c-4b81-9750-11d73e368d0f', 'Job Notification', 'job-notification', '', '', '', 'http://localhost:8080/blog-cms-admin/read-cat/job-notification/sdds', '::1', 'Mozilla/5.0 (Windows NT 10.0; Win64; x64) AppleWebKit/537.36 (KHTML, like Gecko) Chrome/92.0.4515.107 Safari/537.36', 'Sun, 25 Jul 2021 17:40:28 +0530'),
(280, '3e7d5328-05f6-447c-a105-fdea17309eab', '32eb24c9-f70f-47e4-aeec-4fce2cd8d946', 'JOBS', 'JOBS', '24695aa3-7442-4a8b-91ed-b541c6d02caa', 'PSSB', 'PSSB', 'http://localhost:8080/blog-cms-admin/read/JOBS/PSSB/sdds', '::1', 'Mozilla/5.0 (Windows NT 10.0; Win64; x64) AppleWebKit/537.36 (KHTML, like Gecko) Chrome/92.0.4515.107 Safari/537.36', 'Sun, 25 Jul 2021 17:42:32 +0530'),
(281, '3e7d5328-05f6-447c-a105-fdea17309eab', '32eb24c9-f70f-47e4-aeec-4fce2cd8d946', 'JOBS', 'JOBS', 'e60f6229-185d-4e85-9df7-85e5fdf97f01', 'UPSC', 'UPSC', 'http://localhost:8080/blog-cms-admin/read/JOBS/UPSC/sdds', '::1', 'Mozilla/5.0 (Windows NT 10.0; Win64; x64) AppleWebKit/537.36 (KHTML, like Gecko) Chrome/92.0.4515.107 Safari/537.36', 'Sun, 25 Jul 2021 17:42:32 +0530'),
(282, '3e7d5328-05f6-447c-a105-fdea17309eab', '1026ac76-1de7-499c-8c09-0e87dee205b4', 'IBPS Clerk Exam', 'IBPS-Clerk-Exam', 'cd0c2c25-6e1c-4058-8bd3-e57ac97594d1', 'IBPS Clerk Syllabus', 'IBPS-Clerk-Syllabus', 'http://localhost:8080/blog-cms-admin/read/IBPS-Clerk-Exam/IBPS-Clerk-Syllabus/sdds', '::1', 'Mozilla/5.0 (Windows NT 10.0; Win64; x64) AppleWebKit/537.36 (KHTML, like Gecko) Chrome/92.0.4515.107 Safari/537.36', 'Sun, 25 Jul 2021 17:42:32 +0530'),
(283, '3e7d5328-05f6-447c-a105-fdea17309eab', '32eb24c9-f70f-47e4-aeec-4fce2cd8d946', 'JOBS', 'JOBS', '24695aa3-7442-4a8b-91ed-b541c6d02caa', 'PSSB', 'PSSB', 'http://localhost:8080/blog-cms-admin/read/JOBS/PSSB/sdds', '::1', 'Mozilla/5.0 (Windows NT 10.0; Win64; x64) AppleWebKit/537.36 (KHTML, like Gecko) Chrome/92.0.4515.107 Safari/537.36', 'Sun, 25 Jul 2021 17:42:32 +0530'),
(284, '3e7d5328-05f6-447c-a105-fdea17309eab', '32eb24c9-f70f-47e4-aeec-4fce2cd8d946', 'JOBS', 'JOBS', 'e60f6229-185d-4e85-9df7-85e5fdf97f01', 'UPSC', 'UPSC', 'http://localhost:8080/blog-cms-admin/read/JOBS/UPSC/sdds', '::1', 'Mozilla/5.0 (Windows NT 10.0; Win64; x64) AppleWebKit/537.36 (KHTML, like Gecko) Chrome/92.0.4515.107 Safari/537.36', 'Sun, 25 Jul 2021 17:42:32 +0530'),
(285, '3e7d5328-05f6-447c-a105-fdea17309eab', '1026ac76-1de7-499c-8c09-0e87dee205b4', 'IBPS Clerk Exam', 'IBPS-Clerk-Exam', 'cd0c2c25-6e1c-4058-8bd3-e57ac97594d1', 'IBPS Clerk Syllabus', 'IBPS-Clerk-Syllabus', 'http://localhost:8080/blog-cms-admin/read/IBPS-Clerk-Exam/IBPS-Clerk-Syllabus/sdds', '::1', 'Mozilla/5.0 (Windows NT 10.0; Win64; x64) AppleWebKit/537.36 (KHTML, like Gecko) Chrome/92.0.4515.107 Safari/537.36', 'Sun, 25 Jul 2021 17:42:32 +0530'),
(286, '3e7d5328-05f6-447c-a105-fdea17309eab', '9c906944-b91c-4266-9c2f-b9c3709fe27e', 'Punjab', 'punjab', '', '', '', 'http://localhost:8080/blog-cms-admin/read-cat/punjab/sdds', '::1', 'Mozilla/5.0 (Windows NT 10.0; Win64; x64) AppleWebKit/537.36 (KHTML, like Gecko) Chrome/92.0.4515.107 Safari/537.36', 'Sun, 25 Jul 2021 17:42:32 +0530'),
(287, '3e7d5328-05f6-447c-a105-fdea17309eab', '626a0f45-bf4c-4b81-9750-11d73e368d0f', 'Job Notification', 'job-notification', '', '', '', 'http://localhost:8080/blog-cms-admin/read-cat/job-notification/sdds', '::1', 'Mozilla/5.0 (Windows NT 10.0; Win64; x64) AppleWebKit/537.36 (KHTML, like Gecko) Chrome/92.0.4515.107 Safari/537.36', 'Sun, 25 Jul 2021 17:42:32 +0530'),
(288, '3e7d5328-05f6-447c-a105-fdea17309eab', '9c906944-b91c-4266-9c2f-b9c3709fe27e', 'Punjab', 'punjab', '', '', '', 'http://localhost:8080/blog-cms-admin/read-cat/punjab/sdds', '::1', 'Mozilla/5.0 (Windows NT 10.0; Win64; x64) AppleWebKit/537.36 (KHTML, like Gecko) Chrome/92.0.4515.107 Safari/537.36', 'Sun, 25 Jul 2021 17:42:32 +0530'),
(289, '3e7d5328-05f6-447c-a105-fdea17309eab', '626a0f45-bf4c-4b81-9750-11d73e368d0f', 'Job Notification', 'job-notification', '', '', '', 'http://localhost:8080/blog-cms-admin/read-cat/job-notification/sdds', '::1', 'Mozilla/5.0 (Windows NT 10.0; Win64; x64) AppleWebKit/537.36 (KHTML, like Gecko) Chrome/92.0.4515.107 Safari/537.36', 'Sun, 25 Jul 2021 17:42:32 +0530'),
(290, 'a6a8785b-066d-44c9-8067-17f8ee4a7e50', '32eb24c9-f70f-47e4-aeec-4fce2cd8d946', 'JOBS', 'JOBS', '24695aa3-7442-4a8b-91ed-b541c6d02caa', 'PSSB', 'PSSB', 'http://localhost:8080/blog-cms-admin/read/JOBS/PSSB/sdds', '::1', 'Mozilla/5.0 (Windows NT 10.0; Win64; x64) AppleWebKit/537.36 (KHTML, like Gecko) Chrome/92.0.4515.107 Safari/537.36', 'Sun, 25 Jul 2021 17:42:50 +0530'),
(291, 'a6a8785b-066d-44c9-8067-17f8ee4a7e50', '32eb24c9-f70f-47e4-aeec-4fce2cd8d946', 'JOBS', 'JOBS', 'e60f6229-185d-4e85-9df7-85e5fdf97f01', 'UPSC', 'UPSC', 'http://localhost:8080/blog-cms-admin/read/JOBS/UPSC/sdds', '::1', 'Mozilla/5.0 (Windows NT 10.0; Win64; x64) AppleWebKit/537.36 (KHTML, like Gecko) Chrome/92.0.4515.107 Safari/537.36', 'Sun, 25 Jul 2021 17:42:50 +0530'),
(292, 'a6a8785b-066d-44c9-8067-17f8ee4a7e50', '1026ac76-1de7-499c-8c09-0e87dee205b4', 'IBPS Clerk Exam', 'IBPS-Clerk-Exam', 'cd0c2c25-6e1c-4058-8bd3-e57ac97594d1', 'IBPS Clerk Syllabus', 'IBPS-Clerk-Syllabus', 'http://localhost:8080/blog-cms-admin/read/IBPS-Clerk-Exam/IBPS-Clerk-Syllabus/sdds', '::1', 'Mozilla/5.0 (Windows NT 10.0; Win64; x64) AppleWebKit/537.36 (KHTML, like Gecko) Chrome/92.0.4515.107 Safari/537.36', 'Sun, 25 Jul 2021 17:42:50 +0530'),
(293, 'a6a8785b-066d-44c9-8067-17f8ee4a7e50', '32eb24c9-f70f-47e4-aeec-4fce2cd8d946', 'JOBS', 'JOBS', '24695aa3-7442-4a8b-91ed-b541c6d02caa', 'PSSB', 'PSSB', 'http://localhost:8080/blog-cms-admin/read/JOBS/PSSB/sdds', '::1', 'Mozilla/5.0 (Windows NT 10.0; Win64; x64) AppleWebKit/537.36 (KHTML, like Gecko) Chrome/92.0.4515.107 Safari/537.36', 'Sun, 25 Jul 2021 17:42:50 +0530'),
(294, 'a6a8785b-066d-44c9-8067-17f8ee4a7e50', '32eb24c9-f70f-47e4-aeec-4fce2cd8d946', 'JOBS', 'JOBS', 'e60f6229-185d-4e85-9df7-85e5fdf97f01', 'UPSC', 'UPSC', 'http://localhost:8080/blog-cms-admin/read/JOBS/UPSC/sdds', '::1', 'Mozilla/5.0 (Windows NT 10.0; Win64; x64) AppleWebKit/537.36 (KHTML, like Gecko) Chrome/92.0.4515.107 Safari/537.36', 'Sun, 25 Jul 2021 17:42:50 +0530'),
(295, 'a6a8785b-066d-44c9-8067-17f8ee4a7e50', '1026ac76-1de7-499c-8c09-0e87dee205b4', 'IBPS Clerk Exam', 'IBPS-Clerk-Exam', 'cd0c2c25-6e1c-4058-8bd3-e57ac97594d1', 'IBPS Clerk Syllabus', 'IBPS-Clerk-Syllabus', 'http://localhost:8080/blog-cms-admin/read/IBPS-Clerk-Exam/IBPS-Clerk-Syllabus/sdds', '::1', 'Mozilla/5.0 (Windows NT 10.0; Win64; x64) AppleWebKit/537.36 (KHTML, like Gecko) Chrome/92.0.4515.107 Safari/537.36', 'Sun, 25 Jul 2021 17:42:50 +0530'),
(296, 'a6a8785b-066d-44c9-8067-17f8ee4a7e50', '32eb24c9-f70f-47e4-aeec-4fce2cd8d946', 'JOBS', 'JOBS', '24695aa3-7442-4a8b-91ed-b541c6d02caa', 'PSSB', 'PSSB', 'http://localhost:8080/blog-cms-admin/read/JOBS/PSSB/sdds', '::1', 'Mozilla/5.0 (Windows NT 10.0; Win64; x64) AppleWebKit/537.36 (KHTML, like Gecko) Chrome/92.0.4515.107 Safari/537.36', 'Sun, 25 Jul 2021 17:42:50 +0530'),
(297, 'a6a8785b-066d-44c9-8067-17f8ee4a7e50', '32eb24c9-f70f-47e4-aeec-4fce2cd8d946', 'JOBS', 'JOBS', 'e60f6229-185d-4e85-9df7-85e5fdf97f01', 'UPSC', 'UPSC', 'http://localhost:8080/blog-cms-admin/read/JOBS/UPSC/sdds', '::1', 'Mozilla/5.0 (Windows NT 10.0; Win64; x64) AppleWebKit/537.36 (KHTML, like Gecko) Chrome/92.0.4515.107 Safari/537.36', 'Sun, 25 Jul 2021 17:42:50 +0530'),
(298, 'a6a8785b-066d-44c9-8067-17f8ee4a7e50', '1026ac76-1de7-499c-8c09-0e87dee205b4', 'IBPS Clerk Exam', 'IBPS-Clerk-Exam', 'cd0c2c25-6e1c-4058-8bd3-e57ac97594d1', 'IBPS Clerk Syllabus', 'IBPS-Clerk-Syllabus', 'http://localhost:8080/blog-cms-admin/read/IBPS-Clerk-Exam/IBPS-Clerk-Syllabus/sdds', '::1', 'Mozilla/5.0 (Windows NT 10.0; Win64; x64) AppleWebKit/537.36 (KHTML, like Gecko) Chrome/92.0.4515.107 Safari/537.36', 'Sun, 25 Jul 2021 17:42:50 +0530'),
(299, 'a6a8785b-066d-44c9-8067-17f8ee4a7e50', '9c906944-b91c-4266-9c2f-b9c3709fe27e', 'Punjab', 'punjab', '', '', '', 'http://localhost:8080/blog-cms-admin/read-cat/punjab/sdds', '::1', 'Mozilla/5.0 (Windows NT 10.0; Win64; x64) AppleWebKit/537.36 (KHTML, like Gecko) Chrome/92.0.4515.107 Safari/537.36', 'Sun, 25 Jul 2021 17:42:50 +0530'),
(300, 'a6a8785b-066d-44c9-8067-17f8ee4a7e50', '626a0f45-bf4c-4b81-9750-11d73e368d0f', 'Job Notification', 'job-notification', '', '', '', 'http://localhost:8080/blog-cms-admin/read-cat/job-notification/sdds', '::1', 'Mozilla/5.0 (Windows NT 10.0; Win64; x64) AppleWebKit/537.36 (KHTML, like Gecko) Chrome/92.0.4515.107 Safari/537.36', 'Sun, 25 Jul 2021 17:42:50 +0530'),
(301, 'a6a8785b-066d-44c9-8067-17f8ee4a7e50', '9c906944-b91c-4266-9c2f-b9c3709fe27e', 'Punjab', 'punjab', '', '', '', 'http://localhost:8080/blog-cms-admin/read-cat/punjab/sdds', '::1', 'Mozilla/5.0 (Windows NT 10.0; Win64; x64) AppleWebKit/537.36 (KHTML, like Gecko) Chrome/92.0.4515.107 Safari/537.36', 'Sun, 25 Jul 2021 17:42:50 +0530'),
(302, 'a6a8785b-066d-44c9-8067-17f8ee4a7e50', '626a0f45-bf4c-4b81-9750-11d73e368d0f', 'Job Notification', 'job-notification', '', '', '', 'http://localhost:8080/blog-cms-admin/read-cat/job-notification/sdds', '::1', 'Mozilla/5.0 (Windows NT 10.0; Win64; x64) AppleWebKit/537.36 (KHTML, like Gecko) Chrome/92.0.4515.107 Safari/537.36', 'Sun, 25 Jul 2021 17:42:50 +0530'),
(303, 'a6a8785b-066d-44c9-8067-17f8ee4a7e50', '9c906944-b91c-4266-9c2f-b9c3709fe27e', 'Punjab', 'punjab', '', '', '', 'http://localhost:8080/blog-cms-admin/read-cat/punjab/sdds', '::1', 'Mozilla/5.0 (Windows NT 10.0; Win64; x64) AppleWebKit/537.36 (KHTML, like Gecko) Chrome/92.0.4515.107 Safari/537.36', 'Sun, 25 Jul 2021 17:42:50 +0530'),
(304, 'a6a8785b-066d-44c9-8067-17f8ee4a7e50', '626a0f45-bf4c-4b81-9750-11d73e368d0f', 'Job Notification', 'job-notification', '', '', '', 'http://localhost:8080/blog-cms-admin/read-cat/job-notification/sdds', '::1', 'Mozilla/5.0 (Windows NT 10.0; Win64; x64) AppleWebKit/537.36 (KHTML, like Gecko) Chrome/92.0.4515.107 Safari/537.36', 'Sun, 25 Jul 2021 17:42:50 +0530'),
(305, 'c57f7b7f-8138-4e0a-b487-69b4472c2146', '32eb24c9-f70f-47e4-aeec-4fce2cd8d946', 'JOBS', 'JOBS', '9f78740b-e8d4-4606-a68e-140e27f5b7c1', 'Punjab Anganwadi', 'Punjab-Anganwadi', 'http://localhost:8080/blog-cms-admin/read/JOBS/Punjab-Anganwadi/sdds', '::1', 'Mozilla/5.0 (Windows NT 10.0; Win64; x64) AppleWebKit/537.36 (KHTML, like Gecko) Chrome/92.0.4515.107 Safari/537.36', 'Sun, 25 Jul 2021 17:43:27 +0530'),
(306, 'c57f7b7f-8138-4e0a-b487-69b4472c2146', '32eb24c9-f70f-47e4-aeec-4fce2cd8d946', 'JOBS', 'jobs', '', '', '', 'http://localhost:8080/blog-cms-admin/read-cat/jobs/sdds', '::1', 'Mozilla/5.0 (Windows NT 10.0; Win64; x64) AppleWebKit/537.36 (KHTML, like Gecko) Chrome/92.0.4515.107 Safari/537.36', 'Sun, 25 Jul 2021 17:43:27 +0530'),
(307, 'a89b10b7-9522-4224-9804-da3fe07791f2', '32eb24c9-f70f-47e4-aeec-4fce2cd8d946', 'JOBS', 'JOBS', '9f78740b-e8d4-4606-a68e-140e27f5b7c1', 'Punjab Anganwadi', 'Punjab-Anganwadi', 'http://localhost:8080/blog-cms-admin/read/JOBS/Punjab-Anganwadi/sdds', '::1', 'Mozilla/5.0 (Windows NT 10.0; Win64; x64) AppleWebKit/537.36 (KHTML, like Gecko) Chrome/92.0.4515.107 Safari/537.36', 'Sun, 25 Jul 2021 17:43:28 +0530'),
(308, 'a89b10b7-9522-4224-9804-da3fe07791f2', '32eb24c9-f70f-47e4-aeec-4fce2cd8d946', 'JOBS', 'JOBS', '9f78740b-e8d4-4606-a68e-140e27f5b7c1', 'Punjab Anganwadi', 'Punjab-Anganwadi', 'http://localhost:8080/blog-cms-admin/read/JOBS/Punjab-Anganwadi/sdds', '::1', 'Mozilla/5.0 (Windows NT 10.0; Win64; x64) AppleWebKit/537.36 (KHTML, like Gecko) Chrome/92.0.4515.107 Safari/537.36', 'Sun, 25 Jul 2021 17:43:28 +0530'),
(309, 'a89b10b7-9522-4224-9804-da3fe07791f2', '32eb24c9-f70f-47e4-aeec-4fce2cd8d946', 'JOBS', 'jobs', '', '', '', 'http://localhost:8080/blog-cms-admin/read-cat/jobs/sdds', '::1', 'Mozilla/5.0 (Windows NT 10.0; Win64; x64) AppleWebKit/537.36 (KHTML, like Gecko) Chrome/92.0.4515.107 Safari/537.36', 'Sun, 25 Jul 2021 17:43:28 +0530'),
(310, 'a89b10b7-9522-4224-9804-da3fe07791f2', '32eb24c9-f70f-47e4-aeec-4fce2cd8d946', 'JOBS', 'jobs', '', '', '', 'http://localhost:8080/blog-cms-admin/read-cat/jobs/sdds', '::1', 'Mozilla/5.0 (Windows NT 10.0; Win64; x64) AppleWebKit/537.36 (KHTML, like Gecko) Chrome/92.0.4515.107 Safari/537.36', 'Sun, 25 Jul 2021 17:43:28 +0530'),
(311, '1769f7dd-40fd-4f21-a0ea-5ccdc9f035ba', '32eb24c9-f70f-47e4-aeec-4fce2cd8d946', 'JOBS', 'JOBS', '9f78740b-e8d4-4606-a68e-140e27f5b7c1', 'Punjab Anganwadi', 'Punjab-Anganwadi', 'http://localhost:8080/blog-cms-admin/read/JOBS/Punjab-Anganwadi/sdds', '::1', 'Mozilla/5.0 (Linux; Android 6.0; Nexus 5 Build/MRA58N) AppleWebKit/537.36 (KHTML, like Gecko) Chrome/92.0.4515.107 Mobile Safari/537.36', 'Sun, 25 Jul 2021 17:43:39 +0530'),
(312, '1769f7dd-40fd-4f21-a0ea-5ccdc9f035ba', '32eb24c9-f70f-47e4-aeec-4fce2cd8d946', 'JOBS', 'JOBS', '9f78740b-e8d4-4606-a68e-140e27f5b7c1', 'Punjab Anganwadi', 'Punjab-Anganwadi', 'http://localhost:8080/blog-cms-admin/read/JOBS/Punjab-Anganwadi/sdds', '::1', 'Mozilla/5.0 (Linux; Android 6.0; Nexus 5 Build/MRA58N) AppleWebKit/537.36 (KHTML, like Gecko) Chrome/92.0.4515.107 Mobile Safari/537.36', 'Sun, 25 Jul 2021 17:43:39 +0530'),
(313, '1769f7dd-40fd-4f21-a0ea-5ccdc9f035ba', '32eb24c9-f70f-47e4-aeec-4fce2cd8d946', 'JOBS', 'JOBS', '9f78740b-e8d4-4606-a68e-140e27f5b7c1', 'Punjab Anganwadi', 'Punjab-Anganwadi', 'http://localhost:8080/blog-cms-admin/read/JOBS/Punjab-Anganwadi/sdds', '::1', 'Mozilla/5.0 (Linux; Android 6.0; Nexus 5 Build/MRA58N) AppleWebKit/537.36 (KHTML, like Gecko) Chrome/92.0.4515.107 Mobile Safari/537.36', 'Sun, 25 Jul 2021 17:43:39 +0530'),
(314, '1769f7dd-40fd-4f21-a0ea-5ccdc9f035ba', '32eb24c9-f70f-47e4-aeec-4fce2cd8d946', 'JOBS', 'jobs', '', '', '', 'http://localhost:8080/blog-cms-admin/read-cat/jobs/sdds', '::1', 'Mozilla/5.0 (Linux; Android 6.0; Nexus 5 Build/MRA58N) AppleWebKit/537.36 (KHTML, like Gecko) Chrome/92.0.4515.107 Mobile Safari/537.36', 'Sun, 25 Jul 2021 17:43:39 +0530'),
(315, '1769f7dd-40fd-4f21-a0ea-5ccdc9f035ba', '32eb24c9-f70f-47e4-aeec-4fce2cd8d946', 'JOBS', 'jobs', '', '', '', 'http://localhost:8080/blog-cms-admin/read-cat/jobs/sdds', '::1', 'Mozilla/5.0 (Linux; Android 6.0; Nexus 5 Build/MRA58N) AppleWebKit/537.36 (KHTML, like Gecko) Chrome/92.0.4515.107 Mobile Safari/537.36', 'Sun, 25 Jul 2021 17:43:39 +0530'),
(316, '1769f7dd-40fd-4f21-a0ea-5ccdc9f035ba', '32eb24c9-f70f-47e4-aeec-4fce2cd8d946', 'JOBS', 'jobs', '', '', '', 'http://localhost:8080/blog-cms-admin/read-cat/jobs/sdds', '::1', 'Mozilla/5.0 (Linux; Android 6.0; Nexus 5 Build/MRA58N) AppleWebKit/537.36 (KHTML, like Gecko) Chrome/92.0.4515.107 Mobile Safari/537.36', 'Sun, 25 Jul 2021 17:43:39 +0530'),
(317, 'cb4eb1fc-e42d-4d17-8b35-807fa648d72b', '32eb24c9-f70f-47e4-aeec-4fce2cd8d946', 'JOBS', 'JOBS', '9f78740b-e8d4-4606-a68e-140e27f5b7c1', 'Punjab Anganwadi', 'Punjab-Anganwadi', 'http://localhost:8080/blog-cms-admin/read/JOBS/Punjab-Anganwadi/sdds', '::1', 'Mozilla/5.0 (Linux; Android 6.0; Nexus 5 Build/MRA58N) AppleWebKit/537.36 (KHTML, like Gecko) Chrome/92.0.4515.107 Mobile Safari/537.36', 'Sun, 25 Jul 2021 17:44:30 +0530'),
(318, 'cb4eb1fc-e42d-4d17-8b35-807fa648d72b', '32eb24c9-f70f-47e4-aeec-4fce2cd8d946', 'JOBS', 'JOBS', '9f78740b-e8d4-4606-a68e-140e27f5b7c1', 'Punjab Anganwadi', 'Punjab-Anganwadi', 'http://localhost:8080/blog-cms-admin/read/JOBS/Punjab-Anganwadi/sdds', '::1', 'Mozilla/5.0 (Linux; Android 6.0; Nexus 5 Build/MRA58N) AppleWebKit/537.36 (KHTML, like Gecko) Chrome/92.0.4515.107 Mobile Safari/537.36', 'Sun, 25 Jul 2021 17:44:30 +0530'),
(319, 'cb4eb1fc-e42d-4d17-8b35-807fa648d72b', '32eb24c9-f70f-47e4-aeec-4fce2cd8d946', 'JOBS', 'JOBS', '9f78740b-e8d4-4606-a68e-140e27f5b7c1', 'Punjab Anganwadi', 'Punjab-Anganwadi', 'http://localhost:8080/blog-cms-admin/read/JOBS/Punjab-Anganwadi/sdds', '::1', 'Mozilla/5.0 (Linux; Android 6.0; Nexus 5 Build/MRA58N) AppleWebKit/537.36 (KHTML, like Gecko) Chrome/92.0.4515.107 Mobile Safari/537.36', 'Sun, 25 Jul 2021 17:44:30 +0530'),
(320, 'cb4eb1fc-e42d-4d17-8b35-807fa648d72b', '32eb24c9-f70f-47e4-aeec-4fce2cd8d946', 'JOBS', 'JOBS', '9f78740b-e8d4-4606-a68e-140e27f5b7c1', 'Punjab Anganwadi', 'Punjab-Anganwadi', 'http://localhost:8080/blog-cms-admin/read/JOBS/Punjab-Anganwadi/sdds', '::1', 'Mozilla/5.0 (Linux; Android 6.0; Nexus 5 Build/MRA58N) AppleWebKit/537.36 (KHTML, like Gecko) Chrome/92.0.4515.107 Mobile Safari/537.36', 'Sun, 25 Jul 2021 17:44:30 +0530'),
(321, 'cb4eb1fc-e42d-4d17-8b35-807fa648d72b', '32eb24c9-f70f-47e4-aeec-4fce2cd8d946', 'JOBS', 'jobs', '', '', '', 'http://localhost:8080/blog-cms-admin/read-cat/jobs/sdds', '::1', 'Mozilla/5.0 (Linux; Android 6.0; Nexus 5 Build/MRA58N) AppleWebKit/537.36 (KHTML, like Gecko) Chrome/92.0.4515.107 Mobile Safari/537.36', 'Sun, 25 Jul 2021 17:44:30 +0530'),
(322, 'cb4eb1fc-e42d-4d17-8b35-807fa648d72b', '32eb24c9-f70f-47e4-aeec-4fce2cd8d946', 'JOBS', 'jobs', '', '', '', 'http://localhost:8080/blog-cms-admin/read-cat/jobs/sdds', '::1', 'Mozilla/5.0 (Linux; Android 6.0; Nexus 5 Build/MRA58N) AppleWebKit/537.36 (KHTML, like Gecko) Chrome/92.0.4515.107 Mobile Safari/537.36', 'Sun, 25 Jul 2021 17:44:30 +0530'),
(323, 'cb4eb1fc-e42d-4d17-8b35-807fa648d72b', '32eb24c9-f70f-47e4-aeec-4fce2cd8d946', 'JOBS', 'jobs', '', '', '', 'http://localhost:8080/blog-cms-admin/read-cat/jobs/sdds', '::1', 'Mozilla/5.0 (Linux; Android 6.0; Nexus 5 Build/MRA58N) AppleWebKit/537.36 (KHTML, like Gecko) Chrome/92.0.4515.107 Mobile Safari/537.36', 'Sun, 25 Jul 2021 17:44:30 +0530'),
(324, 'cb4eb1fc-e42d-4d17-8b35-807fa648d72b', '32eb24c9-f70f-47e4-aeec-4fce2cd8d946', 'JOBS', 'jobs', '', '', '', 'http://localhost:8080/blog-cms-admin/read-cat/jobs/sdds', '::1', 'Mozilla/5.0 (Linux; Android 6.0; Nexus 5 Build/MRA58N) AppleWebKit/537.36 (KHTML, like Gecko) Chrome/92.0.4515.107 Mobile Safari/537.36', 'Sun, 25 Jul 2021 17:44:30 +0530'),
(325, '6ced75f7-d1fa-4226-a209-395ae392a007', '32eb24c9-f70f-47e4-aeec-4fce2cd8d946', 'JOBS', 'JOBS', '750a8e1d-acca-4986-804c-e2ce7472b0df', 'Chandigarh recuritment', 'Chandigarh-recuritment', 'http://localhost:8080/blog-cms-admin/read/JOBS/Chandigarh-recuritment/mc-chandigarh-recruitment-2021-for-279-fireman-station-fire-officer-other-posts', '::1', 'Mozilla/5.0 (Windows NT 10.0; Win64; x64) AppleWebKit/537.36 (KHTML, like Gecko) Chrome/92.0.4515.107 Safari/537.36', 'Sun, 25 Jul 2021 18:49:14 +0530'),
(326, '6ced75f7-d1fa-4226-a209-395ae392a007', 'b0ec4b4a-5d39-450b-85f2-7751ab9d17c3', 'States', 'States', 'd72b1110-466d-4061-9830-d57dbf1f8abd', 'Punjab', 'Punjab', 'http://localhost:8080/blog-cms-admin/read/States/Punjab/mc-chandigarh-recruitment-2021-for-279-fireman-station-fire-officer-other-posts', '::1', 'Mozilla/5.0 (Windows NT 10.0; Win64; x64) AppleWebKit/537.36 (KHTML, like Gecko) Chrome/92.0.4515.107 Safari/537.36', 'Sun, 25 Jul 2021 18:49:14 +0530'),
(327, '6ced75f7-d1fa-4226-a209-395ae392a007', '32eb24c9-f70f-47e4-aeec-4fce2cd8d946', 'JOBS', 'JOBS', '750a8e1d-acca-4986-804c-e2ce7472b0df', 'Chandigarh recuritment', 'Chandigarh-recuritment', 'http://localhost:8080/blog-cms-admin/read/JOBS/Chandigarh-recuritment/mc-chandigarh-recruitment-2021-for-279-fireman-station-fire-officer-other-posts', '::1', 'Mozilla/5.0 (Windows NT 10.0; Win64; x64) AppleWebKit/537.36 (KHTML, like Gecko) Chrome/92.0.4515.107 Safari/537.36', 'Sun, 25 Jul 2021 18:49:14 +0530'),
(328, '6ced75f7-d1fa-4226-a209-395ae392a007', 'b0ec4b4a-5d39-450b-85f2-7751ab9d17c3', 'States', 'States', 'd72b1110-466d-4061-9830-d57dbf1f8abd', 'Punjab', 'Punjab', 'http://localhost:8080/blog-cms-admin/read/States/Punjab/mc-chandigarh-recruitment-2021-for-279-fireman-station-fire-officer-other-posts', '::1', 'Mozilla/5.0 (Windows NT 10.0; Win64; x64) AppleWebKit/537.36 (KHTML, like Gecko) Chrome/92.0.4515.107 Safari/537.36', 'Sun, 25 Jul 2021 18:49:14 +0530'),
(329, '6ced75f7-d1fa-4226-a209-395ae392a007', '32eb24c9-f70f-47e4-aeec-4fce2cd8d946', 'JOBS', 'jobs', '', '', '', 'http://localhost:8080/blog-cms-admin/read-cat/jobs/mc-chandigarh-recruitment-2021-for-279-fireman-station-fire-officer-other-posts', '::1', 'Mozilla/5.0 (Windows NT 10.0; Win64; x64) AppleWebKit/537.36 (KHTML, like Gecko) Chrome/92.0.4515.107 Safari/537.36', 'Sun, 25 Jul 2021 18:49:14 +0530'),
(330, '83db847c-aa23-4db6-b1b6-a8dc625ca5d3', '32eb24c9-f70f-47e4-aeec-4fce2cd8d946', 'JOBS', 'jobs', '', '', '', 'http://localhost:8080/blog-cms-admin/read-cat/jobs/dsds', '::1', 'Mozilla/5.0 (Windows NT 10.0; Win64; x64) AppleWebKit/537.36 (KHTML, like Gecko) Chrome/92.0.4515.107 Safari/537.36', 'Sun, 25 Jul 2021 18:49:59 +0530'),
(331, 'b9509137-3899-44b1-8475-795c8d8cd06a', '32eb24c9-f70f-47e4-aeec-4fce2cd8d946', 'JOBS', 'JOBS', 'f50ce01f-f9a8-45c3-8ac7-b3d37b174197', 'Gagan', 'Gagan', 'http://localhost:8080/blog-cms-admin/read/JOBS/Gagan/dsds', '::1', 'Mozilla/5.0 (Linux; Android 6.0.1; Moto G (4)) AppleWebKit/537.36 (KHTML, like Gecko) Chrome/92.0.4515.107 Mobile Safari/537.36', 'Sun, 25 Jul 2021 18:50:45 +0530'),
(332, 'b9509137-3899-44b1-8475-795c8d8cd06a', '32eb24c9-f70f-47e4-aeec-4fce2cd8d946', 'JOBS', 'jobs', '', '', '', 'http://localhost:8080/blog-cms-admin/read-cat/jobs/dsds', '::1', 'Mozilla/5.0 (Linux; Android 6.0.1; Moto G (4)) AppleWebKit/537.36 (KHTML, like Gecko) Chrome/92.0.4515.107 Mobile Safari/537.36', 'Sun, 25 Jul 2021 18:50:45 +0530'),
(333, '4b065e39-1c08-44ed-898c-e0cee117dc45', '32eb24c9-f70f-47e4-aeec-4fce2cd8d946', 'JOBS', 'JOBS', 'f50ce01f-f9a8-45c3-8ac7-b3d37b174197', 'Gagan', 'Gagan', 'http://localhost:8080/blog-cms-admin/read/JOBS/Gagan/dsds', '::1', 'Mozilla/5.0 (Linux; Android 6.0.1; Moto G (4)) AppleWebKit/537.36 (KHTML, like Gecko) Chrome/92.0.4515.107 Mobile Safari/537.36', 'Sun, 25 Jul 2021 18:50:54 +0530'),
(334, '4b065e39-1c08-44ed-898c-e0cee117dc45', '32eb24c9-f70f-47e4-aeec-4fce2cd8d946', 'JOBS', 'JOBS', 'f50ce01f-f9a8-45c3-8ac7-b3d37b174197', 'Gagan', 'Gagan', 'http://localhost:8080/blog-cms-admin/read/JOBS/Gagan/dsds', '::1', 'Mozilla/5.0 (Linux; Android 6.0.1; Moto G (4)) AppleWebKit/537.36 (KHTML, like Gecko) Chrome/92.0.4515.107 Mobile Safari/537.36', 'Sun, 25 Jul 2021 18:50:54 +0530'),
(335, '4b065e39-1c08-44ed-898c-e0cee117dc45', '32eb24c9-f70f-47e4-aeec-4fce2cd8d946', 'JOBS', 'jobs', '', '', '', 'http://localhost:8080/blog-cms-admin/read-cat/jobs/dsds', '::1', 'Mozilla/5.0 (Linux; Android 6.0.1; Moto G (4)) AppleWebKit/537.36 (KHTML, like Gecko) Chrome/92.0.4515.107 Mobile Safari/537.36', 'Sun, 25 Jul 2021 18:50:54 +0530'),
(336, 'b1b30e76-9d15-4de9-b27e-0baf9efc7071', '32eb24c9-f70f-47e4-aeec-4fce2cd8d946', 'JOBS', 'JOBS', 'f50ce01f-f9a8-45c3-8ac7-b3d37b174197', 'Gagan', 'Gagan', 'http://localhost:8080/blog-cms-admin/read/JOBS/Gagan/dsds', '::1', 'Mozilla/5.0 (Windows NT 10.0; Win64; x64) AppleWebKit/537.36 (KHTML, like Gecko) Chrome/92.0.4515.107 Safari/537.36', 'Sun, 25 Jul 2021 18:51:01 +0530'),
(337, 'b1b30e76-9d15-4de9-b27e-0baf9efc7071', '32eb24c9-f70f-47e4-aeec-4fce2cd8d946', 'JOBS', 'JOBS', 'f50ce01f-f9a8-45c3-8ac7-b3d37b174197', 'Gagan', 'Gagan', 'http://localhost:8080/blog-cms-admin/read/JOBS/Gagan/dsds', '::1', 'Mozilla/5.0 (Windows NT 10.0; Win64; x64) AppleWebKit/537.36 (KHTML, like Gecko) Chrome/92.0.4515.107 Safari/537.36', 'Sun, 25 Jul 2021 18:51:01 +0530'),
(338, 'b1b30e76-9d15-4de9-b27e-0baf9efc7071', '32eb24c9-f70f-47e4-aeec-4fce2cd8d946', 'JOBS', 'JOBS', 'f50ce01f-f9a8-45c3-8ac7-b3d37b174197', 'Gagan', 'Gagan', 'http://localhost:8080/blog-cms-admin/read/JOBS/Gagan/dsds', '::1', 'Mozilla/5.0 (Windows NT 10.0; Win64; x64) AppleWebKit/537.36 (KHTML, like Gecko) Chrome/92.0.4515.107 Safari/537.36', 'Sun, 25 Jul 2021 18:51:01 +0530'),
(339, 'b1b30e76-9d15-4de9-b27e-0baf9efc7071', '32eb24c9-f70f-47e4-aeec-4fce2cd8d946', 'JOBS', 'jobs', '', '', '', 'http://localhost:8080/blog-cms-admin/read-cat/jobs/dsds', '::1', 'Mozilla/5.0 (Windows NT 10.0; Win64; x64) AppleWebKit/537.36 (KHTML, like Gecko) Chrome/92.0.4515.107 Safari/537.36', 'Sun, 25 Jul 2021 18:51:01 +0530'),
(340, '99be5dc9-b349-4c5e-813b-f8ff48a0a264', '32eb24c9-f70f-47e4-aeec-4fce2cd8d946', 'JOBS', 'jobs', '', '', '', 'http://localhost:8080/blog-cms-admin/read-cat/jobs/dsds', '::1', 'Mozilla/5.0 (Windows NT 10.0; Win64; x64) AppleWebKit/537.36 (KHTML, like Gecko) Chrome/92.0.4515.107 Safari/537.36', 'Sun, 25 Jul 2021 18:51:11 +0530'),
(341, '0c22a63b-d9c0-443f-810f-cc4c6dc33eff', '32eb24c9-f70f-47e4-aeec-4fce2cd8d946', 'JOBS', 'JOBS', 'f50ce01f-f9a8-45c3-8ac7-b3d37b174197', 'Gagan', 'Gagan', 'http://localhost:8080/blog-cms-admin/read/JOBS/Gagan/dsds', '::1', 'Mozilla/5.0 (Windows NT 10.0; Win64; x64) AppleWebKit/537.36 (KHTML, like Gecko) Chrome/92.0.4515.107 Safari/537.36', 'Sun, 25 Jul 2021 18:51:17 +0530'),
(342, '0c22a63b-d9c0-443f-810f-cc4c6dc33eff', '32eb24c9-f70f-47e4-aeec-4fce2cd8d946', 'JOBS', 'jobs', '', '', '', 'http://localhost:8080/blog-cms-admin/read-cat/jobs/dsds', '::1', 'Mozilla/5.0 (Windows NT 10.0; Win64; x64) AppleWebKit/537.36 (KHTML, like Gecko) Chrome/92.0.4515.107 Safari/537.36', 'Sun, 25 Jul 2021 18:51:17 +0530'),
(343, '93ece364-7f82-4315-96c9-a7a2d5a60789', '32eb24c9-f70f-47e4-aeec-4fce2cd8d946', 'JOBS', 'jobs', '', '', '', 'http://localhost:8080/blog-cms-admin/read-cat/jobs/dsds', '::1', 'Mozilla/5.0 (Windows NT 10.0; Win64; x64) AppleWebKit/537.36 (KHTML, like Gecko) Chrome/92.0.4515.107 Safari/537.36', 'Sun, 25 Jul 2021 19:03:29 +0530'),
(344, '7c95e39f-ac19-482b-9163-e40efa8de2fe', '32eb24c9-f70f-47e4-aeec-4fce2cd8d946', 'JOBS', 'jobs', '', '', '', 'http://localhost:8080/blog-cms-admin/read-cat/jobs/dsds', '::1', 'Mozilla/5.0 (Windows NT 10.0; Win64; x64) AppleWebKit/537.36 (KHTML, like Gecko) Chrome/92.0.4515.107 Safari/537.36', 'Sun, 25 Jul 2021 19:05:22 +0530'),
(345, '7c95e39f-ac19-482b-9163-e40efa8de2fe', '32eb24c9-f70f-47e4-aeec-4fce2cd8d946', 'JOBS', 'jobs', '', '', '', 'http://localhost:8080/blog-cms-admin/read-cat/jobs/dsds', '::1', 'Mozilla/5.0 (Windows NT 10.0; Win64; x64) AppleWebKit/537.36 (KHTML, like Gecko) Chrome/92.0.4515.107 Safari/537.36', 'Sun, 25 Jul 2021 19:05:22 +0530'),
(346, '34ae3b91-7898-4b71-bb91-0058d7af9611', '32eb24c9-f70f-47e4-aeec-4fce2cd8d946', 'JOBS', 'JOBS', '9f78740b-e8d4-4606-a68e-140e27f5b7c1', 'Punjab Anganwadi', 'Punjab-Anganwadi', 'http://localhost:8080/blog-cms-admin/read/JOBS/Punjab-Anganwadi/xzz', '::1', 'Mozilla/5.0 (Windows NT 10.0; Win64; x64) AppleWebKit/537.36 (KHTML, like Gecko) Chrome/92.0.4515.107 Safari/537.36', 'Sun, 25 Jul 2021 19:13:15 +0530'),
(347, '34ae3b91-7898-4b71-bb91-0058d7af9611', '32eb24c9-f70f-47e4-aeec-4fce2cd8d946', 'JOBS', 'jobs', '', '', '', 'http://localhost:8080/blog-cms-admin/read-cat/jobs/xzz', '::1', 'Mozilla/5.0 (Windows NT 10.0; Win64; x64) AppleWebKit/537.36 (KHTML, like Gecko) Chrome/92.0.4515.107 Safari/537.36', 'Sun, 25 Jul 2021 19:13:15 +0530'),
(348, '869f1f94-de7a-4147-96fd-f10260d21d38', '32eb24c9-f70f-47e4-aeec-4fce2cd8d946', 'JOBS', 'JOBS', '9f78740b-e8d4-4606-a68e-140e27f5b7c1', 'Punjab Anganwadi', 'Punjab-Anganwadi', 'http://localhost:8080/blog-cms-admin/read/JOBS/Punjab-Anganwadi/xzz', '::1', 'Mozilla/5.0 (Windows NT 10.0; Win64; x64) AppleWebKit/537.36 (KHTML, like Gecko) Chrome/92.0.4515.107 Safari/537.36', 'Sun, 25 Jul 2021 19:13:32 +0530'),
(349, '869f1f94-de7a-4147-96fd-f10260d21d38', '32eb24c9-f70f-47e4-aeec-4fce2cd8d946', 'JOBS', 'JOBS', '9f78740b-e8d4-4606-a68e-140e27f5b7c1', 'Punjab Anganwadi', 'Punjab-Anganwadi', 'http://localhost:8080/blog-cms-admin/read/JOBS/Punjab-Anganwadi/xzz', '::1', 'Mozilla/5.0 (Windows NT 10.0; Win64; x64) AppleWebKit/537.36 (KHTML, like Gecko) Chrome/92.0.4515.107 Safari/537.36', 'Sun, 25 Jul 2021 19:13:32 +0530'),
(350, '869f1f94-de7a-4147-96fd-f10260d21d38', '32eb24c9-f70f-47e4-aeec-4fce2cd8d946', 'JOBS', 'JOBS', '9f78740b-e8d4-4606-a68e-140e27f5b7c1', 'Punjab Anganwadi', 'Punjab-Anganwadi', 'http://localhost:8080/blog-cms-admin/read/JOBS/Punjab-Anganwadi/xzz', '::1', 'Mozilla/5.0 (Windows NT 10.0; Win64; x64) AppleWebKit/537.36 (KHTML, like Gecko) Chrome/92.0.4515.107 Safari/537.36', 'Sun, 25 Jul 2021 19:13:32 +0530'),
(351, '869f1f94-de7a-4147-96fd-f10260d21d38', '32eb24c9-f70f-47e4-aeec-4fce2cd8d946', 'JOBS', 'jobs', '', '', '', 'http://localhost:8080/blog-cms-admin/read-cat/jobs/xzz', '::1', 'Mozilla/5.0 (Windows NT 10.0; Win64; x64) AppleWebKit/537.36 (KHTML, like Gecko) Chrome/92.0.4515.107 Safari/537.36', 'Sun, 25 Jul 2021 19:13:32 +0530'),
(352, '869f1f94-de7a-4147-96fd-f10260d21d38', '32eb24c9-f70f-47e4-aeec-4fce2cd8d946', 'JOBS', 'jobs', '', '', '', 'http://localhost:8080/blog-cms-admin/read-cat/jobs/xzz', '::1', 'Mozilla/5.0 (Windows NT 10.0; Win64; x64) AppleWebKit/537.36 (KHTML, like Gecko) Chrome/92.0.4515.107 Safari/537.36', 'Sun, 25 Jul 2021 19:13:32 +0530'),
(353, '869f1f94-de7a-4147-96fd-f10260d21d38', '32eb24c9-f70f-47e4-aeec-4fce2cd8d946', 'JOBS', 'jobs', '', '', '', 'http://localhost:8080/blog-cms-admin/read-cat/jobs/xzz', '::1', 'Mozilla/5.0 (Windows NT 10.0; Win64; x64) AppleWebKit/537.36 (KHTML, like Gecko) Chrome/92.0.4515.107 Safari/537.36', 'Sun, 25 Jul 2021 19:13:32 +0530'),
(355, 'fe4f72d6-2c39-4b32-993d-2181a418f780', '32eb24c9-f70f-47e4-aeec-4fce2cd8d946', 'JOBS', 'JOBS', 'f50ce01f-f9a8-45c3-8ac7-b3d37b174197', 'Gagan', 'Gagan', 'http://localhost:8080/blog-cms-admin/read/JOBS/Gagan/dsds', '::1', 'Mozilla/5.0 (Windows NT 10.0; Win64; x64) AppleWebKit/537.36 (KHTML, like Gecko) Chrome/92.0.4515.107 Safari/537.36', 'Mon, 26 Jul 2021 21:26:51 +0530'),
(356, 'fe4f72d6-2c39-4b32-993d-2181a418f780', '32eb24c9-f70f-47e4-aeec-4fce2cd8d946', 'JOBS', 'JOBS', '9f78740b-e8d4-4606-a68e-140e27f5b7c1', 'Punjab Anganwadi', 'Punjab-Anganwadi', 'http://localhost:8080/blog-cms-admin/read/JOBS/Punjab-Anganwadi/dsds', '::1', 'Mozilla/5.0 (Windows NT 10.0; Win64; x64) AppleWebKit/537.36 (KHTML, like Gecko) Chrome/92.0.4515.107 Safari/537.36', 'Mon, 26 Jul 2021 21:26:51 +0530'),
(357, 'fe4f72d6-2c39-4b32-993d-2181a418f780', '32eb24c9-f70f-47e4-aeec-4fce2cd8d946', 'JOBS', 'jobs', '', '', '', 'http://localhost:8080/blog-cms-admin/read-cat/jobs/dsds', '::1', 'Mozilla/5.0 (Windows NT 10.0; Win64; x64) AppleWebKit/537.36 (KHTML, like Gecko) Chrome/92.0.4515.107 Safari/537.36', 'Mon, 26 Jul 2021 21:26:51 +0530'),
(358, '4ebfa107-79f6-430f-bbd7-dad07cd9dc6d', '32eb24c9-f70f-47e4-aeec-4fce2cd8d946', 'JOBS', 'JOBS', 'f50ce01f-f9a8-45c3-8ac7-b3d37b174197', 'Gagan', 'Gagan', 'http://localhost:8080/blog-cms-admin/read/JOBS/Gagan/dsds', '::1', 'Mozilla/5.0 (Linux; Android 6.0; Nexus 5 Build/MRA58N) AppleWebKit/537.36 (KHTML, like Gecko) Chrome/92.0.4515.107 Mobile Safari/537.36', 'Mon, 26 Jul 2021 21:27:39 +0530'),
(359, '4ebfa107-79f6-430f-bbd7-dad07cd9dc6d', '32eb24c9-f70f-47e4-aeec-4fce2cd8d946', 'JOBS', 'JOBS', '9f78740b-e8d4-4606-a68e-140e27f5b7c1', 'Punjab Anganwadi', 'Punjab-Anganwadi', 'http://localhost:8080/blog-cms-admin/read/JOBS/Punjab-Anganwadi/dsds', '::1', 'Mozilla/5.0 (Linux; Android 6.0; Nexus 5 Build/MRA58N) AppleWebKit/537.36 (KHTML, like Gecko) Chrome/92.0.4515.107 Mobile Safari/537.36', 'Mon, 26 Jul 2021 21:27:39 +0530'),
(360, '4ebfa107-79f6-430f-bbd7-dad07cd9dc6d', '32eb24c9-f70f-47e4-aeec-4fce2cd8d946', 'JOBS', 'JOBS', '9f78740b-e8d4-4606-a68e-140e27f5b7c1', 'Punjab Anganwadi', 'Punjab-Anganwadi', 'http://localhost:8080/blog-cms-admin/read/JOBS/Punjab-Anganwadi/dsds', '::1', 'Mozilla/5.0 (Linux; Android 6.0; Nexus 5 Build/MRA58N) AppleWebKit/537.36 (KHTML, like Gecko) Chrome/92.0.4515.107 Mobile Safari/537.36', 'Mon, 26 Jul 2021 21:27:39 +0530'),
(361, '4ebfa107-79f6-430f-bbd7-dad07cd9dc6d', '32eb24c9-f70f-47e4-aeec-4fce2cd8d946', 'JOBS', 'jobs', '', '', '', 'http://localhost:8080/blog-cms-admin/read-cat/jobs/dsds', '::1', 'Mozilla/5.0 (Linux; Android 6.0; Nexus 5 Build/MRA58N) AppleWebKit/537.36 (KHTML, like Gecko) Chrome/92.0.4515.107 Mobile Safari/537.36', 'Mon, 26 Jul 2021 21:27:39 +0530'),
(362, '0a1c5a10-dc79-4a4b-93f2-67dde8c2d558', '32eb24c9-f70f-47e4-aeec-4fce2cd8d946', 'JOBS', 'JOBS', '9f78740b-e8d4-4606-a68e-140e27f5b7c1', 'Punjab Anganwadi', 'Punjab-Anganwadi', 'http://localhost:8080/blog-cms-admin/read/JOBS/Punjab-Anganwadi/dsds', '::1', 'Mozilla/5.0 (Windows NT 10.0; Win64; x64) AppleWebKit/537.36 (KHTML, like Gecko) Chrome/92.0.4515.107 Safari/537.36', 'Mon, 26 Jul 2021 21:29:51 +0530'),
(363, '0a1c5a10-dc79-4a4b-93f2-67dde8c2d558', '32eb24c9-f70f-47e4-aeec-4fce2cd8d946', 'JOBS', 'JOBS', '9f78740b-e8d4-4606-a68e-140e27f5b7c1', 'Punjab Anganwadi', 'Punjab-Anganwadi', 'http://localhost:8080/blog-cms-admin/read/JOBS/Punjab-Anganwadi/dsds', '::1', 'Mozilla/5.0 (Windows NT 10.0; Win64; x64) AppleWebKit/537.36 (KHTML, like Gecko) Chrome/92.0.4515.107 Safari/537.36', 'Mon, 26 Jul 2021 21:29:51 +0530'),
(364, '0a1c5a10-dc79-4a4b-93f2-67dde8c2d558', '32eb24c9-f70f-47e4-aeec-4fce2cd8d946', 'JOBS', 'JOBS', '9f78740b-e8d4-4606-a68e-140e27f5b7c1', 'Punjab Anganwadi', 'Punjab-Anganwadi', 'http://localhost:8080/blog-cms-admin/read/JOBS/Punjab-Anganwadi/dsds', '::1', 'Mozilla/5.0 (Windows NT 10.0; Win64; x64) AppleWebKit/537.36 (KHTML, like Gecko) Chrome/92.0.4515.107 Safari/537.36', 'Mon, 26 Jul 2021 21:29:51 +0530'),
(365, '0a1c5a10-dc79-4a4b-93f2-67dde8c2d558', '32eb24c9-f70f-47e4-aeec-4fce2cd8d946', 'JOBS', 'JOBS', '9f78740b-e8d4-4606-a68e-140e27f5b7c1', 'Punjab Anganwadi', 'Punjab-Anganwadi', 'http://localhost:8080/blog-cms-admin/read/JOBS/Punjab-Anganwadi/dsds', '::1', 'Mozilla/5.0 (Windows NT 10.0; Win64; x64) AppleWebKit/537.36 (KHTML, like Gecko) Chrome/92.0.4515.107 Safari/537.36', 'Mon, 26 Jul 2021 21:29:51 +0530'),
(366, '0a1c5a10-dc79-4a4b-93f2-67dde8c2d558', '32eb24c9-f70f-47e4-aeec-4fce2cd8d946', 'JOBS', 'JOBS', '9f78740b-e8d4-4606-a68e-140e27f5b7c1', 'Punjab Anganwadi', 'Punjab-Anganwadi', 'http://localhost:8080/blog-cms-admin/read/JOBS/Punjab-Anganwadi/dsds', '::1', 'Mozilla/5.0 (Windows NT 10.0; Win64; x64) AppleWebKit/537.36 (KHTML, like Gecko) Chrome/92.0.4515.107 Safari/537.36', 'Mon, 26 Jul 2021 21:29:51 +0530'),
(367, '0a1c5a10-dc79-4a4b-93f2-67dde8c2d558', '32eb24c9-f70f-47e4-aeec-4fce2cd8d946', 'JOBS', 'JOBS', '9f78740b-e8d4-4606-a68e-140e27f5b7c1', 'Punjab Anganwadi', 'Punjab-Anganwadi', 'http://localhost:8080/blog-cms-admin/read/JOBS/Punjab-Anganwadi/dsds', '::1', 'Mozilla/5.0 (Windows NT 10.0; Win64; x64) AppleWebKit/537.36 (KHTML, like Gecko) Chrome/92.0.4515.107 Safari/537.36', 'Mon, 26 Jul 2021 21:29:51 +0530'),
(368, '0a1c5a10-dc79-4a4b-93f2-67dde8c2d558', '32eb24c9-f70f-47e4-aeec-4fce2cd8d946', 'JOBS', 'JOBS', '9f78740b-e8d4-4606-a68e-140e27f5b7c1', 'Punjab Anganwadi', 'Punjab-Anganwadi', 'http://localhost:8080/blog-cms-admin/read/JOBS/Punjab-Anganwadi/dsds', '::1', 'Mozilla/5.0 (Windows NT 10.0; Win64; x64) AppleWebKit/537.36 (KHTML, like Gecko) Chrome/92.0.4515.107 Safari/537.36', 'Mon, 26 Jul 2021 21:29:51 +0530'),
(369, '0a1c5a10-dc79-4a4b-93f2-67dde8c2d558', '32eb24c9-f70f-47e4-aeec-4fce2cd8d946', 'JOBS', 'JOBS', '9f78740b-e8d4-4606-a68e-140e27f5b7c1', 'Punjab Anganwadi', 'Punjab-Anganwadi', 'http://localhost:8080/blog-cms-admin/read/JOBS/Punjab-Anganwadi/dsds', '::1', 'Mozilla/5.0 (Windows NT 10.0; Win64; x64) AppleWebKit/537.36 (KHTML, like Gecko) Chrome/92.0.4515.107 Safari/537.36', 'Mon, 26 Jul 2021 21:29:51 +0530'),
(370, '0a1c5a10-dc79-4a4b-93f2-67dde8c2d558', '32eb24c9-f70f-47e4-aeec-4fce2cd8d946', 'JOBS', 'JOBS', '9f78740b-e8d4-4606-a68e-140e27f5b7c1', 'Punjab Anganwadi', 'Punjab-Anganwadi', 'http://localhost:8080/blog-cms-admin/read/JOBS/Punjab-Anganwadi/dsds', '::1', 'Mozilla/5.0 (Windows NT 10.0; Win64; x64) AppleWebKit/537.36 (KHTML, like Gecko) Chrome/92.0.4515.107 Safari/537.36', 'Mon, 26 Jul 2021 21:29:51 +0530'),
(371, '0a1c5a10-dc79-4a4b-93f2-67dde8c2d558', '32eb24c9-f70f-47e4-aeec-4fce2cd8d946', 'JOBS', 'JOBS', '9f78740b-e8d4-4606-a68e-140e27f5b7c1', 'Punjab Anganwadi', 'Punjab-Anganwadi', 'http://localhost:8080/blog-cms-admin/read/JOBS/Punjab-Anganwadi/dsds', '::1', 'Mozilla/5.0 (Windows NT 10.0; Win64; x64) AppleWebKit/537.36 (KHTML, like Gecko) Chrome/92.0.4515.107 Safari/537.36', 'Mon, 26 Jul 2021 21:29:51 +0530'),
(372, 'cc4560e2-482b-4c81-8d1e-e65323ee70d0', '32eb24c9-f70f-47e4-aeec-4fce2cd8d946', 'JOBS', 'JOBS', '9f78740b-e8d4-4606-a68e-140e27f5b7c1', 'Punjab Anganwadi', 'Punjab-Anganwadi', 'http://localhost:8080/blog-cms-admin/read/JOBS/Punjab-Anganwadi/dsds', '::1', 'Mozilla/5.0 (Windows NT 10.0; Win64; x64) AppleWebKit/537.36 (KHTML, like Gecko) Chrome/92.0.4515.107 Safari/537.36', 'Mon, 26 Jul 2021 21:31:35 +0530'),
(373, 'd0881672-cbc2-437e-9dd5-a70c3068beb2', '32eb24c9-f70f-47e4-aeec-4fce2cd8d946', 'JOBS', 'JOBS', '9f78740b-e8d4-4606-a68e-140e27f5b7c1', 'Punjab Anganwadi', 'Punjab-Anganwadi', 'http://localhost:8080/blog-cms-admin/read/JOBS/Punjab-Anganwadi/dsds', '::1', 'Mozilla/5.0 (Windows NT 10.0; Win64; x64) AppleWebKit/537.36 (KHTML, like Gecko) Chrome/92.0.4515.107 Safari/537.36', 'Mon, 26 Jul 2021 21:31:40 +0530'),
(374, 'd0881672-cbc2-437e-9dd5-a70c3068beb2', '32eb24c9-f70f-47e4-aeec-4fce2cd8d946', 'JOBS', 'JOBS', '9f78740b-e8d4-4606-a68e-140e27f5b7c1', 'Punjab Anganwadi', 'Punjab-Anganwadi', 'http://localhost:8080/blog-cms-admin/read/JOBS/Punjab-Anganwadi/dsds', '::1', 'Mozilla/5.0 (Windows NT 10.0; Win64; x64) AppleWebKit/537.36 (KHTML, like Gecko) Chrome/92.0.4515.107 Safari/537.36', 'Mon, 26 Jul 2021 21:31:40 +0530');
INSERT INTO `article_lines` (`id`, `article_id`, `category_id`, `category_name`, `category_slug`, `sub_category_id`, `sub_category_name`, `sub_category_slug`, `url_lines`, `from_ip`, `from_browser`, `time`) VALUES
(375, '4c2eca1e-af50-4b2f-b4e5-5916fb9e6b7d', '32eb24c9-f70f-47e4-aeec-4fce2cd8d946', 'JOBS', 'JOBS', '9f78740b-e8d4-4606-a68e-140e27f5b7c1', 'Punjab Anganwadi', 'Punjab-Anganwadi', 'http://localhost:8080/blog-cms-admin/read/JOBS/Punjab-Anganwadi/dsds', '::1', 'Mozilla/5.0 (Windows NT 10.0; Win64; x64) AppleWebKit/537.36 (KHTML, like Gecko) Chrome/92.0.4515.107 Safari/537.36', 'Mon, 26 Jul 2021 21:31:49 +0530'),
(376, '59fe940c-c402-4624-abd2-dccd337298eb', '32eb24c9-f70f-47e4-aeec-4fce2cd8d946', 'JOBS', 'jobs', '', '', '', 'http://localhost:8080/blog-cms-admin/read-cat/jobs/income-tax-department-recruitment-2021-notification-out-for-155-mts-tax-assistant-and-income-tax-inspector', '::1', 'Mozilla/5.0 (Windows NT 10.0; Win64; x64) AppleWebKit/537.36 (KHTML, like Gecko) Chrome/92.0.4515.107 Safari/537.36', 'Mon, 02 Aug 2021 17:52:17 +0530');

-- --------------------------------------------------------

--
-- Table structure for table `authors`
--

CREATE TABLE `authors` (
  `author_id` varchar(255) DEFAULT NULL,
  `author_name` varchar(255) DEFAULT NULL,
  `author_description` varchar(255) DEFAULT NULL,
  `author_profile_image` varchar(255) DEFAULT NULL,
  `from_ip` varchar(255) NOT NULL,
  `from_browser` varchar(255) NOT NULL,
  `created_at` varchar(255) NOT NULL
) ENGINE=InnoDB DEFAULT CHARSET=latin1;

--
-- Dumping data for table `authors`
--

INSERT INTO `authors` (`author_id`, `author_name`, `author_description`, `author_profile_image`, `from_ip`, `from_browser`, `created_at`) VALUES
('9514003d-8529-4176-9b69-a3f8b6bff1bf', 'Chandan Vishwakarma', 'HEY HI', '1623928548.jpg', '', '', '2021-04-09 20:53:25'),
('c9e68c0a-8271-4bb7-8142-4b775deebc81', 'Aarya', 'No.2 Content Writer', 'https://picsum.photos/100/100', '', '', '2021-04-09 20:54:12'),
('f8c84001-d11a-4647-bd0e-434815694a68', 'hrushi', 'great guy', '1622895643.jpg', '::1', 'Mozilla/5.0 (Windows NT 10.0; Win64; x64) AppleWebKit/537.36 (KHTML, like Gecko) Chrome/91.0.4472.77 Safari/537.36', 'Sat, 05 Jun 2021 13:38:53 +0530'),
('055d4c23-af92-4ab2-901d-68828fd4c915', 'Loki', 'Loki Odinsoon', '1624962490.jpg', '::1', 'Mozilla/5.0 (Windows NT 10.0; Win64; x64) AppleWebKit/537.36 (KHTML, like Gecko) Chrome/91.0.4472.114 Safari/537.36', 'Tue, 29 Jun 2021 15:58:09 +0530');

-- --------------------------------------------------------

--
-- Table structure for table `comments`
--

CREATE TABLE `comments` (
  `comment_id` varchar(255) NOT NULL,
  `article_id` varchar(255) NOT NULL,
  `name` varchar(255) NOT NULL,
  `email` varchar(255) NOT NULL,
  `comment` varchar(255) NOT NULL,
  `from_ip` varchar(255) NOT NULL,
  `from_browser` varchar(255) NOT NULL,
  `from_time` varchar(255) NOT NULL
) ENGINE=InnoDB DEFAULT CHARSET=utf8mb4;

--
-- Dumping data for table `comments`
--

INSERT INTO `comments` (`comment_id`, `article_id`, `name`, `email`, `comment`, `from_ip`, `from_browser`, `from_time`) VALUES
('ec27413f-16ee-41ad-bc0f-4d58c7a00b96', '52cbffaa-f81f-4803-b60d-faf5480312b6', 'Hrushikesh', 'hdtawde@gmail.com', 'This is too good', '::1', 'Mozilla/5.0 (Windows NT 10.0; Win64; x64) AppleWebKit/537.36 (KHTML, like Gecko) Chrome/91.0.4472.124 Safari/537.36', 'Thu, 15 Jul 2021 17:31:38 +0530'),
('767fc54c-4321-4d67-bede-b55817cbc9a9', '167ab659-589c-4ee7-91c2-317f51421c4a  ', 'Sushant', 'sushi@gmail.com', 'Great information', '::1', 'Mozilla/5.0 (Windows NT 10.0; Win64; x64) AppleWebKit/537.36 (KHTML, like Gecko) Chrome/91.0.4472.124 Safari/537.36', 'Thu, 15 Jul 2021 18:27:05 +0530'),
('1a1c1938-3314-461d-aa80-722fe464bde5', '167ab659-589c-4ee7-91c2-317f51421c4a', 'Hrushikesh', 'hdtawde@gmail.com', 'this is awesome', '::1', 'Mozilla/5.0 (Windows NT 10.0; Win64; x64) AppleWebKit/537.36 (KHTML, like Gecko) Chrome/91.0.4472.124 Safari/537.36', 'Fri, 16 Jul 2021 15:51:56 +0530'),
('522627da-5e68-45b0-948b-1146b11085bf', '8cd05e8d-e7f6-46c8-8e05-073e1f1c4c9a', 'Hrushikesh', 'sdds', 'dssd', '::1', 'Mozilla/5.0 (Windows NT 10.0; Win64; x64) AppleWebKit/537.36 (KHTML, like Gecko) Chrome/92.0.4515.107 Safari/537.36', 'Mon, 26 Jul 2021 15:49:00 +0530'),
('d7af9fe4-7c75-43d6-af3c-5ac06ba06e3d', '167ab659-589c-4ee7-91c2-317f51421c4a', 'dsds', 'dsds', 'dsds', '::1', 'Mozilla/5.0 (Windows NT 10.0; Win64; x64) AppleWebKit/537.36 (KHTML, like Gecko) Chrome/92.0.4515.107 Safari/537.36', 'Mon, 26 Jul 2021 22:09:57 +0530'),
('9680c084-852d-4296-b1eb-3a07f7e6a394', '167ab659-589c-4ee7-91c2-317f51421c4a', 'sdds', 'dsds', 'dsds', '::1', 'Mozilla/5.0 (Windows NT 10.0; Win64; x64) AppleWebKit/537.36 (KHTML, like Gecko) Chrome/92.0.4515.107 Safari/537.36', 'Mon, 26 Jul 2021 22:10:12 +0530'),
('18ce087f-f7e9-44ff-911e-e23f0de8375f', '167ab659-589c-4ee7-91c2-317f51421c4a', 'sdsd', 'dsds@gmail.com', 'dssd', '::1', 'Mozilla/5.0 (Windows NT 10.0; Win64; x64) AppleWebKit/537.36 (KHTML, like Gecko) Chrome/92.0.4515.107 Safari/537.36', 'Mon, 26 Jul 2021 22:22:13 +0530'),
('fc36adbd-3bea-4616-b506-531bca3f8e7b', '0401c0c5-e1ed-47e8-85d5-d321e8bcf7ad', 'sdsd', 'dssd', 'sdds', '::1', 'Mozilla/5.0 (Windows NT 10.0; Win64; x64) AppleWebKit/537.36 (KHTML, like Gecko) Chrome/92.0.4515.107 Safari/537.36', 'Mon, 26 Jul 2021 22:33:19 +0530'),
('7f44a0c9-1cb6-4066-83ee-eb512b4ecd5c', '22269cbf-0af6-479b-b4b3-54a82ce63c6c', 'dsds', 'dsds', 'dsds', '::1', 'Mozilla/5.0 (Windows NT 10.0; Win64; x64) AppleWebKit/537.36 (KHTML, like Gecko) Chrome/92.0.4515.107 Safari/537.36', 'Mon, 26 Jul 2021 22:36:35 +0530'),
('0fa358ed-1ac0-4d02-b341-35b590605b38', '167ab659-589c-4ee7-91c2-317f51421c4a', 'sdds', 'dsds', 'dsds', '::1', 'Mozilla/5.0 (Windows NT 10.0; Win64; x64) AppleWebKit/537.36 (KHTML, like Gecko) Chrome/92.0.4515.107 Safari/537.36', 'Mon, 02 Aug 2021 17:13:13 +0530'),
('ae0efd3d-a382-49f9-8477-ed3da25adae0', '167ab659-589c-4ee7-91c2-317f51421c4a', 'ssdds', 'sdds', 'sdds', '::1', 'Mozilla/5.0 (Windows NT 10.0; Win64; x64) AppleWebKit/537.36 (KHTML, like Gecko) Chrome/92.0.4515.107 Safari/537.36', 'Mon, 02 Aug 2021 17:13:28 +0530'),
('c084bfbd-40be-4441-81b5-e48039c8b6ba', '167ab659-589c-4ee7-91c2-317f51421c4a', 'sddsa23', 'sds123', 'sds123', '::1', 'Mozilla/5.0 (Windows NT 10.0; Win64; x64) AppleWebKit/537.36 (KHTML, like Gecko) Chrome/92.0.4515.107 Safari/537.36', 'Mon, 02 Aug 2021 17:14:09 +0530'),
('e964690c-d6fa-4204-8ae5-2c86889ee279', 'a08bb357-b2d5-4a19-b387-0e01b0361af5', 'sds', 'sdds', 'sds', '::1', 'Mozilla/5.0 (Windows NT 10.0; Win64; x64) AppleWebKit/537.36 (KHTML, like Gecko) Chrome/92.0.4515.107 Safari/537.36', 'Mon, 02 Aug 2021 17:20:20 +0530'),
('38700e95-b029-4e74-8ee2-e18a63950ed7', 'a08bb357-b2d5-4a19-b387-0e01b0361af5', 'sdds', 'dsds', 'sdds', '::1', 'Mozilla/5.0 (Windows NT 10.0; Win64; x64) AppleWebKit/537.36 (KHTML, like Gecko) Chrome/92.0.4515.107 Safari/537.36', 'Mon, 02 Aug 2021 17:20:34 +0530'),
('aed04c19-3927-4a60-aa29-f5f972b083da', '52cbffaa-f81f-4803-b60d-faf5480312b6', 'hey helo', 'hey hi', 'sdsd', '::1', 'Mozilla/5.0 (Windows NT 10.0; Win64; x64) AppleWebKit/537.36 (KHTML, like Gecko) Chrome/92.0.4515.107 Safari/537.36', 'Tue, 03 Aug 2021 12:54:56 +0530');

-- --------------------------------------------------------

--
-- Table structure for table `contact`
--

CREATE TABLE `contact` (
  `id` int(11) NOT NULL,
  `email` varchar(255) NOT NULL,
  `phone` varchar(255) NOT NULL,
  `from_ip` varchar(255) NOT NULL,
  `from_browser` varchar(255) NOT NULL,
  `time` varchar(255) NOT NULL
) ENGINE=InnoDB DEFAULT CHARSET=utf8mb4;

--
-- Dumping data for table `contact`
--

INSERT INTO `contact` (`id`, `email`, `phone`, `from_ip`, `from_browser`, `time`) VALUES
(1, 'hdtawde@gmail.com', '9989898985', ':: 1', 'Mozilla/5.0 (Windows NT 10.0; Win64; x64) AppleWebKit/537.36 (KHTML, like Gecko) Chrome/91.0.4472.106 Safari/537.36', 'Sat, 05 Jun 2021 13:38:53 +0530');

-- --------------------------------------------------------

--
-- Table structure for table `header-settings`
--

CREATE TABLE `header-settings` (
  `nav-name` varchar(255) NOT NULL,
  `nav-link` varchar(255) NOT NULL,
  `from_ip` varchar(255) NOT NULL,
  `from_browser` varchar(255) NOT NULL,
  `time` varchar(255) NOT NULL
) ENGINE=InnoDB DEFAULT CHARSET=utf8mb4;

--
-- Dumping data for table `header-settings`
--

INSERT INTO `header-settings` (`nav-name`, `nav-link`, `from_ip`, `from_browser`, `time`) VALUES
('About us', 'https://govtjobkaro.com/about-us', '::1', 'Mozilla/5.0 (Windows NT 10.0; Win64; x64) AppleWebKit/537.36 (KHTML, like Gecko) Chrome/91.0.4472.124 Safari/537.36', 'Wed, 21 Jul 2021 17:16:55 +0530'),
('Courses', 'https://govtjobkaro.com/courses', '::1', 'Mozilla/5.0 (Windows NT 10.0; Win64; x64) AppleWebKit/537.36 (KHTML, like Gecko) Chrome/91.0.4472.124 Safari/537.36', 'Wed, 21 Jul 2021 17:16:55 +0530'),
('Partner with us', 'https://govtjobkaro.com/partner', '::1', 'Mozilla/5.0 (Windows NT 10.0; Win64; x64) AppleWebKit/537.36 (KHTML, like Gecko) Chrome/91.0.4472.124 Safari/537.36', 'Wed, 21 Jul 2021 17:16:55 +0530'),
('Contact us', 'https://govtjobkaro.com/contact-us', '::1', 'Mozilla/5.0 (Windows NT 10.0; Win64; x64) AppleWebKit/537.36 (KHTML, like Gecko) Chrome/91.0.4472.124 Safari/537.36', 'Wed, 21 Jul 2021 17:16:55 +0530');

-- --------------------------------------------------------

--
-- Table structure for table `logo`
--

CREATE TABLE `logo` (
  `id` int(11) NOT NULL,
  `logo_image` varchar(255) NOT NULL,
  `from_ip` varchar(255) NOT NULL,
  `from_browser` varchar(255) NOT NULL,
  `time` varchar(255) NOT NULL
) ENGINE=InnoDB DEFAULT CHARSET=utf8mb4;

--
-- Dumping data for table `logo`
--

INSERT INTO `logo` (`id`, `logo_image`, `from_ip`, `from_browser`, `time`) VALUES
(1, '1626868918.png', '::1', 'Mozilla/5.0 (Windows NT 10.0; Win64; x64) AppleWebKit/537.36 (KHTML, like Gecko) Chrome/91.0.4472.106 Safari/537.36', 'Wed, 16 Jun 2021 13:04:26 +0530');

-- --------------------------------------------------------

--
-- Table structure for table `pre`
--

CREATE TABLE `pre` (
  `id` int(11) NOT NULL,
  `article_id` varchar(255) DEFAULT NULL,
  `title` varchar(255) DEFAULT NULL,
  `slug` varchar(255) DEFAULT NULL,
  `date_of_posting` varchar(255) DEFAULT NULL,
  `time_of_posting` varchar(255) DEFAULT NULL,
  `hero_image` varchar(255) DEFAULT NULL,
  `excerpt` varchar(255) DEFAULT NULL,
  `content` longtext DEFAULT NULL,
  `type` varchar(255) DEFAULT NULL,
  `comments` varchar(255) NOT NULL,
  `from_ip` varchar(255) DEFAULT NULL,
  `from_browser` varchar(255) DEFAULT NULL,
  `hero_image_alt` varchar(255) DEFAULT NULL,
  `status` varchar(255) DEFAULT NULL,
  `keywords` varchar(255) DEFAULT NULL,
  `visibility` varchar(2555) NOT NULL,
  `meta_title` varchar(255) NOT NULL,
  `meta_url` varchar(255) NOT NULL,
  `meta_description` varchar(255) NOT NULL,
  `meta_image` varchar(255) NOT NULL,
  `created_at` varchar(255) NOT NULL,
  `updated_at` varchar(255) NOT NULL,
  `author_id` varchar(255) DEFAULT NULL
) ENGINE=InnoDB DEFAULT CHARSET=latin1;

-- --------------------------------------------------------

--
-- Table structure for table `preview`
--

CREATE TABLE `preview` (
  `id` int(11) NOT NULL,
  `article_id` varchar(255) DEFAULT NULL,
  `title` varchar(255) DEFAULT NULL,
  `slug` varchar(255) DEFAULT NULL,
  `date_of_posting` varchar(255) DEFAULT NULL,
  `time_of_posting` varchar(255) DEFAULT NULL,
  `hero_image` varchar(255) DEFAULT NULL,
  `excerpt` varchar(255) DEFAULT NULL,
  `content` longtext DEFAULT NULL,
  `type` varchar(255) DEFAULT NULL,
  `comments` varchar(255) NOT NULL,
  `from_ip` varchar(255) DEFAULT NULL,
  `from_browser` varchar(255) DEFAULT NULL,
  `hero_image_alt` varchar(255) DEFAULT NULL,
  `status` varchar(255) DEFAULT NULL,
  `keywords` varchar(255) DEFAULT NULL,
  `visibility` varchar(2555) NOT NULL,
  `meta_title` varchar(255) NOT NULL,
  `meta_url` varchar(255) NOT NULL,
  `meta_description` varchar(255) NOT NULL,
  `meta_image` varchar(255) NOT NULL,
  `created_at` varchar(255) NOT NULL,
  `updated_at` varchar(255) NOT NULL,
  `author_id` varchar(255) DEFAULT NULL
) ENGINE=InnoDB DEFAULT CHARSET=latin1;

--
-- Dumping data for table `preview`
--

INSERT INTO `preview` (`id`, `article_id`, `title`, `slug`, `date_of_posting`, `time_of_posting`, `hero_image`, `excerpt`, `content`, `type`, `comments`, `from_ip`, `from_browser`, `hero_image_alt`, `status`, `keywords`, `visibility`, `meta_title`, `meta_url`, `meta_description`, `meta_image`, `created_at`, `updated_at`, `author_id`) VALUES
(1, '0387f3f7-686d-40d6-aa1e-d42a6599a066', 'sdds', 'sdds', '2021-07-25', '08:26', '1627194427.png', 'dssd', '<p>sdsd</p>\n', 'blogs', 'true', '::1', 'Mozilla/5.0 (Windows NT 10.0; Win64; x64) AppleWebKit/537.36 (KHTML, like Gecko) Chrome/92.0.4515.107 Safari/537.36', 'sds', 'preview', 'sdds', 'public', 'sdds', 'http://localhost:8080/blog-cms-admin/read-cat/jobs/sdds', 'dsds', 'http://localhost:8080/blog-cms-admin/article-dashboard/assets/images/uploads/1627194427.png', 'Sun, 25 Jul 2021 11:57:07 +0530', 'Sun, 25 Jul 2021 11:57:07 +0530', '9514003d-8529-4176-9b69-a3f8b6bff1bf'),
(2, 'e845dd76-3560-49ab-bb6e-1c03948de54c', 'sdds', 'sdds', '2021-07-25', '08:26', '1627194530.png', 'dssd', '<p>sdsd</p>\n', 'blogs', 'true', '::1', 'Mozilla/5.0 (Windows NT 10.0; Win64; x64) AppleWebKit/537.36 (KHTML, like Gecko) Chrome/92.0.4515.107 Safari/537.36', 'sds', 'preview', 'sdds', 'public', 'sdds', 'http://localhost:8080/blog-cms-admin/read-cat/jobs/sdds', 'dsds', 'http://localhost:8080/blog-cms-admin/article-dashboard/assets/images/uploads/1627194530.png', 'Sun, 25 Jul 2021 11:58:50 +0530', 'Sun, 25 Jul 2021 11:58:50 +0530', '9514003d-8529-4176-9b69-a3f8b6bff1bf'),
(3, 'fb136473-61e5-47f6-bb62-e7bcabb21dc6', 'dsdssd', 'dsds', '2021-07-25', '08:53', '1627196103.png', 'sdsd', '<p>dsds</p>\n', 'blogs', 'true', '::1', 'Mozilla/5.0 (Windows NT 10.0; Win64; x64) AppleWebKit/537.36 (KHTML, like Gecko) Chrome/92.0.4515.107 Safari/537.36', 'dssdsd', 'preview', 'sdds', 'public', 'dsds', 'http://localhost:8080/blog-cms-admin/read-cat/jobs/dsds', 'sdsdsd', 'http://localhost:8080/blog-cms-admin/article-dashboard/assets/images/uploads/1627196103.png', 'Sun, 25 Jul 2021 12:25:03 +0530', 'Sun, 25 Jul 2021 12:25:03 +0530', '9514003d-8529-4176-9b69-a3f8b6bff1bf'),
(4, 'd693f8ec-8128-431f-b0d4-ea0ebf616742', 'sdds', 'sdds', '2021-07-25', '09:07', '1627196889.png', 'dssd', '<p>dsds</p>\n', 'blogs', 'true', '::1', 'Mozilla/5.0 (Windows NT 10.0; Win64; x64) AppleWebKit/537.36 (KHTML, like Gecko) Chrome/92.0.4515.107 Safari/537.36', 'sdsd', 'preview', 'dsds', 'public', 'sdds', 'http://localhost:8080/blog-cms-admin/read-cat/jobs/sdds', 'sdds', 'http://localhost:8080/blog-cms-admin/article-dashboard/assets/images/uploads/1627196889.png', 'Sun, 25 Jul 2021 12:38:09 +0530', 'Sun, 25 Jul 2021 12:38:09 +0530', '9514003d-8529-4176-9b69-a3f8b6bff1bf'),
(5, '3349e783-abc6-4712-8713-f2bbdaccd437', 'sdds', 'sdds', '2021-07-25', '09:07', '1627196958.png', 'dssddssd', '<p>sddsdsds</p>\n', 'blogs', 'true', '::1', 'Mozilla/5.0 (Windows NT 10.0; Win64; x64) AppleWebKit/537.36 (KHTML, like Gecko) Chrome/92.0.4515.107 Safari/537.36', 'sdsd', 'preview', 'dsds', 'public', 'sdds', 'http://localhost:8080/blog-cms-admin/read-cat/jobs/sdds', 'sdds', 'http://localhost:8080/blog-cms-admin/article-dashboard/assets/images/uploads/1627196958.png', 'Sun, 25 Jul 2021 12:39:17 +0530', 'Sun, 25 Jul 2021 12:39:17 +0530', '9514003d-8529-4176-9b69-a3f8b6bff1bf'),
(6, 'c80e5cf0-6bc1-46db-ac30-ae6ecaee8d73', 'sdds', 'sdds', '2021-07-22', '10:13', '1627212858.png', 'sdsd', '<p>dssd</p>\n', 'blogs', 'true', '::1', 'Mozilla/5.0 (Windows NT 10.0; Win64; x64) AppleWebKit/537.36 (KHTML, like Gecko) Chrome/92.0.4515.107 Safari/537.36', 'dssd', 'preview', 'sdds', 'public', 'sdds', 'http://localhost:8080/blog-cms-admin/read-cat/jobs/sdds', 'sdds', 'http://localhost:8080/blog-cms-admin/article-dashboard/assets/images/uploads/1627212858.png', 'Sun, 25 Jul 2021 17:04:18 +0530', 'Sun, 25 Jul 2021 17:04:18 +0530', '9514003d-8529-4176-9b69-a3f8b6bff1bf'),
(7, 'adc43f76-473c-4d05-8b37-37a74a0fc8d5', 'sdds', 'sdds', '2021-07-22', '10:13', '1627213529.png', 'sdsd', '<p>dssd</p>\n', 'blogs', 'true', '::1', 'Mozilla/5.0 (Windows NT 10.0; Win64; x64) AppleWebKit/537.36 (KHTML, like Gecko) Chrome/92.0.4515.107 Safari/537.36', 'dssd', 'preview', 'sdds', 'public', 'sdds', 'http://localhost:8080/blog-cms-admin/read-cat/jobs/sdds', 'sdds', 'http://localhost:8080/blog-cms-admin/article-dashboard/assets/images/uploads/1627213529.png', 'Sun, 25 Jul 2021 17:28:05 +0530', 'Sun, 25 Jul 2021 17:28:05 +0530', '9514003d-8529-4176-9b69-a3f8b6bff1bf'),
(8, '8cd75ac7-6328-4d32-90c2-32b21280743e', 'sdds', 'sdds', '2021-07-24', '08:32', '1627108529.png', 'sdds', '<p>dssd</p>\n', 'blogs', 'true', '::1', 'Mozilla/5.0 (Windows NT 10.0; Win64; x64) AppleWebKit/537.36 (KHTML, like Gecko) Chrome/92.0.4515.107 Safari/537.36', 'sdsd', 'preview', 'dsds', 'public', 'sdds', 'http://localhost:8080/blog-cms-admin/read-cat/job-notification/sdds', 'sdds', 'http://localhost:8080/blog-cms-admin/article-dashboard/assets/images/uploads/1627108529.png', 'Sun, 25 Jul 2021 17:28:20 +0530', 'Sun, 25 Jul 2021 17:28:20 +0530', '9514003d-8529-4176-9b69-a3f8b6bff1bf'),
(9, '6d17d92b-be44-454b-898b-f5576f5eae6b', 'sdds', 'sdds', '2021-07-24', '08:32', '1627108529.png', 'sdds', '<p>dssd</p>\n', 'blogs', 'true', '::1', 'Mozilla/5.0 (Windows NT 10.0; Win64; x64) AppleWebKit/537.36 (KHTML, like Gecko) Chrome/92.0.4515.107 Safari/537.36', 'sdsd', 'preview', 'dsds', 'public', 'sdds', 'http://localhost:8080/blog-cms-admin/read-cat/job-notification/sdds', 'sdds', 'http://localhost:8080/blog-cms-admin/article-dashboard/assets/images/uploads/1627108529.png', 'Sun, 25 Jul 2021 17:28:29 +0530', 'Sun, 25 Jul 2021 17:28:29 +0530', '9514003d-8529-4176-9b69-a3f8b6bff1bf'),
(10, 'eaa9c994-e221-4204-bed0-8ece4b049a47', 'sdds', 'sdds', '2021-07-24', '08:32', '1627214868.png', 'sdds', '<p>dssd</p>\n', 'blogs', 'true', '::1', 'Mozilla/5.0 (Windows NT 10.0; Win64; x64) AppleWebKit/537.36 (KHTML, like Gecko) Chrome/92.0.4515.107 Safari/537.36', 'sdsd', 'preview', 'dsds', 'public', 'sdds', 'http://localhost:8080/blog-cms-admin/read-cat/job-notification/sdds', 'sdds', 'http://localhost:8080/blog-cms-admin/article-dashboard/assets/images/uploads/1627214868.png', 'Sun, 25 Jul 2021 17:37:48 +0530', 'Sun, 25 Jul 2021 17:37:48 +0530', '9514003d-8529-4176-9b69-a3f8b6bff1bf'),
(11, '8289c65b-c6fc-4769-8ca2-512250dd28da', 'sdds', 'sdds', '2021-07-24', '08:32', '1627214891.png', 'sdds', '<p>dssd</p>\n', 'blogs', 'true', '::1', 'Mozilla/5.0 (Windows NT 10.0; Win64; x64) AppleWebKit/537.36 (KHTML, like Gecko) Chrome/92.0.4515.107 Safari/537.36', 'sdsd', 'preview', 'dsds', 'public', 'sdds', 'http://localhost:8080/blog-cms-admin/read-cat/job-notification/sdds', 'sdds', 'http://localhost:8080/blog-cms-admin/article-dashboard/assets/images/uploads/1627214891.png', 'Sun, 25 Jul 2021 17:38:10 +0530', 'Sun, 25 Jul 2021 17:38:10 +0530', '9514003d-8529-4176-9b69-a3f8b6bff1bf'),
(12, '7da1cb39-4d3f-4753-8ed0-647570083d93', 'sdds', 'sdds', '2021-07-24', '08:32', '1627214905.png', 'sdds', '<p>dssd</p>\n', 'blogs', 'true', '::1', 'Mozilla/5.0 (Windows NT 10.0; Win64; x64) AppleWebKit/537.36 (KHTML, like Gecko) Chrome/92.0.4515.107 Safari/537.36', 'sdsd', 'preview', 'dsds', 'public', 'sdds', 'http://localhost:8080/blog-cms-admin/read-cat/job-notification/sdds', 'sdds', 'http://localhost:8080/blog-cms-admin/article-dashboard/assets/images/uploads/1627214905.png', 'Sun, 25 Jul 2021 17:38:30 +0530', 'Sun, 25 Jul 2021 17:38:30 +0530', '9514003d-8529-4176-9b69-a3f8b6bff1bf'),
(13, 'cbf5ed54-1c81-4a16-8c44-5f433222540d', 'sdds', 'sdds', '2021-07-24', '08:32', '1627215028.png', 'sdds', '<p>dssd</p>\n', 'blogs', 'true', '::1', 'Mozilla/5.0 (Windows NT 10.0; Win64; x64) AppleWebKit/537.36 (KHTML, like Gecko) Chrome/92.0.4515.107 Safari/537.36', 'sdsd', 'preview', 'dsds', 'public', 'sdds', 'http://localhost:8080/blog-cms-admin/read-cat/job-notification/sdds', 'sdds', 'http://localhost:8080/blog-cms-admin/article-dashboard/assets/images/uploads/1627215028.png', 'Sun, 25 Jul 2021 17:40:28 +0530', 'Sun, 25 Jul 2021 17:40:28 +0530', '9514003d-8529-4176-9b69-a3f8b6bff1bf'),
(14, '3e7d5328-05f6-447c-a105-fdea17309eab', 'sdds', 'sdds', '2021-07-24', '08:32', '1627215153.png', 'sdds', '<p>dssd</p>\n', 'blogs', 'true', '::1', 'Mozilla/5.0 (Windows NT 10.0; Win64; x64) AppleWebKit/537.36 (KHTML, like Gecko) Chrome/92.0.4515.107 Safari/537.36', 'sdsd', 'preview', 'dsds', 'public', 'sdds', 'http://localhost:8080/blog-cms-admin/read-cat/job-notification/sdds', 'sdds', 'http://localhost:8080/blog-cms-admin/article-dashboard/assets/images/uploads/1627215153.png', 'Sun, 25 Jul 2021 17:42:32 +0530', 'Sun, 25 Jul 2021 17:42:32 +0530', '9514003d-8529-4176-9b69-a3f8b6bff1bf'),
(15, 'a6a8785b-066d-44c9-8067-17f8ee4a7e50', 'sdds', 'sdds', '2021-07-24', '08:32', '1627215170.png', 'sdds', '<p>dssd</p>\n', 'blogs', 'true', '::1', 'Mozilla/5.0 (Windows NT 10.0; Win64; x64) AppleWebKit/537.36 (KHTML, like Gecko) Chrome/92.0.4515.107 Safari/537.36', 'sdsd', 'preview', 'dsds', 'public', 'sdds', 'http://localhost:8080/blog-cms-admin/read-cat/job-notification/sdds', 'sdds', 'http://localhost:8080/blog-cms-admin/article-dashboard/assets/images/uploads/1627215170.png', 'Sun, 25 Jul 2021 17:42:50 +0530', 'Sun, 25 Jul 2021 17:42:50 +0530', '9514003d-8529-4176-9b69-a3f8b6bff1bf'),
(16, 'c57f7b7f-8138-4e0a-b487-69b4472c2146', 'sdds', 'sdds', '2021-07-22', '10:30', '', 'dsds', '<p>sdsd</p>\n', 'blogs', 'true', '::1', 'Mozilla/5.0 (Windows NT 10.0; Win64; x64) AppleWebKit/537.36 (KHTML, like Gecko) Chrome/92.0.4515.107 Safari/537.36', 'sdds', 'preview', 'sdds', 'public', 'sdds', 'http://localhost:8080/blog-cms-admin/read-cat/jobs/sdds', 'sdds', 'http://localhost:8080/blog-cms-admin/article-dashboard/assets/images/uploads/', 'Sun, 25 Jul 2021 17:43:27 +0530', 'Sun, 25 Jul 2021 17:43:27 +0530', '9514003d-8529-4176-9b69-a3f8b6bff1bf'),
(17, 'a89b10b7-9522-4224-9804-da3fe07791f2', 'sdds', 'sdds', '2021-07-22', '10:30', '', 'dsds', '<p>sdsd</p>\n', 'blogs', 'true', '::1', 'Mozilla/5.0 (Windows NT 10.0; Win64; x64) AppleWebKit/537.36 (KHTML, like Gecko) Chrome/92.0.4515.107 Safari/537.36', 'sdds', 'preview', 'sdds', 'public', 'sdds', 'http://localhost:8080/blog-cms-admin/read-cat/jobs/sdds', 'sdds', 'http://localhost:8080/blog-cms-admin/article-dashboard/assets/images/uploads/', 'Sun, 25 Jul 2021 17:43:28 +0530', 'Sun, 25 Jul 2021 17:43:28 +0530', '9514003d-8529-4176-9b69-a3f8b6bff1bf'),
(18, '1769f7dd-40fd-4f21-a0ea-5ccdc9f035ba', 'sdds', 'sdds', '2021-07-22', '10:30', '', 'dsds', '<p>sdsd</p>\n', 'blogs', 'true', '::1', 'Mozilla/5.0 (Linux; Android 6.0; Nexus 5 Build/MRA58N) AppleWebKit/537.36 (KHTML, like Gecko) Chrome/92.0.4515.107 Mobile Safari/537.36', 'sdds', 'preview', 'sdds', 'public', 'sdds', 'http://localhost:8080/blog-cms-admin/read-cat/jobs/sdds', 'sdds', 'http://localhost:8080/blog-cms-admin/article-dashboard/assets/images/uploads/', 'Sun, 25 Jul 2021 17:43:39 +0530', 'Sun, 25 Jul 2021 17:43:39 +0530', '9514003d-8529-4176-9b69-a3f8b6bff1bf'),
(19, 'cb4eb1fc-e42d-4d17-8b35-807fa648d72b', 'sdds', 'sdds', '2021-07-22', '10:30', '1627215270.png', 'dsds', '<p>sdsd</p>\n', 'blogs', 'true', '::1', 'Mozilla/5.0 (Linux; Android 6.0; Nexus 5 Build/MRA58N) AppleWebKit/537.36 (KHTML, like Gecko) Chrome/92.0.4515.107 Mobile Safari/537.36', 'sdds', 'preview', 'sdds', 'public', 'sdds', 'http://localhost:8080/blog-cms-admin/read-cat/jobs/sdds', 'sdds', 'http://localhost:8080/blog-cms-admin/article-dashboard/assets/images/uploads/1627215270.png', 'Sun, 25 Jul 2021 17:44:30 +0530', 'Sun, 25 Jul 2021 17:44:30 +0530', '9514003d-8529-4176-9b69-a3f8b6bff1bf'),
(20, '6ced75f7-d1fa-4226-a209-395ae392a007', 'MC Chandigarh Recruitment 2021: For 279 Fireman, Station Fire Officer & Other Posts', 'mc-chandigarh-recruitment-2021-for-279-fireman-station-fire-officer-other-posts', '2021-07-14', '13:08', '1626261431.png', 'MC Chandigarh Recruitment 2021: For 279 Fireman, Station Fire Officer & Other Posts', '<h1><img alt=\"\" src=\"http://localhost:8080/blog-cms-admin/article-dashboard/PHP/uploads/Chandigarh-MC-Recruitment-2021.png\" style=\"height:189px; width:300px\" /></h1>\n\n<p>Chandigarh Municipal Corporation has invited online applications from eligible Indian citizens for 279 various posts that include Station Fire Officer, Fireman, and driver posts. Read the article below to know more about MC Chandigarh Recruitment 2021 like the application process, eligibility criteria, vacancy details, online application link and much more.</p>\n\n<p>Table of Contents</p>\n\n<h2><span style=\"color:#e67e22\">MC Chandigarh Recruitment 2021</span></h2>\n\n<p><strong>MC Chandigarh Recruitment 2021:&nbsp;</strong>MC Chandigarh Recruitment 2021, has released an official notification inviting online applications from eligible Indian citizens on 279 various posts mentioned below on its official website @mcchandigarh.gov.in.&nbsp;<strong>The online application process will be started from 12th July 2021 and the last date to apply online is 30th July 2021.&nbsp;</strong>Read the article below for more details about MC Chandigarh Recruitment 2021 regarding the eligibility, application process, selection process and much more.</p>\n\n<h2><span style=\"color:#e67e22\">MC Chandigarh Recruitment 2021: Overview</span></h2>\n\n<p>The candidates must go through the table below to understand MC Chandigarh Recruitment 2021.</p>\n\n<table border=\"1\" style=\"width:510px\">\n	<tbody>\n		<tr>\n			<td colspan=\"2\"><strong>MC Chandigarh Recruitment 2021</strong></td>\n		</tr>\n		<tr>\n			<td><strong>Organization Name</strong></td>\n			<td>Chandigarh Municipal Corporation</td>\n		</tr>\n		<tr>\n			<td><strong>Post Name</strong></td>\n			<td>Various Posts</td>\n		</tr>\n		<tr>\n			<td><strong>Vacancies</strong></td>\n			<td>279</td>\n		</tr>\n		<tr>\n			<td><strong>Online Application Starts</strong></td>\n			<td><strong>12th July 2021</strong></td>\n		</tr>\n		<tr>\n			<td><strong>Last Date to Apply Online</strong></td>\n			<td><strong>30th July 2021</strong></td>\n		</tr>\n		<tr>\n			<td><strong>Mode Of Application</strong></td>\n			<td>Online</td>\n		</tr>\n		<tr>\n			<td><strong>Category</strong></td>\n			<td><a href=\"https://www.adda247.com/jobs\" rel=\"noopener noreferrer\" target=\"_blank\"><strong>Govt Jobs</strong></a></td>\n		</tr>\n		<tr>\n			<td><strong>Job Location</strong></td>\n			<td>Punjab, Chandigarh</td>\n		</tr>\n		<tr>\n			<td><strong>Official Website</strong></td>\n			<td>www.mcchandigarh.gov.in</td>\n		</tr>\n	</tbody>\n</table>\n\n<h2><span style=\"color:#e67e22\">MC Chandigarh Notification PDF</span></h2>\n\n<p>The official notification for MC Chandigarh Recruitment 2021 has been already released on the official website @mcchandigarh.gov.in. The interested candidates can download the detailed notification mentioning all the details regarding eligibility criteria, the application process, and much more regarding MC Chandigarh Recruitment 2021 below.</p>\n\n<p><a class=\"simple-button-plugin\" href=\"https://www.adda247.com/jobs/wp-content/uploads/2021/07/06193836/Chandigarh-MC-Job-notification-2021.pdf\" style=\"display: inline-block; background-color: rgb(255, 85, 33); border: 1px solid rgb(255, 85, 33); padding: 5px 10px; border-radius: 5px; font-size: 14px; cursor: pointer; color: rgb(255, 255, 255) !important; text-decoration: none !important;\" target=\"_blank\">MC CHANDIGARH NOTIFICATION PDF</a></p>\n\n<p>&nbsp;</p>\n\n<h2><span style=\"color:#e67e22\">MC Chandigarh Recruitment 2021: Important Dates</span></h2>\n\n<p>All the important dates from the release of official notification for MC Chandigarh Recruitment 2021 till the date of filling form has been given below for the reference purpose to the candidates</p>\n\n<table border=\"1\" style=\"width:730px\">\n	<tbody>\n		<tr>\n			<td><strong>EVENTS</strong></td>\n			<td><strong>DATE</strong></td>\n		</tr>\n		<tr>\n			<td>Notification release Date</td>\n			<td>5th July 2021</td>\n		</tr>\n		<tr>\n			<td>Application Start Date</td>\n			<td>12th July 2021</td>\n		</tr>\n		<tr>\n			<td>Application Last Date</td>\n			<td>30th July 2021</td>\n		</tr>\n		<tr>\n			<td>Last date of submitting the application fee</td>\n			<td>03rd August 2021</td>\n		</tr>\n		<tr>\n			<td>Exam Date</td>\n			<td>To be announced</td>\n		</tr>\n	</tbody>\n</table>\n\n<h2>MC Chandigarh Vacancy Details</h2>\n\n<p>The Vacancy Distribution of MC Chandigarh Recruitment 2021 is given below for a total of 279 vacancies of Station Fire Officer, Fireman, and driver.</p>\n\n<table border=\"1\" style=\"width:564px\">\n	<thead>\n		<tr>\n			<td><strong>Name of the Posts</strong></td>\n			<td><strong>No. of posts</strong></td>\n		</tr>\n	</thead>\n	<tbody>\n		<tr>\n			<td>Station Fire Officer</td>\n			<td>03 Posts</td>\n		</tr>\n		<tr>\n			<td>Fire Man</td>\n			<td>220 Posts</td>\n		</tr>\n		<tr>\n			<td>Driver</td>\n			<td>56 Posts</td>\n		</tr>\n		<tr>\n			<td><strong>Total</strong></td>\n			<td><strong>279 Posts</strong></td>\n		</tr>\n	</tbody>\n</table>\n', 'blogs', 'true', '::1', 'Mozilla/5.0 (Windows NT 10.0; Win64; x64) AppleWebKit/537.36 (KHTML, like Gecko) Chrome/92.0.4515.107 Safari/537.36', 'MC Chandigarh Recruitment 2021: For 279 Fireman, Station Fire Officer & Other Posts', 'preview', 'exams blogs', 'public', 'MC Chandigarh Recruitment 2021: For 279 Fireman, Station Fire Officer & Other Posts', 'http://localhost:8080/blog-cms-admin/read-cat/jobs/mc-chandigarh-recruitment-2021-for-279-fireman-station-fire-officer-other-posts', 'MC Chandigarh Recruitment 2021: For 279 Fireman, Station Fire Officer & Other Posts', 'http://localhost:8080/blog-cms-admin/article-dashboard/assets/images/uploads/1626261431.png', 'Sun, 25 Jul 2021 18:49:14 +0530', 'Sun, 25 Jul 2021 18:49:14 +0530', '9514003d-8529-4176-9b69-a3f8b6bff1bf'),
(21, '83db847c-aa23-4db6-b1b6-a8dc625ca5d3', 'dsdssd', 'dsds', '2021-07-25', '08:53', '1627196154.png', 'sdsd', '<p>dsds</p>\n', 'blogs', 'true', '::1', 'Mozilla/5.0 (Windows NT 10.0; Win64; x64) AppleWebKit/537.36 (KHTML, like Gecko) Chrome/92.0.4515.107 Safari/537.36', 'dssdsd', 'preview', 'sdds', 'public', 'dsds', 'http://localhost:8080/blog-cms-admin/read-cat/jobs/dsds', 'sdsdsd', 'http://localhost:8080/blog-cms-admin/article-dashboard/assets/images/uploads/1627196154.png', 'Sun, 25 Jul 2021 18:49:59 +0530', 'Sun, 25 Jul 2021 18:49:59 +0530', '9514003d-8529-4176-9b69-a3f8b6bff1bf'),
(22, 'b9509137-3899-44b1-8475-795c8d8cd06a', 'dsdssd', 'dsds', '2021-07-25', '08:53', '1627196154.png', 'sdsd', '<p>dsds</p>\n', 'blogs', 'true', '::1', 'Mozilla/5.0 (Linux; Android 6.0.1; Moto G (4)) AppleWebKit/537.36 (KHTML, like Gecko) Chrome/92.0.4515.107 Mobile Safari/537.36', 'dssdsd', 'preview', 'sdds', 'public', 'dsds', 'http://localhost:8080/blog-cms-admin/read-cat/jobs/dsds', 'sdsdsd', 'http://localhost:8080/blog-cms-admin/article-dashboard/assets/images/uploads/1627196154.png', 'Sun, 25 Jul 2021 18:50:45 +0530', 'Sun, 25 Jul 2021 18:50:45 +0530', '9514003d-8529-4176-9b69-a3f8b6bff1bf'),
(23, '4b065e39-1c08-44ed-898c-e0cee117dc45', 'dsdssd', 'dsds', '2021-07-25', '08:53', '1627196154.png', 'sdsd', '<p>dsds</p>\n', 'blogs', 'true', '::1', 'Mozilla/5.0 (Linux; Android 6.0.1; Moto G (4)) AppleWebKit/537.36 (KHTML, like Gecko) Chrome/92.0.4515.107 Mobile Safari/537.36', 'dssdsd', 'preview', 'sdds', 'public', 'dsds', 'http://localhost:8080/blog-cms-admin/read-cat/jobs/dsds', 'sdsdsd', 'http://localhost:8080/blog-cms-admin/article-dashboard/assets/images/uploads/1627196154.png', 'Sun, 25 Jul 2021 18:50:54 +0530', 'Sun, 25 Jul 2021 18:50:54 +0530', '9514003d-8529-4176-9b69-a3f8b6bff1bf'),
(24, 'b1b30e76-9d15-4de9-b27e-0baf9efc7071', 'dsdssd', 'dsds', '2021-07-25', '08:53', '1627196154.png', 'sdsd', '<p>dsds</p>\n', 'blogs', 'true', '::1', 'Mozilla/5.0 (Windows NT 10.0; Win64; x64) AppleWebKit/537.36 (KHTML, like Gecko) Chrome/92.0.4515.107 Safari/537.36', 'dssdsd', 'preview', 'sdds', 'public', 'dsds', 'http://localhost:8080/blog-cms-admin/read-cat/jobs/dsds', 'sdsdsd', 'http://localhost:8080/blog-cms-admin/article-dashboard/assets/images/uploads/1627196154.png', 'Sun, 25 Jul 2021 18:51:01 +0530', 'Sun, 25 Jul 2021 18:51:01 +0530', '9514003d-8529-4176-9b69-a3f8b6bff1bf'),
(25, '99be5dc9-b349-4c5e-813b-f8ff48a0a264', 'dsdssd', 'dsds', '2021-07-25', '08:53', '1627196154.png', 'sdsd', '<p>dsds</p>\n', 'blogs', 'true', '::1', 'Mozilla/5.0 (Windows NT 10.0; Win64; x64) AppleWebKit/537.36 (KHTML, like Gecko) Chrome/92.0.4515.107 Safari/537.36', 'dssdsd', 'preview', 'sdds', 'public', 'dsds', 'http://localhost:8080/blog-cms-admin/read-cat/jobs/dsds', 'sdsdsd', 'http://localhost:8080/blog-cms-admin/article-dashboard/assets/images/uploads/1627196154.png', 'Sun, 25 Jul 2021 18:51:11 +0530', 'Sun, 25 Jul 2021 18:51:11 +0530', '9514003d-8529-4176-9b69-a3f8b6bff1bf'),
(26, '0c22a63b-d9c0-443f-810f-cc4c6dc33eff', 'dsdssd', 'dsds', '2021-07-25', '08:53', '1627196154.png', 'sdsd', '<p>dsds</p>\n', 'blogs', 'true', '::1', 'Mozilla/5.0 (Windows NT 10.0; Win64; x64) AppleWebKit/537.36 (KHTML, like Gecko) Chrome/92.0.4515.107 Safari/537.36', 'dssdsd', 'preview', 'sdds', 'public', 'dsds', 'http://localhost:8080/blog-cms-admin/read-cat/jobs/dsds', 'sdsdsd', 'http://localhost:8080/blog-cms-admin/article-dashboard/assets/images/uploads/1627196154.png', 'Sun, 25 Jul 2021 18:51:17 +0530', 'Sun, 25 Jul 2021 18:51:17 +0530', '9514003d-8529-4176-9b69-a3f8b6bff1bf'),
(27, '93ece364-7f82-4315-96c9-a7a2d5a60789', 'dsdssd', 'dsds', '2021-07-25', '08:53', '1627220009.png', 'sdsd', '<p>dsds</p>\n', 'blogs', 'true', '::1', 'Mozilla/5.0 (Windows NT 10.0; Win64; x64) AppleWebKit/537.36 (KHTML, like Gecko) Chrome/92.0.4515.107 Safari/537.36', 'dssdsd', 'preview', 'sdds', 'public', 'dsds', 'http://localhost:8080/blog-cms-admin/read-cat/jobs/dsds', 'sdsdsd', 'http://localhost:8080/blog-cms-admin/article-dashboard/assets/images/uploads/1627220009.png', 'Sun, 25 Jul 2021 19:03:29 +0530', 'Sun, 25 Jul 2021 19:03:29 +0530', '9514003d-8529-4176-9b69-a3f8b6bff1bf'),
(28, '7c95e39f-ac19-482b-9163-e40efa8de2fe', 'dsdssd', 'dsds', '2021-07-25', '08:53', '1627220123.png', 'sdsd', '<p>dsds</p>\n', 'blogs', 'true', '::1', 'Mozilla/5.0 (Windows NT 10.0; Win64; x64) AppleWebKit/537.36 (KHTML, like Gecko) Chrome/92.0.4515.107 Safari/537.36', 'dssdsd', 'preview', 'sdds', 'public', 'dsds', 'http://localhost:8080/blog-cms-admin/read-cat/jobs/dsds', 'sdsdsd', 'http://localhost:8080/blog-cms-admin/article-dashboard/assets/images/uploads/1627220123.png', 'Sun, 25 Jul 2021 19:05:22 +0530', 'Sun, 25 Jul 2021 19:05:22 +0530', '9514003d-8529-4176-9b69-a3f8b6bff1bf'),
(29, '34ae3b91-7898-4b71-bb91-0058d7af9611', 'xzz', 'xzz', '2021-07-23', '08:45', '1627022744.png', 'zxz', '<p>zxzx</p>\n', 'blogs', 'true', '::1', 'Mozilla/5.0 (Windows NT 10.0; Win64; x64) AppleWebKit/537.36 (KHTML, like Gecko) Chrome/92.0.4515.107 Safari/537.36', 'zxzx', 'preview', 'xzxz', 'public', 'xzz', 'http://localhost:8080/blog-cms-admin/read-cat/jobs/xzz', 'xzxzzx', 'http://localhost:8080/blog-cms-admin/article-dashboard/assets/images/uploads/1627022744.png', 'Sun, 25 Jul 2021 19:13:15 +0530', 'Sun, 25 Jul 2021 19:13:15 +0530', 'c9e68c0a-8271-4bb7-8142-4b775deebc81'),
(30, '869f1f94-de7a-4147-96fd-f10260d21d38', 'xzz', 'xzz', '2021-07-23', '08:45', '1627220613.png', 'zxz', '<p>zxzx</p>\n', 'blogs', 'true', '::1', 'Mozilla/5.0 (Windows NT 10.0; Win64; x64) AppleWebKit/537.36 (KHTML, like Gecko) Chrome/92.0.4515.107 Safari/537.36', 'zxzx', 'preview', 'xzxz', 'public', 'xzz', 'http://localhost:8080/blog-cms-admin/read-cat/jobs/xzz', 'xzxzzx', 'http://localhost:8080/blog-cms-admin/article-dashboard/assets/images/uploads/1627220613.png', 'Sun, 25 Jul 2021 19:13:32 +0530', 'Sun, 25 Jul 2021 19:13:32 +0530', 'c9e68c0a-8271-4bb7-8142-4b775deebc81'),
(31, 'fe4f72d6-2c39-4b32-993d-2181a418f780', 'dsds', 'dsds', '2021-07-26', '17:56', '1627314999.png', 'sdds', '<p>dsds</p>\n', 'blogs', 'true', '::1', 'Mozilla/5.0 (Windows NT 10.0; Win64; x64) AppleWebKit/537.36 (KHTML, like Gecko) Chrome/92.0.4515.107 Safari/537.36', 'dsds', 'preview', 'sdds', 'public', 'dsdss', 'http://localhost:8080/blog-cms-admin/read-cat/jobs/dsds', 'sdds', 'http://localhost:8080/blog-cms-admin/article-dashboard/assets/images/uploads/1627314999.png', 'Mon, 26 Jul 2021 21:26:51 +0530', 'Mon, 26 Jul 2021 21:26:51 +0530', '9514003d-8529-4176-9b69-a3f8b6bff1bf'),
(32, '4ebfa107-79f6-430f-bbd7-dad07cd9dc6d', 'dsds', 'dsds', '2021-07-26', '17:56', '1627314999.png', 'sdds', '<p>dsds</p>\n', 'blogs', 'true', '::1', 'Mozilla/5.0 (Linux; Android 6.0; Nexus 5 Build/MRA58N) AppleWebKit/537.36 (KHTML, like Gecko) Chrome/92.0.4515.107 Mobile Safari/537.36', 'dsds', 'preview', 'sdds', 'public', 'dsdss', 'http://localhost:8080/blog-cms-admin/read-cat/jobs/dsds', 'sdds', 'http://localhost:8080/blog-cms-admin/article-dashboard/assets/images/uploads/1627314999.png', 'Mon, 26 Jul 2021 21:27:39 +0530', 'Mon, 26 Jul 2021 21:27:39 +0530', '9514003d-8529-4176-9b69-a3f8b6bff1bf'),
(33, 'cc4560e2-482b-4c81-8d1e-e65323ee70d0', 'dsds', 'dsds', '2021-07-26', '17:56', '1627314999.png', 'sdds', '<p>dsds</p>\n', 'blogs', 'true', '::1', 'Mozilla/5.0 (Windows NT 10.0; Win64; x64) AppleWebKit/537.36 (KHTML, like Gecko) Chrome/92.0.4515.107 Safari/537.36', 'dsds', 'preview', 'sdds', 'public', 'dsdss', 'http://localhost:8080/blog-cms-admin/read/JOBS/Punjab-Anganwadi/dsds', 'sdds', 'http://localhost:8080/blog-cms-admin/article-dashboard/assets/images/uploads/1627314999.png', 'Mon, 26 Jul 2021 21:31:35 +0530', 'Mon, 26 Jul 2021 21:31:35 +0530', '9514003d-8529-4176-9b69-a3f8b6bff1bf'),
(34, 'd0881672-cbc2-437e-9dd5-a70c3068beb2', 'dsds', 'dsds', '2021-07-26', '17:56', '1627314999.png', 'sdds', '<p>dsds</p>\n', 'blogs', 'true', '::1', 'Mozilla/5.0 (Windows NT 10.0; Win64; x64) AppleWebKit/537.36 (KHTML, like Gecko) Chrome/92.0.4515.107 Safari/537.36', 'dsds', 'preview', 'sdds', 'public', 'dsdss', 'http://localhost:8080/blog-cms-admin/read/JOBS/Punjab-Anganwadi/dsds', 'sdds', 'http://localhost:8080/blog-cms-admin/article-dashboard/assets/images/uploads/1627314999.png', 'Mon, 26 Jul 2021 21:31:40 +0530', 'Mon, 26 Jul 2021 21:31:40 +0530', '9514003d-8529-4176-9b69-a3f8b6bff1bf'),
(35, '4c2eca1e-af50-4b2f-b4e5-5916fb9e6b7d', 'dsds', 'dsds', '2021-07-26', '17:56', '1627314999.png', 'sdds', '<p>dsds</p>\n', 'blogs', 'true', '::1', 'Mozilla/5.0 (Windows NT 10.0; Win64; x64) AppleWebKit/537.36 (KHTML, like Gecko) Chrome/92.0.4515.107 Safari/537.36', 'dsds', 'preview', 'sdds', 'public', 'dsdss', 'http://localhost:8080/blog-cms-admin/read/JOBS/Punjab-Anganwadi/dsds', 'sdds', 'http://localhost:8080/blog-cms-admin/article-dashboard/assets/images/uploads/1627314999.png', 'Mon, 26 Jul 2021 21:31:49 +0530', 'Mon, 26 Jul 2021 21:31:49 +0530', '9514003d-8529-4176-9b69-a3f8b6bff1bf');

-- --------------------------------------------------------

--
-- Table structure for table `sequelizemeta`
--

CREATE TABLE `sequelizemeta` (
  `name` varchar(255) NOT NULL
) ENGINE=InnoDB DEFAULT CHARSET=latin1;

--
-- Dumping data for table `sequelizemeta`
--

INSERT INTO `sequelizemeta` (`name`) VALUES
('20210408121436-create-article.js'),
('20210408180538-create-authors.js'),
('20210408180752-create-articles-category.js'),
('20210408181123-create-users.js'),
('20210408181242-create-articles-sub-category.js');

-- --------------------------------------------------------

--
-- Table structure for table `sidebar`
--

CREATE TABLE `sidebar` (
  `id` int(11) NOT NULL,
  `image` varchar(255) NOT NULL,
  `from_ip` varchar(255) NOT NULL,
  `from_browser` varchar(255) NOT NULL,
  `time` varchar(255) NOT NULL
) ENGINE=InnoDB DEFAULT CHARSET=utf8mb4;

--
-- Dumping data for table `sidebar`
--

INSERT INTO `sidebar` (`id`, `image`, `from_ip`, `from_browser`, `time`) VALUES
(32, '9829943857Untitled-1.jpg', '::1', 'Mozilla/5.0 (Windows NT 10.0; Win64; x64) AppleWebKit/537.36 (KHTML, like Gecko) Chrome/92.0.4515.107 Safari/537.36', 'Mon, 02 Aug 2021 18:46:34 +0530');

-- --------------------------------------------------------

--
-- Table structure for table `social_media`
--

CREATE TABLE `social_media` (
  `id` int(11) NOT NULL,
  `icon_name` varchar(255) NOT NULL,
  `icon_font` varchar(255) NOT NULL,
  `icon_link` varchar(255) NOT NULL,
  `visibility` varchar(255) NOT NULL
) ENGINE=InnoDB DEFAULT CHARSET=utf8mb4;

--
-- Dumping data for table `social_media`
--

INSERT INTO `social_media` (`id`, `icon_name`, `icon_font`, `icon_link`, `visibility`) VALUES
(1, 'facebook', 'fa fa-facebook', 'facebook.com', 'true'),
(2, 'twitter', 'fa fa-twitter', 'twitter.com', 'true'),
(3, 'linkedin', 'fa fa-linkedin', 'linkedin.com', 'false'),
(4, 'google_plus', 'fa fa-google-plus', 'gplus.com', 'true'),
(5, 'github', 'fa fa-github', 'gitty.com', 'false'),
(6, 'pinterest', 'fa fa-pinterest', 'pinny.com', 'true'),
(7, 'instagram', 'fa fa-instagram', 'insta.com', 'true'),
(8, 'rss', 'fa fa-rss', 'rss.com', 'true');

-- --------------------------------------------------------

--
-- Table structure for table `sub_comment`
--

CREATE TABLE `sub_comment` (
  `id` int(11) NOT NULL,
  `user_name` varchar(255) NOT NULL,
  `user_email` varchar(255) NOT NULL,
  `article_id` varchar(255) NOT NULL,
  `sub_comment_id` varchar(255) NOT NULL,
  `comment_id` varchar(255) NOT NULL,
  `sub_comment` varchar(255) NOT NULL,
  `from_ip` varchar(255) NOT NULL,
  `from_browser` varchar(255) NOT NULL,
  `time` varchar(255) NOT NULL
) ENGINE=InnoDB DEFAULT CHARSET=utf8mb4;

--
-- Dumping data for table `sub_comment`
--

INSERT INTO `sub_comment` (`id`, `user_name`, `user_email`, `article_id`, `sub_comment_id`, `comment_id`, `sub_comment`, `from_ip`, `from_browser`, `time`) VALUES
(1, 'Hrushikesh Tawde', 'hdtawde@gmail.com', 'dc432995-f93c-42ea-8371-a0fc4b76de8d', 'aa3a2f8a-2321-4edc-ad5d-7387798bb6ac', '9c1ae567-8339-4f74-aea5-6872dc749323 ', 'hey hello', '::1', 'Mozilla/5.0 (Windows NT 10.0; Win64; x64) AppleWebKit/537.36 (KHTML, like Gecko) Chrome/91.0.4472.114 Safari/537.36', 'Mon, 28 Jun 2021 19:06:24 +0530'),
(2, 'Hrushikesh Tawde', 'hdtawde@gmail.com', 'dc432995-f93c-42ea-8371-a0fc4b76de8d', 'dce58c53-d1dd-4727-9c8e-cfc44d4e1428', 'cb0f5324-f3de-4d08-8e9f-ef8a35892e4f ', 'The blog is amazing', '::1', 'Mozilla/5.0 (Windows NT 10.0; Win64; x64) AppleWebKit/537.36 (KHTML, like Gecko) Chrome/91.0.4472.114 Safari/537.36', 'Mon, 28 Jun 2021 19:21:30 +0530'),
(3, 'Hrushikesh Tawde', 'hdtawde@gmail.com', '99e83846-a83d-48ed-8214-8ef191cee2e4', '0e724627-994e-44bc-b3c7-e91e5d3f3943', '11333de8-1d57-4ed9-a0a7-6578cd142dd0 ', 'Great stuff', '::1', 'Mozilla/5.0 (Windows NT 10.0; Win64; x64) AppleWebKit/537.36 (KHTML, like Gecko) Chrome/91.0.4472.124 Safari/537.36', 'Mon, 12 Jul 2021 13:40:12 +0530'),
(4, 'Hrushikesh Tawde', 'hdtawde@gmail.com', '99e83846-a83d-48ed-8214-8ef191cee2e4', '72239eb3-3dec-446e-9e62-b52bfcf1c3bc', '11333de8-1d57-4ed9-a0a7-6578cd142dd0 ', 'This is sick', '::1', 'Mozilla/5.0 (Windows NT 10.0; Win64; x64) AppleWebKit/537.36 (KHTML, like Gecko) Chrome/91.0.4472.124 Safari/537.36', 'Mon, 12 Jul 2021 13:45:00 +0530'),
(5, 'Hrushikeh', 'hdtawde@gmail.com', '167ab659-589c-4ee7-91c2-317f51421c4a', 'fc47b104-8a4f-4cbe-9d77-4e56db31ac64', '767fc54c-4321-4d67-bede-b55817cbc9a9 ', 'yep', '::1', 'Mozilla/5.0 (Windows NT 10.0; Win64; x64) AppleWebKit/537.36 (KHTML, like Gecko) Chrome/91.0.4472.124 Safari/537.36', 'Thu, 15 Jul 2021 18:28:15 +0530'),
(9, 'dsds', 'sdsd', '167ab659-589c-4ee7-91c2-317f51421c4a', 'ec56f46d-881f-47f2-81d0-9d6ba6c73f9f', '767fc54c-4321-4d67-bede-b55817cbc9a9', 'great stuff', '::1', 'Mozilla/5.0 (Linux; Android 6.0.1; Moto G (4)) AppleWebKit/537.36 (KHTML, like Gecko) Chrome/91.0.4472.124 Mobile Safari/537.36', 'Fri, 16 Jul 2021 17:10:54 +0530'),
(10, 'yes', 'yes', '52cbffaa-f81f-4803-b60d-faf5480312b6', '83055ead-4584-4dd0-8c32-f84a55111b8b', 'ec27413f-16ee-41ad-bc0f-4d58c7a00b96', 'Yep', '::1', 'Mozilla/5.0 (Windows NT 10.0; Win64; x64) AppleWebKit/537.36 (KHTML, like Gecko) Chrome/91.0.4472.124 Safari/537.36', 'Fri, 16 Jul 2021 17:12:01 +0530'),
(13, 'hdtawde@gmail.com', 'hdtawde@gmail.com', '167ab659-589c-4ee7-91c2-317f51421c4a   ', 'aa7b3a31-55f4-42b4-92eb-6db0593d4e80', '767fc54c-4321-4d67-bede-b55817cbc9a9 ', 'hey hi', '::1', 'Mozilla/5.0 (Windows NT 10.0; Win64; x64) AppleWebKit/537.36 (KHTML, like Gecko) Chrome/92.0.4515.107 Safari/537.36', 'Mon, 26 Jul 2021 13:22:30 +0530'),
(14, 'yep', 'dsds', '8cd05e8d-e7f6-46c8-8e05-073e1f1c4c9a', 'd0e5f688-6988-4500-ba4e-68d12f9e2e7c', '522627da-5e68-45b0-948b-1146b11085bf ', 'sdds', '::1', 'Mozilla/5.0 (Windows NT 10.0; Win64; x64) AppleWebKit/537.36 (KHTML, like Gecko) Chrome/92.0.4515.107 Safari/537.36', 'Mon, 26 Jul 2021 15:49:10 +0530'),
(15, 'skirmish', 'dssd', '8cd05e8d-e7f6-46c8-8e05-073e1f1c4c9a', '4d7c9211-240a-41b6-afcd-b2b127bdeab0', '522627da-5e68-45b0-948b-1146b11085bf ', 'dsds', '::1', 'Mozilla/5.0 (Windows NT 10.0; Win64; x64) AppleWebKit/537.36 (KHTML, like Gecko) Chrome/92.0.4515.107 Safari/537.36', 'Mon, 26 Jul 2021 15:55:22 +0530'),
(16, '', '', '167ab659-589c-4ee7-91c2-317f51421c4a', 'b5cd5f65-9fd2-4c13-a06d-cbb4e25cfd1a', '767fc54c-4321-4d67-bede-b55817cbc9a9 ', 'sdds', '::1', 'Mozilla/5.0 (Linux; Android 6.0; Nexus 5 Build/MRA58N) AppleWebKit/537.36 (KHTML, like Gecko) Chrome/92.0.4515.107 Mobile Safari/537.36', 'Mon, 26 Jul 2021 21:40:28 +0530'),
(17, '', '', '167ab659-589c-4ee7-91c2-317f51421c4a', '73c964af-a359-4cd7-8f88-74a6e573d52e', '767fc54c-4321-4d67-bede-b55817cbc9a9 ', 'sdds', '::1', 'Mozilla/5.0 (Windows NT 10.0; Win64; x64) AppleWebKit/537.36 (KHTML, like Gecko) Chrome/92.0.4515.107 Safari/537.36', 'Mon, 26 Jul 2021 21:41:06 +0530'),
(18, 'sdds', 'dsds', '167ab659-589c-4ee7-91c2-317f51421c4a', '8e8961de-196c-485b-acdb-e4b99f38a012', '767fc54c-4321-4d67-bede-b55817cbc9a9 ', 'sdds', '::1', 'Mozilla/5.0 (Windows NT 10.0; Win64; x64) AppleWebKit/537.36 (KHTML, like Gecko) Chrome/92.0.4515.107 Safari/537.36', 'Mon, 26 Jul 2021 21:52:06 +0530'),
(19, '', '', '167ab659-589c-4ee7-91c2-317f51421c4a', '2434f08f-6288-42c4-b6a1-60ddaebaa468', 'd7af9fe4-7c75-43d6-af3c-5ac06ba06e3d ', 'sdds', '::1', 'Mozilla/5.0 (Linux; Android 6.0; Nexus 5 Build/MRA58N) AppleWebKit/537.36 (KHTML, like Gecko) Chrome/92.0.4515.107 Mobile Safari/537.36', 'Mon, 26 Jul 2021 22:18:05 +0530'),
(20, '', '', '167ab659-589c-4ee7-91c2-317f51421c4a', '2388436b-db56-42ff-b1fb-e0f074670a06', '1a1c1938-3314-461d-aa80-722fe464bde5 ', 'sdds', '::1', 'Mozilla/5.0 (Windows NT 10.0; Win64; x64) AppleWebKit/537.36 (KHTML, like Gecko) Chrome/92.0.4515.107 Safari/537.36', 'Mon, 26 Jul 2021 22:22:30 +0530'),
(21, '', '', '167ab659-589c-4ee7-91c2-317f51421c4a', 'b94bb86d-514a-474f-a525-6bb6af43701e', '9680c084-852d-4296-b1eb-3a07f7e6a394 ', 'hey', '::1', 'Mozilla/5.0 (Windows NT 10.0; Win64; x64) AppleWebKit/537.36 (KHTML, like Gecko) Chrome/92.0.4515.107 Safari/537.36', 'Mon, 26 Jul 2021 22:22:57 +0530'),
(22, '', '', '167ab659-589c-4ee7-91c2-317f51421c4a', 'fa04d658-d086-44bc-ae4f-fcbe9f8775e6', '18ce087f-f7e9-44ff-911e-e23f0de8375f ', 'dssd', '::1', 'Mozilla/5.0 (Windows NT 10.0; Win64; x64) AppleWebKit/537.36 (KHTML, like Gecko) Chrome/92.0.4515.107 Safari/537.36', 'Mon, 26 Jul 2021 22:25:47 +0530'),
(23, '', '', '167ab659-589c-4ee7-91c2-317f51421c4a', '1598428b-d4cc-42b5-b15b-87d00d12c1ed', '18ce087f-f7e9-44ff-911e-e23f0de8375f ', 'sdds', '::1', 'Mozilla/5.0 (Windows NT 10.0; Win64; x64) AppleWebKit/537.36 (KHTML, like Gecko) Chrome/92.0.4515.107 Safari/537.36', 'Mon, 26 Jul 2021 22:26:07 +0530'),
(24, 'sdds', 'dsds', '167ab659-589c-4ee7-91c2-317f51421c4a', '021c5576-453a-43e2-953f-d2de61f58cec', '18ce087f-f7e9-44ff-911e-e23f0de8375f ', 'sdds', '::1', 'Mozilla/5.0 (Linux; Android 6.0; Nexus 5 Build/MRA58N) AppleWebKit/537.36 (KHTML, like Gecko) Chrome/92.0.4515.107 Mobile Safari/537.36', 'Mon, 26 Jul 2021 22:28:23 +0530'),
(25, 'dsds', 'dss', '22269cbf-0af6-479b-b4b3-54a82ce63c6c', 'b51a95b0-8b0a-4871-9bd2-fe7e281acd0d', '7f44a0c9-1cb6-4066-83ee-eb512b4ecd5c ', 'dsds', '::1', 'Mozilla/5.0 (Windows NT 10.0; Win64; x64) AppleWebKit/537.36 (KHTML, like Gecko) Chrome/92.0.4515.107 Safari/537.36', 'Mon, 26 Jul 2021 22:36:44 +0530'),
(26, 'sdds', 'dsds', '167ab659-589c-4ee7-91c2-317f51421c4a', '5cf8afe9-0f86-446e-a7fa-0568d9209545', '18ce087f-f7e9-44ff-911e-e23f0de8375f ', 'dsds', '::1', 'Mozilla/5.0 (Windows NT 10.0; Win64; x64) AppleWebKit/537.36 (KHTML, like Gecko) Chrome/92.0.4515.107 Safari/537.36', 'Mon, 02 Aug 2021 17:17:25 +0530'),
(27, 'this ', 'is', '167ab659-589c-4ee7-91c2-317f51421c4a', '3282e0d8-0813-4eda-83bc-98266ef0032b', '18ce087f-f7e9-44ff-911e-e23f0de8375f ', 'my reply', '::1', 'Mozilla/5.0 (Windows NT 10.0; Win64; x64) AppleWebKit/537.36 (KHTML, like Gecko) Chrome/92.0.4515.107 Safari/537.36', 'Mon, 02 Aug 2021 17:17:44 +0530');

-- --------------------------------------------------------

--
-- Table structure for table `title_name`
--

CREATE TABLE `title_name` (
  `id` int(11) NOT NULL,
  `title` varchar(255) NOT NULL,
  `description` longtext NOT NULL,
  `from_ip` varchar(255) NOT NULL,
  `from_browser` varchar(255) NOT NULL,
  `time` varchar(255) NOT NULL
) ENGINE=InnoDB DEFAULT CHARSET=utf8mb4;

--
-- Dumping data for table `title_name`
--

INSERT INTO `title_name` (`id`, `title`, `description`, `from_ip`, `from_browser`, `time`) VALUES
(1, 'Hrushi_writes mine', 'Lorem Ipsum has been the industry\'s standard dummy text ever since the 1500s, when an unknown printer took a galley of type and scrambled it to make a type specimen book. It has survived not only five centuries, but also the leap into electronic typesetting, remaining essentially unchanged. It was popularised in the 1960s with the release of Letraset sheets containing Lorem Ipsum passages and harry', ':: 1', 'Mozilla/5.0 (Windows NT 10.0; Win64; x64) AppleWebKit/537.36 (KHTML, like Gecko) Chrome/91.0.4472.106 Safari/537.36', 'Wed, 16 Jun 2021 13:04:26 +0530');

-- --------------------------------------------------------

--
-- Table structure for table `users`
--

CREATE TABLE `users` (
  `id` int(255) NOT NULL,
  `user_id` varchar(255) DEFAULT NULL,
  `name` varchar(255) DEFAULT NULL,
  `phone` varchar(255) DEFAULT NULL,
  `email` varchar(255) DEFAULT NULL,
  `password` varchar(255) DEFAULT NULL,
  `access_id` varchar(255) DEFAULT NULL,
  `from_ip` varchar(255) DEFAULT NULL,
  `from_browser` varchar(255) DEFAULT NULL,
  `account_status` varchar(255) DEFAULT NULL,
  `time` varchar(255) NOT NULL
) ENGINE=InnoDB DEFAULT CHARSET=latin1;

--
-- Dumping data for table `users`
--

INSERT INTO `users` (`id`, `user_id`, `name`, `phone`, `email`, `password`, `access_id`, `from_ip`, `from_browser`, `account_status`, `time`) VALUES
(1, '66f13fc3-b3f8-4d91-bb1a-34ed84451e74', 'ayush Tomar', 'yayya', 'a@b.com', 'chandan', NULL, NULL, NULL, NULL, '2021-05-04 16:47:24'),
(6, '8a0a6224-01f9-446b-a6d8-1ba81efa4103', 'aarya sharma', '9638527410', 'v@gmail.com', '3c9909afec25354d551dae21590bb26e38d53f2173b8d3dc3eee4c047e7ab1c1eb8b85103e3be7ba613b31bb5c9c36214dc9f14a42fd7a2fdb84856bca5c44c2', '2', '::1', 'Mozilla/5.0 (Windows NT 10.0; Win64; x64) AppleWebKit/537.36 (KHTML, like Gecko) Chrome/90.0.4430.93 Safari/537.36', 'active', 'Fri, 07 May 2021 11:38:25 +0530'),
(7, '2308cabf-0337-4353-a9cc-5fd81d636cb9', 'rajkumar sharma', '07894561230', 'abc@gmail.com', '3c9909afec25354d551dae21590bb26e38d53f2173b8d3dc3eee4c047e7ab1c1eb8b85103e3be7ba613b31bb5c9c36214dc9f14a42fd7a2fdb84856bca5c44c2', '2', '::1', 'Mozilla/5.0 (Windows NT 10.0; Win64; x64) AppleWebKit/537.36 (KHTML, like Gecko) Chrome/90.0.4430.93 Safari/537.36', 'active', 'Fri, 07 May 2021 12:37:20 +0530'),
(8, '7ab44ca7-1c3d-4640-97e3-f08f1b8e2422', 'aarya sharma', '0857412303', 'vishwakarmachandan336@gmail.com', '3c9909afec25354d551dae21590bb26e38d53f2173b8d3dc3eee4c047e7ab1c1eb8b85103e3be7ba613b31bb5c9c36214dc9f14a42fd7a2fdb84856bca5c44c2', '2', '::1', 'Mozilla/5.0 (Windows NT 10.0; Win64; x64) AppleWebKit/537.36 (KHTML, like Gecko) Chrome/90.0.4430.93 Safari/537.36', 'active', 'Fri, 07 May 2021 12:39:19 +0530');

-- --------------------------------------------------------

--
-- Table structure for table `user_login`
--

CREATE TABLE `user_login` (
  `user_id` int(11) NOT NULL,
  `user_uuid` varchar(255) NOT NULL,
  `name` varchar(255) NOT NULL,
  `email` varchar(255) NOT NULL,
  `phone` varchar(255) NOT NULL,
  `password` varchar(255) NOT NULL,
  `from_ip` varchar(255) NOT NULL,
  `from_browser` varchar(255) NOT NULL,
  `time` varchar(255) NOT NULL
) ENGINE=InnoDB DEFAULT CHARSET=utf8mb4;

--
-- Dumping data for table `user_login`
--

INSERT INTO `user_login` (`user_id`, `user_uuid`, `name`, `email`, `phone`, `password`, `from_ip`, `from_browser`, `time`) VALUES
(1, 'a01dc8c4-8dfa-4867-8816-5ea5fc31bee1', 'Hrushikesh Tawde', 'hdtawde@gmail.com', '8104460774', '041eb04d83935f8d670715fffabf664474c9c9bf5751625a28ae0e956f0d1c42057e85f3a21ca5c7a0e06c873b8031cf20a84f5f87bae353ca401d5736cd80d5', '::1', 'Mozilla/5.0 (Windows NT 10.0; Win64; x64) AppleWebKit/537.36 (KHTML, like Gecko) Chrome/91.0.4472.77 Safari/537.36', 'Mon, 07 Jun 2021 16:58:15 +0530');

--
-- Indexes for dumped tables
--

--
-- Indexes for table `articles`
--
ALTER TABLE `articles`
  ADD PRIMARY KEY (`id`);

--
-- Indexes for table `articles_category`
--
ALTER TABLE `articles_category`
  ADD PRIMARY KEY (`id`);

--
-- Indexes for table `article_lines`
--
ALTER TABLE `article_lines`
  ADD PRIMARY KEY (`id`);

--
-- Indexes for table `contact`
--
ALTER TABLE `contact`
  ADD PRIMARY KEY (`id`);

--
-- Indexes for table `logo`
--
ALTER TABLE `logo`
  ADD PRIMARY KEY (`id`);

--
-- Indexes for table `pre`
--
ALTER TABLE `pre`
  ADD PRIMARY KEY (`id`);

--
-- Indexes for table `preview`
--
ALTER TABLE `preview`
  ADD PRIMARY KEY (`id`);

--
-- Indexes for table `sidebar`
--
ALTER TABLE `sidebar`
  ADD PRIMARY KEY (`id`);

--
-- Indexes for table `social_media`
--
ALTER TABLE `social_media`
  ADD PRIMARY KEY (`id`);

--
-- Indexes for table `sub_comment`
--
ALTER TABLE `sub_comment`
  ADD PRIMARY KEY (`id`);

--
-- Indexes for table `title_name`
--
ALTER TABLE `title_name`
  ADD PRIMARY KEY (`id`);

--
-- Indexes for table `users`
--
ALTER TABLE `users`
  ADD PRIMARY KEY (`id`);

--
-- Indexes for table `user_login`
--
ALTER TABLE `user_login`
  ADD PRIMARY KEY (`user_id`);

--
-- AUTO_INCREMENT for dumped tables
--

--
-- AUTO_INCREMENT for table `articles`
--
ALTER TABLE `articles`
  MODIFY `id` int(11) NOT NULL AUTO_INCREMENT, AUTO_INCREMENT=51;

--
-- AUTO_INCREMENT for table `articles_category`
--
ALTER TABLE `articles_category`
  MODIFY `id` int(11) NOT NULL AUTO_INCREMENT, AUTO_INCREMENT=19;

--
-- AUTO_INCREMENT for table `article_lines`
--
ALTER TABLE `article_lines`
  MODIFY `id` int(11) NOT NULL AUTO_INCREMENT, AUTO_INCREMENT=377;

--
-- AUTO_INCREMENT for table `contact`
--
ALTER TABLE `contact`
  MODIFY `id` int(11) NOT NULL AUTO_INCREMENT, AUTO_INCREMENT=2;

--
-- AUTO_INCREMENT for table `logo`
--
ALTER TABLE `logo`
  MODIFY `id` int(11) NOT NULL AUTO_INCREMENT, AUTO_INCREMENT=2;

--
-- AUTO_INCREMENT for table `pre`
--
ALTER TABLE `pre`
  MODIFY `id` int(11) NOT NULL AUTO_INCREMENT;

--
-- AUTO_INCREMENT for table `preview`
--
ALTER TABLE `preview`
  MODIFY `id` int(11) NOT NULL AUTO_INCREMENT, AUTO_INCREMENT=36;

--
-- AUTO_INCREMENT for table `sidebar`
--
ALTER TABLE `sidebar`
  MODIFY `id` int(11) NOT NULL AUTO_INCREMENT, AUTO_INCREMENT=33;

--
-- AUTO_INCREMENT for table `social_media`
--
ALTER TABLE `social_media`
  MODIFY `id` int(11) NOT NULL AUTO_INCREMENT, AUTO_INCREMENT=9;

--
-- AUTO_INCREMENT for table `sub_comment`
--
ALTER TABLE `sub_comment`
  MODIFY `id` int(11) NOT NULL AUTO_INCREMENT, AUTO_INCREMENT=28;

--
-- AUTO_INCREMENT for table `title_name`
--
ALTER TABLE `title_name`
  MODIFY `id` int(11) NOT NULL AUTO_INCREMENT, AUTO_INCREMENT=2;

--
-- AUTO_INCREMENT for table `users`
--
ALTER TABLE `users`
  MODIFY `id` int(255) NOT NULL AUTO_INCREMENT, AUTO_INCREMENT=9;

--
-- AUTO_INCREMENT for table `user_login`
--
ALTER TABLE `user_login`
  MODIFY `user_id` int(11) NOT NULL AUTO_INCREMENT, AUTO_INCREMENT=2;
COMMIT;

/*!40101 SET CHARACTER_SET_CLIENT=@OLD_CHARACTER_SET_CLIENT */;
/*!40101 SET CHARACTER_SET_RESULTS=@OLD_CHARACTER_SET_RESULTS */;
/*!40101 SET COLLATION_CONNECTION=@OLD_COLLATION_CONNECTION */;
